{"type":"FeatureCollection","features":[{"type":"Feature","properties":{"area_desc":"新北市地區","county_name":"新北市","station_name":"五分山","station_id":"NWF","longitude":"121.782","latitude":"25.072","epicenter_distance":"152.35","back_azimuth":"112.65","seismic_intensity":"2","pga_v":"0.59","pga_ns":"2.97","pga_ew":"1.51","pga_int_scale":"3.10","pgv_v":"0.05","pgv_ns":"0.48","pgv_ew":"0.19","pgv_int_scale":"0.51","wave_image_uri":"https://scweb.cwa.gov.tw/webdata/drawTrace/outcome/2025/2025082/2-NWF.gif"},"geometry":{"type":"Point","coordinates":[121.782,25.072]}},{"type":"Feature","properties":{"area_desc":"新北市地區","county_name":"新北市","station_name":"汐止","station_id":"NXZ","longitude":"121.640","latitude":"25.077","epicenter_distance":"165.84","back_azimuth":"110.92","seismic_intensity":"2","pga_v":"1.71","pga_ns":"3.42","pga_ew":"3.85","pga_int_scale":"3.53","pgv_v":"0.04","pgv_ns":"0.11","pgv_ew":"0.16","pgv_int_scale":"0.18","wave_image_uri":"https://scweb.cwa.gov.tw/webdata/drawTrace/outcome/2025/2025082/2-NXZ.gif"},"geometry":{"type":"Point","coordinates":[121.64,25.077]}},{"type":"Feature","properties":{"area_desc":"新北市地區","county_name":"新北市","station_name":"新店","station_id":"NHDH","longitude":"121.525","latitude":"24.960","epicenter_distance":"172.92","back_azimuth":"105.51","seismic_intensity":"2","pga_v":"1.12","pga_ns":"2.60","pga_ew":"2.74","pga_int_scale":"2.58","pgv_v":"0.04","pgv_ns":"0.10","pgv_ew":"0.09","pgv_int_scale":"0.12","wave_image_uri":"https://scweb.cwa.gov.tw/webdata/drawTrace/outcome/2025/2025082/2-NHDH.gif"},"geometry":{"type":"Point","coordinates":[121.525,24.96]}},{"type":"Feature","properties":{"area_desc":"新北市地區","county_name":"新北市","station_name":"新北市","station_id":"A024","longitude":"121.475","latitude":"25.019","epicenter_distance":"179.64","back_azimuth":"107.11","seismic_intensity":"2","pga_v":"2.01","pga_ns":"1.39","pga_ew":"2.51","pga_int_scale":"2.86","pgv_v":"0.06","pgv_ns":"0.07","pgv_ew":"0.10","pgv_int_scale":"0.12","wave_image_uri":"https://scweb.cwa.gov.tw/webdata/drawTrace/outcome/2025/2025082/2-A024.gif"},"geometry":{"type":"Point","coordinates":[121.475,25.019]}},{"type":"Feature","properties":{"area_desc":"新北市地區","county_name":"新北市","station_name":"淡水","station_id":"NTS","longitude":"121.449","latitude":"25.164","epicenter_distance":"187.32","back_azimuth":"111.61","seismic_intensity":"2","pga_v":"1.05","pga_ns":"4.06","pga_ew":"2.81","pga_int_scale":"3.29","pgv_v":"0.05","pgv_ns":"0.10","pgv_ew":"0.11","pgv_int_scale":"0.13","wave_image_uri":"https://scweb.cwa.gov.tw/webdata/drawTrace/outcome/2025/2025082/2-NTS.gif"},"geometry":{"type":"Point","coordinates":[121.449,25.164]}},{"type":"Feature","properties":{"area_desc":"新北市地區","county_name":"新北市","station_name":"三貂角","station_id":"TWB1","longitude":"121.997","latitude":"25.007","epicenter_distance":"129.52","back_azimuth":"113.42","seismic_intensity":"2"},"geometry":{"type":"Point","coordinates":[121.997,25.007]}},{"type":"Feature","properties":{"area_desc":"新北市地區","county_name":"新北市","station_name":"雙溪","station_id":"TIPB","longitude":"121.826","latitude":"24.972","epicenter_distance":"144.31","back_azimuth":"109.26","seismic_intensity":"1","pga_v":"0.97","pga_ns":"0.73","pga_ew":"0.57","pga_int_scale":"0.86","pgv_v":"0.08","pgv_ns":"0.11","pgv_ew":"0.07","pgv_int_scale":"0.11","wave_image_uri":"https://scweb.cwa.gov.tw/webdata/drawTrace/outcome/2025/2025082/1-TIPB.gif"},"geometry":{"type":"Point","coordinates":[121.826,24.972]}},{"type":"Feature","properties":{"area_desc":"新北市地區","county_name":"新北市","station_name":"烏來","station_id":"A124","longitude":"121.553","latitude":"24.864","epicenter_distance":"167.65","back_azimuth":"102.26","seismic_intensity":"1","pga_v":"1.01","pga_ns":"2.30","pga_ew":"1.61","pga_int_scale":"1.67","pgv_v":"0.03","pgv_ns":"0.04","pgv_ew":"0.04","pgv_int_scale":"0.04","wave_image_uri":"https://scweb.cwa.gov.tw/webdata/drawTrace/outcome/2025/2025082/1-A124.gif"},"geometry":{"type":"Point","coordinates":[121.553,24.864]}},{"type":"Feature","properties":{"area_desc":"新北市地區","county_name":"新北市","station_name":"萬里","station_id":"NWR","longitude":"121.661","latitude":"25.202","epicenter_distance":"169.39","back_azimuth":"115.59","seismic_intensity":"1","pga_v":"0.34","pga_ns":"1.05","pga_ew":"0.70","pga_int_scale":"1.01","pgv_v":"0.02","pgv_ns":"0.04","pgv_ew":"0.04","pgv_int_scale":"0.04","wave_image_uri":"https://scweb.cwa.gov.tw/webdata/drawTrace/outcome/2025/2025082/1-NWR.gif"},"geometry":{"type":"Point","coordinates":[121.661,25.202]}},{"type":"Feature","properties":{"area_desc":"新北市地區","county_name":"新北市","station_name":"石門","station_id":"NSM","longitude":"121.589","latitude":"25.288","epicenter_distance":"180.10","back_azimuth":"117.33","seismic_intensity":"1","pga_v":"0.48","pga_ns":"1.13","pga_ew":"2.01","pga_int_scale":"2.10","pgv_v":"0.03","pgv_ns":"0.17","pgv_ew":"0.06","pgv_int_scale":"0.18","wave_image_uri":"https://scweb.cwa.gov.tw/webdata/drawTrace/outcome/2025/2025082/1-NSM.gif"},"geometry":{"type":"Point","coordinates":[121.589,25.288]}},{"type":"Feature","properties":{"area_desc":"新北市地區","county_name":"新北市","station_name":"三峽","station_id":"NSX","longitude":"121.374","latitude":"24.939","epicenter_distance":"187.13","back_azimuth":"103.59","seismic_intensity":"1","pga_v":"0.91","pga_ns":"2.09","pga_ew":"1.64","pga_int_scale":"1.69","pgv_v":"0.03","pgv_ns":"0.06","pgv_ew":"0.06","pgv_int_scale":"0.06","wave_image_uri":"https://scweb.cwa.gov.tw/webdata/drawTrace/outcome/2025/2025082/1-NSX.gif"},"geometry":{"type":"Point","coordinates":[121.374,24.939]}},{"type":"Feature","properties":{"area_desc":"新北市地區","county_name":"新北市","station_name":"五股","station_id":"TWS1","longitude":"121.423","latitude":"25.101","epicenter_distance":"187.36","back_azimuth":"109.32","seismic_intensity":"1","pga_v":"1.14","pga_ns":"1.52","pga_ew":"1.92","pga_int_scale":"1.43","pgv_v":"0.04","pgv_ns":"0.05","pgv_ew":"0.07","pgv_int_scale":"0.07","wave_image_uri":"https://scweb.cwa.gov.tw/webdata/drawTrace/outcome/2025/2025082/1-TWS1.gif"},"geometry":{"type":"Point","coordinates":[121.423,25.101]}},{"type":"Feature","properties":{"area_desc":"新北市地區","county_name":"新北市","station_name":"新店","station_id":"NHDH","longitude":"121.525","latitude":"24.960","epicenter_distance":"49.36","back_azimuth":"144.46","seismic_intensity":"3","pga_v":"2.85","pga_ns":"14.78","pga_ew":"16.92","pga_int_scale":"21.69","pgv_v":"0.15","pgv_ns":"1.02","pgv_ew":"1.04","pgv_int_scale":"1.26","wave_image_uri":"https://scweb.cwa.gov.tw/webdata/drawTrace/outcome/2025/2025083/3-NHDH.gif"},"geometry":{"type":"Point","coordinates":[121.525,24.96]}},{"type":"Feature","properties":{"area_desc":"新北市地區","county_name":"新北市","station_name":"五分山","station_id":"NWF","longitude":"121.782","latitude":"25.072","epicenter_distance":"52.67","back_azimuth":"177.03","seismic_intensity":"3","pga_v":"3.90","pga_ns":"18.50","pga_ew":"11.31","pga_int_scale":"18.75","pgv_v":"0.21","pgv_ns":"1.62","pgv_ew":"0.88","pgv_int_scale":"1.65","wave_image_uri":"https://scweb.cwa.gov.tw/webdata/drawTrace/outcome/2025/2025083/3-NWF.gif"},"geometry":{"type":"Point","coordinates":[121.782,25.072]}},{"type":"Feature","properties":{"area_desc":"新北市地區","county_name":"新北市","station_name":"汐止","station_id":"NXZ","longitude":"121.640","latitude":"25.077","epicenter_distance":"55.80","back_azimuth":"162.23","seismic_intensity":"3","pga_v":"8.74","pga_ns":"15.03","pga_ew":"16.57","pga_int_scale":"19.10","pgv_v":"0.31","pgv_ns":"0.61","pgv_ew":"0.78","pgv_int_scale":"0.85","wave_image_uri":"https://scweb.cwa.gov.tw/webdata/drawTrace/outcome/2025/2025083/3-NXZ.gif"},"geometry":{"type":"Point","coordinates":[121.64,25.077]}},{"type":"Feature","properties":{"area_desc":"新北市地區","county_name":"新北市","station_name":"淡水","station_id":"NTS","longitude":"121.449","latitude":"25.164","epicenter_distance":"72.64","back_azimuth":"149.98","seismic_intensity":"3","pga_v":"3.80","pga_ns":"9.01","pga_ew":"8.99","pga_int_scale":"9.98","pgv_v":"0.21","pgv_ns":"0.45","pgv_ew":"0.67","pgv_int_scale":"0.68","wave_image_uri":"https://scweb.cwa.gov.tw/webdata/drawTrace/outcome/2025/2025083/3-NTS.gif"},"geometry":{"type":"Point","coordinates":[121.449,25.164]}},{"type":"Feature","properties":{"area_desc":"新北市地區","county_name":"新北市","station_name":"烏來","station_id":"A124","longitude":"121.553","latitude":"24.864","epicenter_distance":"39.23","back_azimuth":"138.81","seismic_intensity":"2","pga_v":"3.32","pga_ns":"4.47","pga_ew":"5.94","pga_int_scale":"5.70","pgv_v":"0.11","pgv_ns":"0.14","pgv_ew":"0.22","pgv_int_scale":"0.26","wave_image_uri":"https://scweb.cwa.gov.tw/webdata/drawTrace/outcome/2025/2025083/2-A124.gif"},"geometry":{"type":"Point","coordinates":[121.553,24.864]}},{"type":"Feature","properties":{"area_desc":"新北市地區","county_name":"新北市","station_name":"雙溪","station_id":"TIPB","longitude":"121.826","latitude":"24.972","epicenter_distance":"41.56","back_azimuth":"182.32","seismic_intensity":"2","pga_v":"3.79","pga_ns":"7.41","pga_ew":"4.54","pga_int_scale":"7.32","pgv_v":"0.15","pgv_ns":"0.33","pgv_ew":"0.22","pgv_int_scale":"0.35","wave_image_uri":"https://scweb.cwa.gov.tw/webdata/drawTrace/outcome/2025/2025083/2-TIPB.gif"},"geometry":{"type":"Point","coordinates":[121.826,24.972]}},{"type":"Feature","properties":{"area_desc":"新北市地區","county_name":"新北市","station_name":"新北市","station_id":"A024","longitude":"121.475","latitude":"25.019","epicenter_distance":"57.70","back_azimuth":"144.17","seismic_intensity":"2","pga_v":"4.13","pga_ns":"5.25","pga_ew":"6.76","pga_int_scale":"7.16","pgv_v":"0.16","pgv_ns":"0.41","pgv_ew":"0.81","pgv_int_scale":"0.81","wave_image_uri":"https://scweb.cwa.gov.tw/webdata/drawTrace/outcome/2025/2025083/2-A024.gif"},"geometry":{"type":"Point","coordinates":[121.475,25.019]}},{"type":"Feature","properties":{"area_desc":"新北市地區","county_name":"新北市","station_name":"三峽","station_id":"NSX","longitude":"121.374","latitude":"24.939","epicenter_distance":"58.02","back_azimuth":"130.77","seismic_intensity":"2","pga_v":"1.75","pga_ns":"2.69","pga_ew":"2.80","pga_int_scale":"2.89","pgv_v":"0.08","pgv_ns":"0.16","pgv_ew":"0.19","pgv_int_scale":"0.19","wave_image_uri":"https://scweb.cwa.gov.tw/webdata/drawTrace/outcome/2025/2025083/2-NSX.gif"},"geometry":{"type":"Point","coordinates":[121.374,24.939]}},{"type":"Feature","properties":{"area_desc":"新北市地區","county_name":"新北市","station_name":"五股","station_id":"TWS1","longitude":"121.423","latitude":"25.101","epicenter_distance":"68.13","back_azimuth":"145.13","seismic_intensity":"2","pga_v":"3.11","pga_ns":"6.60","pga_ew":"6.38","pga_int_scale":"5.93","pgv_v":"0.16","pgv_ns":"0.30","pgv_ew":"0.32","pgv_int_scale":"0.37","wave_image_uri":"https://scweb.cwa.gov.tw/webdata/drawTrace/outcome/2025/2025083/2-TWS1.gif"},"geometry":{"type":"Point","coordinates":[121.423,25.101]}},{"type":"Feature","properties":{"area_desc":"新北市地區","county_name":"新北市","station_name":"萬里","station_id":"NWR","longitude":"121.661","latitude":"25.202","epicenter_distance":"68.73","back_azimuth":"167.42","seismic_intensity":"2","pga_v":"2.44","pga_ns":"5.51","pga_ew":"4.56","pga_int_scale":"5.43","pgv_v":"0.10","pgv_ns":"0.22","pgv_ew":"0.20","pgv_int_scale":"0.23","wave_image_uri":"https://scweb.cwa.gov.tw/webdata/drawTrace/outcome/2025/2025083/2-NWR.gif"},"geometry":{"type":"Point","coordinates":[121.661,25.202]}},{"type":"Feature","properties":{"area_desc":"新北市地區","county_name":"新北市","station_name":"石門","station_id":"NSM","longitude":"121.589","latitude":"25.288","epicenter_distance":"79.76","back_azimuth":"163.80","seismic_intensity":"2","pga_v":"2.55","pga_ns":"3.95","pga_ew":"4.39","pga_int_scale":"5.49","pgv_v":"0.10","pgv_ns":"0.16","pgv_ew":"0.18","pgv_int_scale":"0.20","wave_image_uri":"https://scweb.cwa.gov.tw/webdata/drawTrace/outcome/2025/2025083/2-NSM.gif"},"geometry":{"type":"Point","coordinates":[121.589,25.288]}},{"type":"Feature","properties":{"area_desc":"新北市地區","county_name":"新北市","station_name":"三貂角","station_id":"TWB1","longitude":"121.997","latitude":"25.007","epicenter_distance":"49.24","back_azimuth":"202.76","seismic_intensity":"2"},"geometry":{"type":"Point","coordinates":[121.997,25.007]}},{"type":"Feature","properties":{"area_desc":"新北市地區","county_name":"新北市","station_name":"烏來","station_id":"A124","longitude":"121.553","latitude":"24.864","epicenter_distance":"60.81","back_azimuth":"147.34","seismic_intensity":"1","pga_v":"1.55","pga_ns":"1.54","pga_ew":"1.59","pga_int_scale":"0.90","pgv_v":"0.02","pgv_ns":"0.02","pgv_ew":"0.02","pgv_int_scale":"0.03","wave_image_uri":"https://scweb.cwa.gov.tw/webdata/drawTrace/outcome/2025/2025085/1-A124.gif"},"geometry":{"type":"Point","coordinates":[121.553,24.864]}},{"type":"Feature","properties":{"area_desc":"新北市地區","county_name":"新北市","station_name":"新店","station_id":"NHDH","longitude":"121.525","latitude":"24.960","epicenter_distance":"71.39","back_azimuth":"150.03","seismic_intensity":"1","pga_v":"1.06","pga_ns":"0.98","pga_ew":"1.26","pga_int_scale":"1.01","pgv_v":"0.43","pgv_ns":"0.04","pgv_ew":"0.03","pgv_int_scale":"0.43","wave_image_uri":"https://scweb.cwa.gov.tw/webdata/drawTrace/outcome/2025/2025085/1-NHDH.gif"},"geometry":{"type":"Point","coordinates":[121.525,24.96]}},{"type":"Feature","properties":{"area_desc":"新北市地區","county_name":"新北市","station_name":"汐止","station_id":"NXZ","longitude":"121.640","latitude":"25.077","epicenter_distance":"78.57","back_azimuth":"162.22","seismic_intensity":"1","pga_v":"0.98","pga_ns":"1.83","pga_ew":"1.59","pga_int_scale":"1.80","pgv_v":"0.01","pgv_ns":"0.04","pgv_ew":"0.05","pgv_int_scale":"0.05","wave_image_uri":"https://scweb.cwa.gov.tw/webdata/drawTrace/outcome/2025/2025085/1-NXZ.gif"},"geometry":{"type":"Point","coordinates":[121.64,25.077]}},{"type":"Feature","properties":{"area_desc":"新北市地區","county_name":"新北市","station_name":"汐止","station_id":"NXZ","longitude":"121.640","latitude":"25.077","epicenter_distance":"78.45","back_azimuth":"165.31","seismic_intensity":"2","pga_v":"0.71","pga_ns":"2.85","pga_ew":"2.38","pga_int_scale":"3.11","pgv_v":"0.02","pgv_ns":"0.08","pgv_ew":"0.09","pgv_int_scale":"0.09","wave_image_uri":"https://scweb.cwa.gov.tw/webdata/drawTrace/outcome/2025/2025086/2-NXZ.gif"},"geometry":{"type":"Point","coordinates":[121.64,25.077]}},{"type":"Feature","properties":{"area_desc":"新北市地區","county_name":"新北市","station_name":"新店","station_id":"NHDH","longitude":"121.525","latitude":"24.960","epicenter_distance":"70.39","back_azimuth":"153.36","seismic_intensity":"1","pga_v":"0.64","pga_ns":"0.68","pga_ew":"0.79","pga_int_scale":"0.85","pgv_v":"0.01","pgv_ns":"0.02","pgv_ew":"0.04","pgv_int_scale":"0.04","wave_image_uri":"https://scweb.cwa.gov.tw/webdata/drawTrace/outcome/2025/2025086/1-NHDH.gif"},"geometry":{"type":"Point","coordinates":[121.525,24.96]}},{"type":"Feature","properties":{"area_desc":"新北市地區","county_name":"新北市","station_name":"新北市","station_id":"A024","longitude":"121.475","latitude":"25.019","epicenter_distance":"78.60","back_azimuth":"152.20","seismic_intensity":"1","pga_v":"0.71","pga_ns":"1.47","pga_ew":"1.04","pga_int_scale":"1.61","pgv_v":"0.03","pgv_ns":"0.06","pgv_ew":"0.04","pgv_int_scale":"0.06","wave_image_uri":"https://scweb.cwa.gov.tw/webdata/drawTrace/outcome/2025/2025086/1-A024.gif"},"geometry":{"type":"Point","coordinates":[121.475,25.019]}},{"type":"Feature","properties":{"area_desc":"新北市地區","county_name":"新北市","station_name":"新店","station_id":"NHDH","longitude":"121.525","latitude":"24.960","epicenter_distance":"89.12","back_azimuth":"169.66","seismic_intensity":"1","pga_v":"0.54","pga_ns":"0.95","pga_ew":"0.96","pga_int_scale":"1.00","pgv_v":"0.01","pgv_ns":"0.04","pgv_ew":"0.03","pgv_int_scale":"0.04","wave_image_uri":"https://scweb.cwa.gov.tw/webdata/drawTrace/outcome/2025/2025089/1-NHDH.gif"},"geometry":{"type":"Point","coordinates":[121.525,24.96]}},{"type":"Feature","properties":{"area_desc":"新北市地區","county_name":"新北市","station_name":"汐止","station_id":"NXZ","longitude":"121.640","latitude":"25.077","epicenter_distance":"100.74","back_azimuth":"177.54","seismic_intensity":"1","pga_v":"0.30","pga_ns":"1.02","pga_ew":"0.76","pga_int_scale":"0.92","pgv_v":"0.01","pgv_ns":"0.03","pgv_ew":"0.02","pgv_int_scale":"0.03","wave_image_uri":"https://scweb.cwa.gov.tw/webdata/drawTrace/outcome/2025/2025089/1-NXZ.gif"},"geometry":{"type":"Point","coordinates":[121.64,25.077]}},{"type":"Feature","properties":{"area_desc":"新北市地區","county_name":"新北市","station_name":"五分山","station_id":"NWF","longitude":"121.782","latitude":"25.072","epicenter_distance":"130.95","back_azimuth":"172.59","seismic_intensity":"2","pga_v":"0.56","pga_ns":"2.61","pga_ew":"1.81","pga_int_scale":"2.80","pgv_v":"0.05","pgv_ns":"0.22","pgv_ew":"0.14","pgv_int_scale":"0.23","wave_image_uri":"https://scweb.cwa.gov.tw/webdata/drawTrace/outcome/2025/2025090/2-NWF.gif"},"geometry":{"type":"Point","coordinates":[121.782,25.072]}},{"type":"Feature","properties":{"area_desc":"新北市地區","county_name":"新北市","station_name":"新店","station_id":"NHDH","longitude":"121.525","latitude":"24.960","epicenter_distance":"125.03","back_azimuth":"159.92","seismic_intensity":"1","pga_v":"0.45","pga_ns":"1.13","pga_ew":"1.77","pga_int_scale":"1.79","pgv_v":"0.05","pgv_ns":"0.08","pgv_ew":"0.10","pgv_int_scale":"0.10","wave_image_uri":"https://scweb.cwa.gov.tw/webdata/drawTrace/outcome/2025/2025090/1-NHDH.gif"},"geometry":{"type":"Point","coordinates":[121.525,24.96]}},{"type":"Feature","properties":{"area_desc":"新北市地區","county_name":"新北市","station_name":"三峽","station_id":"NSX","longitude":"121.374","latitude":"24.939","epicenter_distance":"129.04","back_azimuth":"153.18","seismic_intensity":"1","pga_v":"0.51","pga_ns":"0.84","pga_ew":"1.15","pga_int_scale":"1.14","pgv_v":"0.07","pgv_ns":"0.12","pgv_ew":"0.12","pgv_int_scale":"0.12","wave_image_uri":"https://scweb.cwa.gov.tw/webdata/drawTrace/outcome/2025/2025090/1-NSX.gif"},"geometry":{"type":"Point","coordinates":[121.374,24.939]}},{"type":"Feature","properties":{"area_desc":"新北市地區","county_name":"新北市","station_name":"新北市","station_id":"A024","longitude":"121.475","latitude":"25.019","epicenter_distance":"133.02","back_azimuth":"158.83","seismic_intensity":"1","pga_v":"0.85","pga_ns":"1.56","pga_ew":"1.24","pga_int_scale":"1.63","pgv_v":"0.08","pgv_ns":"0.15","pgv_ew":"0.14","pgv_int_scale":"0.15","wave_image_uri":"https://scweb.cwa.gov.tw/webdata/drawTrace/outcome/2025/2025090/1-A024.gif"},"geometry":{"type":"Point","coordinates":[121.475,25.019]}},{"type":"Feature","properties":{"area_desc":"新北市地區","county_name":"新北市","station_name":"汐止","station_id":"NXZ","longitude":"121.640","latitude":"25.077","epicenter_distance":"134.09","back_azimuth":"166.53","seismic_intensity":"1","pga_v":"0.56","pga_ns":"1.34","pga_ew":"1.55","pga_int_scale":"1.73","pgv_v":"0.05","pgv_ns":"0.08","pgv_ew":"0.09","pgv_int_scale":"0.10","wave_image_uri":"https://scweb.cwa.gov.tw/webdata/drawTrace/outcome/2025/2025090/1-NXZ.gif"},"geometry":{"type":"Point","coordinates":[121.64,25.077]}},{"type":"Feature","properties":{"area_desc":"新北市地區","county_name":"新北市","station_name":"淡水","station_id":"NTS","longitude":"121.449","latitude":"25.164","epicenter_distance":"149.01","back_azimuth":"160.15","seismic_intensity":"1","pga_v":"0.65","pga_ns":"0.79","pga_ew":"0.84","pga_int_scale":"0.80","pgv_v":"0.08","pgv_ns":"0.12","pgv_ew":"0.08","pgv_int_scale":"0.13","wave_image_uri":"https://scweb.cwa.gov.tw/webdata/drawTrace/outcome/2025/2025090/1-NTS.gif"},"geometry":{"type":"Point","coordinates":[121.449,25.164]}},{"type":"Feature","properties":{"area_desc":"新北市地區","county_name":"新北市","station_name":"五分山","station_id":"NWF","longitude":"121.782","latitude":"25.072","epicenter_distance":"130.83","back_azimuth":"173.15","seismic_intensity":"2","pga_v":"0.63","pga_ns":"3.06","pga_ew":"2.27","pga_int_scale":"3.34","pgv_v":"0.08","pgv_ns":"0.35","pgv_ew":"0.29","pgv_int_scale":"0.36","wave_image_uri":"https://scweb.cwa.gov.tw/webdata/drawTrace/outcome/2025/2025092/2-NWF.gif"},"geometry":{"type":"Point","coordinates":[121.782,25.072]}},{"type":"Feature","properties":{"area_desc":"新北市地區","county_name":"新北市","station_name":"新北市","station_id":"A024","longitude":"121.475","latitude":"25.019","epicenter_distance":"132.60","back_azimuth":"159.36","seismic_intensity":"2","pga_v":"1.51","pga_ns":"2.50","pga_ew":"2.11","pga_int_scale":"3.08","pgv_v":"0.14","pgv_ns":"0.28","pgv_ew":"0.34","pgv_int_scale":"0.35","wave_image_uri":"https://scweb.cwa.gov.tw/webdata/drawTrace/outcome/2025/2025092/2-A024.gif"},"geometry":{"type":"Point","coordinates":[121.475,25.019]}},{"type":"Feature","properties":{"area_desc":"新北市地區","county_name":"新北市","station_name":"烏來","station_id":"A124","longitude":"121.553","latitude":"24.864","epicenter_distance":"113.65","back_azimuth":"160.04","seismic_intensity":"1","pga_v":"0.60","pga_ns":"0.71","pga_ew":"0.83","pga_int_scale":"0.97","pgv_v":"0.08","pgv_ns":"0.09","pgv_ew":"0.09","pgv_int_scale":"0.13","wave_image_uri":"https://scweb.cwa.gov.tw/webdata/drawTrace/outcome/2025/2025092/1-A124.gif"},"geometry":{"type":"Point","coordinates":[121.553,24.864]}},{"type":"Feature","properties":{"area_desc":"新北市地區","county_name":"新北市","station_name":"雙溪","station_id":"TIPB","longitude":"121.826","latitude":"24.972","epicenter_distance":"119.36","back_azimuth":"174.62","seismic_intensity":"1","pga_v":"0.52","pga_ns":"0.84","pga_ew":"0.73","pga_int_scale":"0.95","pgv_v":"0.10","pgv_ns":"0.11","pgv_ew":"0.10","pgv_int_scale":"0.15","wave_image_uri":"https://scweb.cwa.gov.tw/webdata/drawTrace/outcome/2025/2025092/1-TIPB.gif"},"geometry":{"type":"Point","coordinates":[121.826,24.972]}},{"type":"Feature","properties":{"area_desc":"新北市地區","county_name":"新北市","station_name":"新店","station_id":"NHDH","longitude":"121.525","latitude":"24.960","epicenter_distance":"124.63","back_azimuth":"160.48","seismic_intensity":"1","pga_v":"0.62","pga_ns":"1.73","pga_ew":"1.73","pga_int_scale":"1.87","pgv_v":"0.08","pgv_ns":"0.12","pgv_ew":"0.13","pgv_int_scale":"0.15","wave_image_uri":"https://scweb.cwa.gov.tw/webdata/drawTrace/outcome/2025/2025092/1-NHDH.gif"},"geometry":{"type":"Point","coordinates":[121.525,24.96]}},{"type":"Feature","properties":{"area_desc":"新北市地區","county_name":"新北市","station_name":"三峽","station_id":"NSX","longitude":"121.374","latitude":"24.939","epicenter_distance":"128.50","back_azimuth":"153.69","seismic_intensity":"1","pga_v":"0.96","pga_ns":"1.50","pga_ew":"1.25","pga_int_scale":"1.56","pgv_v":"0.14","pgv_ns":"0.22","pgv_ew":"0.20","pgv_int_scale":"0.23","wave_image_uri":"https://scweb.cwa.gov.tw/webdata/drawTrace/outcome/2025/2025092/1-NSX.gif"},"geometry":{"type":"Point","coordinates":[121.374,24.939]}},{"type":"Feature","properties":{"area_desc":"新北市地區","county_name":"新北市","station_name":"汐止","station_id":"NXZ","longitude":"121.640","latitude":"25.077","epicenter_distance":"133.84","back_azimuth":"167.07","seismic_intensity":"1","pga_v":"0.82","pga_ns":"1.70","pga_ew":"2.10","pga_int_scale":"2.11","pgv_v":"0.12","pgv_ns":"0.18","pgv_ew":"0.22","pgv_int_scale":"0.22","wave_image_uri":"https://scweb.cwa.gov.tw/webdata/drawTrace/outcome/2025/2025092/1-NXZ.gif"},"geometry":{"type":"Point","coordinates":[121.64,25.077]}},{"type":"Feature","properties":{"area_desc":"新北市地區","county_name":"新北市","station_name":"五股","station_id":"TWS1","longitude":"121.423","latitude":"25.101","epicenter_distance":"142.97","back_azimuth":"158.70","seismic_intensity":"1","pga_v":"0.62","pga_ns":"0.82","pga_ew":"0.87","pga_int_scale":"0.95","pgv_v":"0.12","pgv_ns":"0.17","pgv_ew":"0.18","pgv_int_scale":"0.26","wave_image_uri":"https://scweb.cwa.gov.tw/webdata/drawTrace/outcome/2025/2025092/1-TWS1.gif"},"geometry":{"type":"Point","coordinates":[121.423,25.101]}},{"type":"Feature","properties":{"area_desc":"新北市地區","county_name":"新北市","station_name":"萬里","station_id":"NWR","longitude":"121.661","latitude":"25.202","epicenter_distance":"147.05","back_azimuth":"169.07","seismic_intensity":"1","pga_v":"0.45","pga_ns":"0.84","pga_ew":"0.73","pga_int_scale":"0.88","pgv_v":"0.08","pgv_ns":"0.10","pgv_ew":"0.10","pgv_int_scale":"0.11","wave_image_uri":"https://scweb.cwa.gov.tw/webdata/drawTrace/outcome/2025/2025092/1-NWR.gif"},"geometry":{"type":"Point","coordinates":[121.661,25.202]}},{"type":"Feature","properties":{"area_desc":"新北市地區","county_name":"新北市","station_name":"淡水","station_id":"NTS","longitude":"121.449","latitude":"25.164","epicenter_distance":"148.61","back_azimuth":"160.62","seismic_intensity":"1","pga_v":"0.85","pga_ns":"1.50","pga_ew":"1.37","pga_int_scale":"1.64","pgv_v":"0.16","pgv_ns":"0.31","pgv_ew":"0.27","pgv_int_scale":"0.32","wave_image_uri":"https://scweb.cwa.gov.tw/webdata/drawTrace/outcome/2025/2025092/1-NTS.gif"},"geometry":{"type":"Point","coordinates":[121.449,25.164]}},{"type":"Feature","properties":{"area_desc":"新北市地區","county_name":"新北市","station_name":"汐止","station_id":"NXZ","longitude":"121.640","latitude":"25.077","epicenter_distance":"86.94","back_azimuth":"165.07","seismic_intensity":"1","pga_v":"0.56","pga_ns":"1.08","pga_ew":"1.26","pga_int_scale":"1.24","pgv_v":"0.01","pgv_ns":"0.03","pgv_ew":"0.03","pgv_int_scale":"0.03","wave_image_uri":"https://scweb.cwa.gov.tw/webdata/drawTrace/outcome/2025/2025096/1-NXZ.gif"},"geometry":{"type":"Point","coordinates":[121.64,25.077]}},{"type":"Feature","properties":{"area_desc":"新北市地區","county_name":"新北市","station_name":"五分山","station_id":"NWF","longitude":"121.782","latitude":"25.072","epicenter_distance":"152.35","back_azimuth":"112.65","seismic_intensity":"2","pga_v":"0.59","pga_ns":"2.97","pga_ew":"1.51","pga_int_scale":"3.10","pgv_v":"0.05","pgv_ns":"0.48","pgv_ew":"0.19","pgv_int_scale":"0.51","wave_image_uri":"https://scweb.cwa.gov.tw/webdata/drawTrace/outcome/2025/2025082/2-NWF.gif"},"geometry":{"type":"Point","coordinates":[121.782,25.072]}},{"type":"Feature","properties":{"area_desc":"新北市地區","county_name":"新北市","station_name":"汐止","station_id":"NXZ","longitude":"121.640","latitude":"25.077","epicenter_distance":"165.84","back_azimuth":"110.92","seismic_intensity":"2","pga_v":"1.71","pga_ns":"3.42","pga_ew":"3.85","pga_int_scale":"3.53","pgv_v":"0.04","pgv_ns":"0.11","pgv_ew":"0.16","pgv_int_scale":"0.18","wave_image_uri":"https://scweb.cwa.gov.tw/webdata/drawTrace/outcome/2025/2025082/2-NXZ.gif"},"geometry":{"type":"Point","coordinates":[121.64,25.077]}},{"type":"Feature","properties":{"area_desc":"新北市地區","county_name":"新北市","station_name":"新店","station_id":"NHDH","longitude":"121.525","latitude":"24.960","epicenter_distance":"172.92","back_azimuth":"105.51","seismic_intensity":"2","pga_v":"1.12","pga_ns":"2.60","pga_ew":"2.74","pga_int_scale":"2.58","pgv_v":"0.04","pgv_ns":"0.10","pgv_ew":"0.09","pgv_int_scale":"0.12","wave_image_uri":"https://scweb.cwa.gov.tw/webdata/drawTrace/outcome/2025/2025082/2-NHDH.gif"},"geometry":{"type":"Point","coordinates":[121.525,24.96]}},{"type":"Feature","properties":{"area_desc":"新北市地區","county_name":"新北市","station_name":"新北市","station_id":"A024","longitude":"121.475","latitude":"25.019","epicenter_distance":"179.64","back_azimuth":"107.11","seismic_intensity":"2","pga_v":"2.01","pga_ns":"1.39","pga_ew":"2.51","pga_int_scale":"2.86","pgv_v":"0.06","pgv_ns":"0.07","pgv_ew":"0.10","pgv_int_scale":"0.12","wave_image_uri":"https://scweb.cwa.gov.tw/webdata/drawTrace/outcome/2025/2025082/2-A024.gif"},"geometry":{"type":"Point","coordinates":[121.475,25.019]}},{"type":"Feature","properties":{"area_desc":"新北市地區","county_name":"新北市","station_name":"淡水","station_id":"NTS","longitude":"121.449","latitude":"25.164","epicenter_distance":"187.32","back_azimuth":"111.61","seismic_intensity":"2","pga_v":"1.05","pga_ns":"4.06","pga_ew":"2.81","pga_int_scale":"3.29","pgv_v":"0.05","pgv_ns":"0.10","pgv_ew":"0.11","pgv_int_scale":"0.13","wave_image_uri":"https://scweb.cwa.gov.tw/webdata/drawTrace/outcome/2025/2025082/2-NTS.gif"},"geometry":{"type":"Point","coordinates":[121.449,25.164]}},{"type":"Feature","properties":{"area_desc":"新北市地區","county_name":"新北市","station_name":"三貂角","station_id":"TWB1","longitude":"121.997","latitude":"25.007","epicenter_distance":"129.52","back_azimuth":"113.42","seismic_intensity":"2"},"geometry":{"type":"Point","coordinates":[121.997,25.007]}},{"type":"Feature","properties":{"area_desc":"新北市地區","county_name":"新北市","station_name":"雙溪","station_id":"TIPB","longitude":"121.826","latitude":"24.972","epicenter_distance":"144.31","back_azimuth":"109.26","seismic_intensity":"1","pga_v":"0.97","pga_ns":"0.73","pga_ew":"0.57","pga_int_scale":"0.86","pgv_v":"0.08","pgv_ns":"0.11","pgv_ew":"0.07","pgv_int_scale":"0.11","wave_image_uri":"https://scweb.cwa.gov.tw/webdata/drawTrace/outcome/2025/2025082/1-TIPB.gif"},"geometry":{"type":"Point","coordinates":[121.826,24.972]}},{"type":"Feature","properties":{"area_desc":"新北市地區","county_name":"新北市","station_name":"烏來","station_id":"A124","longitude":"121.553","latitude":"24.864","epicenter_distance":"167.65","back_azimuth":"102.26","seismic_intensity":"1","pga_v":"1.01","pga_ns":"2.30","pga_ew":"1.61","pga_int_scale":"1.67","pgv_v":"0.03","pgv_ns":"0.04","pgv_ew":"0.04","pgv_int_scale":"0.04","wave_image_uri":"https://scweb.cwa.gov.tw/webdata/drawTrace/outcome/2025/2025082/1-A124.gif"},"geometry":{"type":"Point","coordinates":[121.553,24.864]}},{"type":"Feature","properties":{"area_desc":"新北市地區","county_name":"新北市","station_name":"萬里","station_id":"NWR","longitude":"121.661","latitude":"25.202","epicenter_distance":"169.39","back_azimuth":"115.59","seismic_intensity":"1","pga_v":"0.34","pga_ns":"1.05","pga_ew":"0.70","pga_int_scale":"1.01","pgv_v":"0.02","pgv_ns":"0.04","pgv_ew":"0.04","pgv_int_scale":"0.04","wave_image_uri":"https://scweb.cwa.gov.tw/webdata/drawTrace/outcome/2025/2025082/1-NWR.gif"},"geometry":{"type":"Point","coordinates":[121.661,25.202]}},{"type":"Feature","properties":{"area_desc":"新北市地區","county_name":"新北市","station_name":"石門","station_id":"NSM","longitude":"121.589","latitude":"25.288","epicenter_distance":"180.10","back_azimuth":"117.33","seismic_intensity":"1","pga_v":"0.48","pga_ns":"1.13","pga_ew":"2.01","pga_int_scale":"2.10","pgv_v":"0.03","pgv_ns":"0.17","pgv_ew":"0.06","pgv_int_scale":"0.18","wave_image_uri":"https://scweb.cwa.gov.tw/webdata/drawTrace/outcome/2025/2025082/1-NSM.gif"},"geometry":{"type":"Point","coordinates":[121.589,25.288]}},{"type":"Feature","properties":{"area_desc":"新北市地區","county_name":"新北市","station_name":"三峽","station_id":"NSX","longitude":"121.374","latitude":"24.939","epicenter_distance":"187.13","back_azimuth":"103.59","seismic_intensity":"1","pga_v":"0.91","pga_ns":"2.09","pga_ew":"1.64","pga_int_scale":"1.69","pgv_v":"0.03","pgv_ns":"0.06","pgv_ew":"0.06","pgv_int_scale":"0.06","wave_image_uri":"https://scweb.cwa.gov.tw/webdata/drawTrace/outcome/2025/2025082/1-NSX.gif"},"geometry":{"type":"Point","coordinates":[121.374,24.939]}},{"type":"Feature","properties":{"area_desc":"新北市地區","county_name":"新北市","station_name":"五股","station_id":"TWS1","longitude":"121.423","latitude":"25.101","epicenter_distance":"187.36","back_azimuth":"109.32","seismic_intensity":"1","pga_v":"1.14","pga_ns":"1.52","pga_ew":"1.92","pga_int_scale":"1.43","pgv_v":"0.04","pgv_ns":"0.05","pgv_ew":"0.07","pgv_int_scale":"0.07","wave_image_uri":"https://scweb.cwa.gov.tw/webdata/drawTrace/outcome/2025/2025082/1-TWS1.gif"},"geometry":{"type":"Point","coordinates":[121.423,25.101]}},{"type":"Feature","properties":{"area_desc":"新北市地區","county_name":"新北市","station_name":"新店","station_id":"NHDH","longitude":"121.525","latitude":"24.960","epicenter_distance":"49.36","back_azimuth":"144.46","seismic_intensity":"3","pga_v":"2.85","pga_ns":"14.78","pga_ew":"16.92","pga_int_scale":"21.69","pgv_v":"0.15","pgv_ns":"1.02","pgv_ew":"1.04","pgv_int_scale":"1.26","wave_image_uri":"https://scweb.cwa.gov.tw/webdata/drawTrace/outcome/2025/2025083/3-NHDH.gif"},"geometry":{"type":"Point","coordinates":[121.525,24.96]}},{"type":"Feature","properties":{"area_desc":"新北市地區","county_name":"新北市","station_name":"五分山","station_id":"NWF","longitude":"121.782","latitude":"25.072","epicenter_distance":"52.67","back_azimuth":"177.03","seismic_intensity":"3","pga_v":"3.90","pga_ns":"18.50","pga_ew":"11.31","pga_int_scale":"18.75","pgv_v":"0.21","pgv_ns":"1.62","pgv_ew":"0.88","pgv_int_scale":"1.65","wave_image_uri":"https://scweb.cwa.gov.tw/webdata/drawTrace/outcome/2025/2025083/3-NWF.gif"},"geometry":{"type":"Point","coordinates":[121.782,25.072]}},{"type":"Feature","properties":{"area_desc":"新北市地區","county_name":"新北市","station_name":"汐止","station_id":"NXZ","longitude":"121.640","latitude":"25.077","epicenter_distance":"55.80","back_azimuth":"162.23","seismic_intensity":"3","pga_v":"8.74","pga_ns":"15.03","pga_ew":"16.57","pga_int_scale":"19.10","pgv_v":"0.31","pgv_ns":"0.61","pgv_ew":"0.78","pgv_int_scale":"0.85","wave_image_uri":"https://scweb.cwa.gov.tw/webdata/drawTrace/outcome/2025/2025083/3-NXZ.gif"},"geometry":{"type":"Point","coordinates":[121.64,25.077]}},{"type":"Feature","properties":{"area_desc":"新北市地區","county_name":"新北市","station_name":"淡水","station_id":"NTS","longitude":"121.449","latitude":"25.164","epicenter_distance":"72.64","back_azimuth":"149.98","seismic_intensity":"3","pga_v":"3.80","pga_ns":"9.01","pga_ew":"8.99","pga_int_scale":"9.98","pgv_v":"0.21","pgv_ns":"0.45","pgv_ew":"0.67","pgv_int_scale":"0.68","wave_image_uri":"https://scweb.cwa.gov.tw/webdata/drawTrace/outcome/2025/2025083/3-NTS.gif"},"geometry":{"type":"Point","coordinates":[121.449,25.164]}},{"type":"Feature","properties":{"area_desc":"新北市地區","county_name":"新北市","station_name":"烏來","station_id":"A124","longitude":"121.553","latitude":"24.864","epicenter_distance":"39.23","back_azimuth":"138.81","seismic_intensity":"2","pga_v":"3.32","pga_ns":"4.47","pga_ew":"5.94","pga_int_scale":"5.70","pgv_v":"0.11","pgv_ns":"0.14","pgv_ew":"0.22","pgv_int_scale":"0.26","wave_image_uri":"https://scweb.cwa.gov.tw/webdata/drawTrace/outcome/2025/2025083/2-A124.gif"},"geometry":{"type":"Point","coordinates":[121.553,24.864]}},{"type":"Feature","properties":{"area_desc":"新北市地區","county_name":"新北市","station_name":"雙溪","station_id":"TIPB","longitude":"121.826","latitude":"24.972","epicenter_distance":"41.56","back_azimuth":"182.32","seismic_intensity":"2","pga_v":"3.79","pga_ns":"7.41","pga_ew":"4.54","pga_int_scale":"7.32","pgv_v":"0.15","pgv_ns":"0.33","pgv_ew":"0.22","pgv_int_scale":"0.35","wave_image_uri":"https://scweb.cwa.gov.tw/webdata/drawTrace/outcome/2025/2025083/2-TIPB.gif"},"geometry":{"type":"Point","coordinates":[121.826,24.972]}},{"type":"Feature","properties":{"area_desc":"新北市地區","county_name":"新北市","station_name":"新北市","station_id":"A024","longitude":"121.475","latitude":"25.019","epicenter_distance":"57.70","back_azimuth":"144.17","seismic_intensity":"2","pga_v":"4.13","pga_ns":"5.25","pga_ew":"6.76","pga_int_scale":"7.16","pgv_v":"0.16","pgv_ns":"0.41","pgv_ew":"0.81","pgv_int_scale":"0.81","wave_image_uri":"https://scweb.cwa.gov.tw/webdata/drawTrace/outcome/2025/2025083/2-A024.gif"},"geometry":{"type":"Point","coordinates":[121.475,25.019]}},{"type":"Feature","properties":{"area_desc":"新北市地區","county_name":"新北市","station_name":"三峽","station_id":"NSX","longitude":"121.374","latitude":"24.939","epicenter_distance":"58.02","back_azimuth":"130.77","seismic_intensity":"2","pga_v":"1.75","pga_ns":"2.69","pga_ew":"2.80","pga_int_scale":"2.89","pgv_v":"0.08","pgv_ns":"0.16","pgv_ew":"0.19","pgv_int_scale":"0.19","wave_image_uri":"https://scweb.cwa.gov.tw/webdata/drawTrace/outcome/2025/2025083/2-NSX.gif"},"geometry":{"type":"Point","coordinates":[121.374,24.939]}},{"type":"Feature","properties":{"area_desc":"新北市地區","county_name":"新北市","station_name":"五股","station_id":"TWS1","longitude":"121.423","latitude":"25.101","epicenter_distance":"68.13","back_azimuth":"145.13","seismic_intensity":"2","pga_v":"3.11","pga_ns":"6.60","pga_ew":"6.38","pga_int_scale":"5.93","pgv_v":"0.16","pgv_ns":"0.30","pgv_ew":"0.32","pgv_int_scale":"0.37","wave_image_uri":"https://scweb.cwa.gov.tw/webdata/drawTrace/outcome/2025/2025083/2-TWS1.gif"},"geometry":{"type":"Point","coordinates":[121.423,25.101]}},{"type":"Feature","properties":{"area_desc":"新北市地區","county_name":"新北市","station_name":"萬里","station_id":"NWR","longitude":"121.661","latitude":"25.202","epicenter_distance":"68.73","back_azimuth":"167.42","seismic_intensity":"2","pga_v":"2.44","pga_ns":"5.51","pga_ew":"4.56","pga_int_scale":"5.43","pgv_v":"0.10","pgv_ns":"0.22","pgv_ew":"0.20","pgv_int_scale":"0.23","wave_image_uri":"https://scweb.cwa.gov.tw/webdata/drawTrace/outcome/2025/2025083/2-NWR.gif"},"geometry":{"type":"Point","coordinates":[121.661,25.202]}},{"type":"Feature","properties":{"area_desc":"新北市地區","county_name":"新北市","station_name":"石門","station_id":"NSM","longitude":"121.589","latitude":"25.288","epicenter_distance":"79.76","back_azimuth":"163.80","seismic_intensity":"2","pga_v":"2.55","pga_ns":"3.95","pga_ew":"4.39","pga_int_scale":"5.49","pgv_v":"0.10","pgv_ns":"0.16","pgv_ew":"0.18","pgv_int_scale":"0.20","wave_image_uri":"https://scweb.cwa.gov.tw/webdata/drawTrace/outcome/2025/2025083/2-NSM.gif"},"geometry":{"type":"Point","coordinates":[121.589,25.288]}},{"type":"Feature","properties":{"area_desc":"新北市地區","county_name":"新北市","station_name":"三貂角","station_id":"TWB1","longitude":"121.997","latitude":"25.007","epicenter_distance":"49.24","back_azimuth":"202.76","seismic_intensity":"2"},"geometry":{"type":"Point","coordinates":[121.997,25.007]}},{"type":"Feature","properties":{"area_desc":"新北市地區","county_name":"新北市","station_name":"烏來","station_id":"A124","longitude":"121.553","latitude":"24.864","epicenter_distance":"60.81","back_azimuth":"147.34","seismic_intensity":"1","pga_v":"1.55","pga_ns":"1.54","pga_ew":"1.59","pga_int_scale":"0.90","pgv_v":"0.02","pgv_ns":"0.02","pgv_ew":"0.02","pgv_int_scale":"0.03","wave_image_uri":"https://scweb.cwa.gov.tw/webdata/drawTrace/outcome/2025/2025085/1-A124.gif"},"geometry":{"type":"Point","coordinates":[121.553,24.864]}},{"type":"Feature","properties":{"area_desc":"新北市地區","county_name":"新北市","station_name":"新店","station_id":"NHDH","longitude":"121.525","latitude":"24.960","epicenter_distance":"71.39","back_azimuth":"150.03","seismic_intensity":"1","pga_v":"1.06","pga_ns":"0.98","pga_ew":"1.26","pga_int_scale":"1.01","pgv_v":"0.43","pgv_ns":"0.04","pgv_ew":"0.03","pgv_int_scale":"0.43","wave_image_uri":"https://scweb.cwa.gov.tw/webdata/drawTrace/outcome/2025/2025085/1-NHDH.gif"},"geometry":{"type":"Point","coordinates":[121.525,24.96]}},{"type":"Feature","properties":{"area_desc":"新北市地區","county_name":"新北市","station_name":"汐止","station_id":"NXZ","longitude":"121.640","latitude":"25.077","epicenter_distance":"78.57","back_azimuth":"162.22","seismic_intensity":"1","pga_v":"0.98","pga_ns":"1.83","pga_ew":"1.59","pga_int_scale":"1.80","pgv_v":"0.01","pgv_ns":"0.04","pgv_ew":"0.05","pgv_int_scale":"0.05","wave_image_uri":"https://scweb.cwa.gov.tw/webdata/drawTrace/outcome/2025/2025085/1-NXZ.gif"},"geometry":{"type":"Point","coordinates":[121.64,25.077]}},{"type":"Feature","properties":{"area_desc":"新北市地區","county_name":"新北市","station_name":"汐止","station_id":"NXZ","longitude":"121.640","latitude":"25.077","epicenter_distance":"78.45","back_azimuth":"165.31","seismic_intensity":"2","pga_v":"0.71","pga_ns":"2.85","pga_ew":"2.38","pga_int_scale":"3.11","pgv_v":"0.02","pgv_ns":"0.08","pgv_ew":"0.09","pgv_int_scale":"0.09","wave_image_uri":"https://scweb.cwa.gov.tw/webdata/drawTrace/outcome/2025/2025086/2-NXZ.gif"},"geometry":{"type":"Point","coordinates":[121.64,25.077]}},{"type":"Feature","properties":{"area_desc":"新北市地區","county_name":"新北市","station_name":"新店","station_id":"NHDH","longitude":"121.525","latitude":"24.960","epicenter_distance":"70.39","back_azimuth":"153.36","seismic_intensity":"1","pga_v":"0.64","pga_ns":"0.68","pga_ew":"0.79","pga_int_scale":"0.85","pgv_v":"0.01","pgv_ns":"0.02","pgv_ew":"0.04","pgv_int_scale":"0.04","wave_image_uri":"https://scweb.cwa.gov.tw/webdata/drawTrace/outcome/2025/2025086/1-NHDH.gif"},"geometry":{"type":"Point","coordinates":[121.525,24.96]}},{"type":"Feature","properties":{"area_desc":"新北市地區","county_name":"新北市","station_name":"新北市","station_id":"A024","longitude":"121.475","latitude":"25.019","epicenter_distance":"78.60","back_azimuth":"152.20","seismic_intensity":"1","pga_v":"0.71","pga_ns":"1.47","pga_ew":"1.04","pga_int_scale":"1.61","pgv_v":"0.03","pgv_ns":"0.06","pgv_ew":"0.04","pgv_int_scale":"0.06","wave_image_uri":"https://scweb.cwa.gov.tw/webdata/drawTrace/outcome/2025/2025086/1-A024.gif"},"geometry":{"type":"Point","coordinates":[121.475,25.019]}},{"type":"Feature","properties":{"area_desc":"新北市地區","county_name":"新北市","station_name":"新店","station_id":"NHDH","longitude":"121.525","latitude":"24.960","epicenter_distance":"89.12","back_azimuth":"169.66","seismic_intensity":"1","pga_v":"0.54","pga_ns":"0.95","pga_ew":"0.96","pga_int_scale":"1.00","pgv_v":"0.01","pgv_ns":"0.04","pgv_ew":"0.03","pgv_int_scale":"0.04","wave_image_uri":"https://scweb.cwa.gov.tw/webdata/drawTrace/outcome/2025/2025089/1-NHDH.gif"},"geometry":{"type":"Point","coordinates":[121.525,24.96]}},{"type":"Feature","properties":{"area_desc":"新北市地區","county_name":"新北市","station_name":"汐止","station_id":"NXZ","longitude":"121.640","latitude":"25.077","epicenter_distance":"100.74","back_azimuth":"177.54","seismic_intensity":"1","pga_v":"0.30","pga_ns":"1.02","pga_ew":"0.76","pga_int_scale":"0.92","pgv_v":"0.01","pgv_ns":"0.03","pgv_ew":"0.02","pgv_int_scale":"0.03","wave_image_uri":"https://scweb.cwa.gov.tw/webdata/drawTrace/outcome/2025/2025089/1-NXZ.gif"},"geometry":{"type":"Point","coordinates":[121.64,25.077]}},{"type":"Feature","properties":{"area_desc":"新北市地區","county_name":"新北市","station_name":"五分山","station_id":"NWF","longitude":"121.782","latitude":"25.072","epicenter_distance":"130.95","back_azimuth":"172.59","seismic_intensity":"2","pga_v":"0.56","pga_ns":"2.61","pga_ew":"1.81","pga_int_scale":"2.80","pgv_v":"0.05","pgv_ns":"0.22","pgv_ew":"0.14","pgv_int_scale":"0.23","wave_image_uri":"https://scweb.cwa.gov.tw/webdata/drawTrace/outcome/2025/2025090/2-NWF.gif"},"geometry":{"type":"Point","coordinates":[121.782,25.072]}},{"type":"Feature","properties":{"area_desc":"新北市地區","county_name":"新北市","station_name":"新店","station_id":"NHDH","longitude":"121.525","latitude":"24.960","epicenter_distance":"125.03","back_azimuth":"159.92","seismic_intensity":"1","pga_v":"0.45","pga_ns":"1.13","pga_ew":"1.77","pga_int_scale":"1.79","pgv_v":"0.05","pgv_ns":"0.08","pgv_ew":"0.10","pgv_int_scale":"0.10","wave_image_uri":"https://scweb.cwa.gov.tw/webdata/drawTrace/outcome/2025/2025090/1-NHDH.gif"},"geometry":{"type":"Point","coordinates":[121.525,24.96]}},{"type":"Feature","properties":{"area_desc":"新北市地區","county_name":"新北市","station_name":"三峽","station_id":"NSX","longitude":"121.374","latitude":"24.939","epicenter_distance":"129.04","back_azimuth":"153.18","seismic_intensity":"1","pga_v":"0.51","pga_ns":"0.84","pga_ew":"1.15","pga_int_scale":"1.14","pgv_v":"0.07","pgv_ns":"0.12","pgv_ew":"0.12","pgv_int_scale":"0.12","wave_image_uri":"https://scweb.cwa.gov.tw/webdata/drawTrace/outcome/2025/2025090/1-NSX.gif"},"geometry":{"type":"Point","coordinates":[121.374,24.939]}},{"type":"Feature","properties":{"area_desc":"新北市地區","county_name":"新北市","station_name":"新北市","station_id":"A024","longitude":"121.475","latitude":"25.019","epicenter_distance":"133.02","back_azimuth":"158.83","seismic_intensity":"1","pga_v":"0.85","pga_ns":"1.56","pga_ew":"1.24","pga_int_scale":"1.63","pgv_v":"0.08","pgv_ns":"0.15","pgv_ew":"0.14","pgv_int_scale":"0.15","wave_image_uri":"https://scweb.cwa.gov.tw/webdata/drawTrace/outcome/2025/2025090/1-A024.gif"},"geometry":{"type":"Point","coordinates":[121.475,25.019]}},{"type":"Feature","properties":{"area_desc":"新北市地區","county_name":"新北市","station_name":"汐止","station_id":"NXZ","longitude":"121.640","latitude":"25.077","epicenter_distance":"134.09","back_azimuth":"166.53","seismic_intensity":"1","pga_v":"0.56","pga_ns":"1.34","pga_ew":"1.55","pga_int_scale":"1.73","pgv_v":"0.05","pgv_ns":"0.08","pgv_ew":"0.09","pgv_int_scale":"0.10","wave_image_uri":"https://scweb.cwa.gov.tw/webdata/drawTrace/outcome/2025/2025090/1-NXZ.gif"},"geometry":{"type":"Point","coordinates":[121.64,25.077]}},{"type":"Feature","properties":{"area_desc":"新北市地區","county_name":"新北市","station_name":"淡水","station_id":"NTS","longitude":"121.449","latitude":"25.164","epicenter_distance":"149.01","back_azimuth":"160.15","seismic_intensity":"1","pga_v":"0.65","pga_ns":"0.79","pga_ew":"0.84","pga_int_scale":"0.80","pgv_v":"0.08","pgv_ns":"0.12","pgv_ew":"0.08","pgv_int_scale":"0.13","wave_image_uri":"https://scweb.cwa.gov.tw/webdata/drawTrace/outcome/2025/2025090/1-NTS.gif"},"geometry":{"type":"Point","coordinates":[121.449,25.164]}},{"type":"Feature","properties":{"area_desc":"新北市地區","county_name":"新北市","station_name":"五分山","station_id":"NWF","longitude":"121.782","latitude":"25.072","epicenter_distance":"130.83","back_azimuth":"173.15","seismic_intensity":"2","pga_v":"0.63","pga_ns":"3.06","pga_ew":"2.27","pga_int_scale":"3.34","pgv_v":"0.08","pgv_ns":"0.35","pgv_ew":"0.29","pgv_int_scale":"0.36","wave_image_uri":"https://scweb.cwa.gov.tw/webdata/drawTrace/outcome/2025/2025092/2-NWF.gif"},"geometry":{"type":"Point","coordinates":[121.782,25.072]}},{"type":"Feature","properties":{"area_desc":"新北市地區","county_name":"新北市","station_name":"新北市","station_id":"A024","longitude":"121.475","latitude":"25.019","epicenter_distance":"132.60","back_azimuth":"159.36","seismic_intensity":"2","pga_v":"1.51","pga_ns":"2.50","pga_ew":"2.11","pga_int_scale":"3.08","pgv_v":"0.14","pgv_ns":"0.28","pgv_ew":"0.34","pgv_int_scale":"0.35","wave_image_uri":"https://scweb.cwa.gov.tw/webdata/drawTrace/outcome/2025/2025092/2-A024.gif"},"geometry":{"type":"Point","coordinates":[121.475,25.019]}},{"type":"Feature","properties":{"area_desc":"新北市地區","county_name":"新北市","station_name":"烏來","station_id":"A124","longitude":"121.553","latitude":"24.864","epicenter_distance":"113.65","back_azimuth":"160.04","seismic_intensity":"1","pga_v":"0.60","pga_ns":"0.71","pga_ew":"0.83","pga_int_scale":"0.97","pgv_v":"0.08","pgv_ns":"0.09","pgv_ew":"0.09","pgv_int_scale":"0.13","wave_image_uri":"https://scweb.cwa.gov.tw/webdata/drawTrace/outcome/2025/2025092/1-A124.gif"},"geometry":{"type":"Point","coordinates":[121.553,24.864]}},{"type":"Feature","properties":{"area_desc":"新北市地區","county_name":"新北市","station_name":"雙溪","station_id":"TIPB","longitude":"121.826","latitude":"24.972","epicenter_distance":"119.36","back_azimuth":"174.62","seismic_intensity":"1","pga_v":"0.52","pga_ns":"0.84","pga_ew":"0.73","pga_int_scale":"0.95","pgv_v":"0.10","pgv_ns":"0.11","pgv_ew":"0.10","pgv_int_scale":"0.15","wave_image_uri":"https://scweb.cwa.gov.tw/webdata/drawTrace/outcome/2025/2025092/1-TIPB.gif"},"geometry":{"type":"Point","coordinates":[121.826,24.972]}},{"type":"Feature","properties":{"area_desc":"新北市地區","county_name":"新北市","station_name":"新店","station_id":"NHDH","longitude":"121.525","latitude":"24.960","epicenter_distance":"124.63","back_azimuth":"160.48","seismic_intensity":"1","pga_v":"0.62","pga_ns":"1.73","pga_ew":"1.73","pga_int_scale":"1.87","pgv_v":"0.08","pgv_ns":"0.12","pgv_ew":"0.13","pgv_int_scale":"0.15","wave_image_uri":"https://scweb.cwa.gov.tw/webdata/drawTrace/outcome/2025/2025092/1-NHDH.gif"},"geometry":{"type":"Point","coordinates":[121.525,24.96]}},{"type":"Feature","properties":{"area_desc":"新北市地區","county_name":"新北市","station_name":"三峽","station_id":"NSX","longitude":"121.374","latitude":"24.939","epicenter_distance":"128.50","back_azimuth":"153.69","seismic_intensity":"1","pga_v":"0.96","pga_ns":"1.50","pga_ew":"1.25","pga_int_scale":"1.56","pgv_v":"0.14","pgv_ns":"0.22","pgv_ew":"0.20","pgv_int_scale":"0.23","wave_image_uri":"https://scweb.cwa.gov.tw/webdata/drawTrace/outcome/2025/2025092/1-NSX.gif"},"geometry":{"type":"Point","coordinates":[121.374,24.939]}},{"type":"Feature","properties":{"area_desc":"新北市地區","county_name":"新北市","station_name":"汐止","station_id":"NXZ","longitude":"121.640","latitude":"25.077","epicenter_distance":"133.84","back_azimuth":"167.07","seismic_intensity":"1","pga_v":"0.82","pga_ns":"1.70","pga_ew":"2.10","pga_int_scale":"2.11","pgv_v":"0.12","pgv_ns":"0.18","pgv_ew":"0.22","pgv_int_scale":"0.22","wave_image_uri":"https://scweb.cwa.gov.tw/webdata/drawTrace/outcome/2025/2025092/1-NXZ.gif"},"geometry":{"type":"Point","coordinates":[121.64,25.077]}},{"type":"Feature","properties":{"area_desc":"新北市地區","county_name":"新北市","station_name":"五股","station_id":"TWS1","longitude":"121.423","latitude":"25.101","epicenter_distance":"142.97","back_azimuth":"158.70","seismic_intensity":"1","pga_v":"0.62","pga_ns":"0.82","pga_ew":"0.87","pga_int_scale":"0.95","pgv_v":"0.12","pgv_ns":"0.17","pgv_ew":"0.18","pgv_int_scale":"0.26","wave_image_uri":"https://scweb.cwa.gov.tw/webdata/drawTrace/outcome/2025/2025092/1-TWS1.gif"},"geometry":{"type":"Point","coordinates":[121.423,25.101]}},{"type":"Feature","properties":{"area_desc":"新北市地區","county_name":"新北市","station_name":"萬里","station_id":"NWR","longitude":"121.661","latitude":"25.202","epicenter_distance":"147.05","back_azimuth":"169.07","seismic_intensity":"1","pga_v":"0.45","pga_ns":"0.84","pga_ew":"0.73","pga_int_scale":"0.88","pgv_v":"0.08","pgv_ns":"0.10","pgv_ew":"0.10","pgv_int_scale":"0.11","wave_image_uri":"https://scweb.cwa.gov.tw/webdata/drawTrace/outcome/2025/2025092/1-NWR.gif"},"geometry":{"type":"Point","coordinates":[121.661,25.202]}},{"type":"Feature","properties":{"area_desc":"新北市地區","county_name":"新北市","station_name":"淡水","station_id":"NTS","longitude":"121.449","latitude":"25.164","epicenter_distance":"148.61","back_azimuth":"160.62","seismic_intensity":"1","pga_v":"0.85","pga_ns":"1.50","pga_ew":"1.37","pga_int_scale":"1.64","pgv_v":"0.16","pgv_ns":"0.31","pgv_ew":"0.27","pgv_int_scale":"0.32","wave_image_uri":"https://scweb.cwa.gov.tw/webdata/drawTrace/outcome/2025/2025092/1-NTS.gif"},"geometry":{"type":"Point","coordinates":[121.449,25.164]}},{"type":"Feature","properties":{"area_desc":"新北市地區","county_name":"新北市","station_name":"汐止","station_id":"NXZ","longitude":"121.640","latitude":"25.077","epicenter_distance":"86.94","back_azimuth":"165.07","seismic_intensity":"1","pga_v":"0.56","pga_ns":"1.08","pga_ew":"1.26","pga_int_scale":"1.24","pgv_v":"0.01","pgv_ns":"0.03","pgv_ew":"0.03","pgv_int_scale":"0.03","wave_image_uri":"https://scweb.cwa.gov.tw/webdata/drawTrace/outcome/2025/2025096/1-NXZ.gif"},"geometry":{"type":"Point","coordinates":[121.64,25.077]}},{"type":"Feature","properties":{"area_desc":"新北市地區","county_name":"新北市","station_name":"五分山","station_id":"NWF","longitude":"121.782","latitude":"25.072","epicenter_distance":"152.35","back_azimuth":"112.65","seismic_intensity":"2","pga_v":"0.59","pga_ns":"2.97","pga_ew":"1.51","pga_int_scale":"3.10","pgv_v":"0.05","pgv_ns":"0.48","pgv_ew":"0.19","pgv_int_scale":"0.51","wave_image_uri":"https://scweb.cwa.gov.tw/webdata/drawTrace/outcome/2025/2025082/2-NWF.gif"},"geometry":{"type":"Point","coordinates":[121.782,25.072]}},{"type":"Feature","properties":{"area_desc":"新北市地區","county_name":"新北市","station_name":"汐止","station_id":"NXZ","longitude":"121.640","latitude":"25.077","epicenter_distance":"165.84","back_azimuth":"110.92","seismic_intensity":"2","pga_v":"1.71","pga_ns":"3.42","pga_ew":"3.85","pga_int_scale":"3.53","pgv_v":"0.04","pgv_ns":"0.11","pgv_ew":"0.16","pgv_int_scale":"0.18","wave_image_uri":"https://scweb.cwa.gov.tw/webdata/drawTrace/outcome/2025/2025082/2-NXZ.gif"},"geometry":{"type":"Point","coordinates":[121.64,25.077]}},{"type":"Feature","properties":{"area_desc":"新北市地區","county_name":"新北市","station_name":"新店","station_id":"NHDH","longitude":"121.525","latitude":"24.960","epicenter_distance":"172.92","back_azimuth":"105.51","seismic_intensity":"2","pga_v":"1.12","pga_ns":"2.60","pga_ew":"2.74","pga_int_scale":"2.58","pgv_v":"0.04","pgv_ns":"0.10","pgv_ew":"0.09","pgv_int_scale":"0.12","wave_image_uri":"https://scweb.cwa.gov.tw/webdata/drawTrace/outcome/2025/2025082/2-NHDH.gif"},"geometry":{"type":"Point","coordinates":[121.525,24.96]}},{"type":"Feature","properties":{"area_desc":"新北市地區","county_name":"新北市","station_name":"新北市","station_id":"A024","longitude":"121.475","latitude":"25.019","epicenter_distance":"179.64","back_azimuth":"107.11","seismic_intensity":"2","pga_v":"2.01","pga_ns":"1.39","pga_ew":"2.51","pga_int_scale":"2.86","pgv_v":"0.06","pgv_ns":"0.07","pgv_ew":"0.10","pgv_int_scale":"0.12","wave_image_uri":"https://scweb.cwa.gov.tw/webdata/drawTrace/outcome/2025/2025082/2-A024.gif"},"geometry":{"type":"Point","coordinates":[121.475,25.019]}},{"type":"Feature","properties":{"area_desc":"新北市地區","county_name":"新北市","station_name":"淡水","station_id":"NTS","longitude":"121.449","latitude":"25.164","epicenter_distance":"187.32","back_azimuth":"111.61","seismic_intensity":"2","pga_v":"1.05","pga_ns":"4.06","pga_ew":"2.81","pga_int_scale":"3.29","pgv_v":"0.05","pgv_ns":"0.10","pgv_ew":"0.11","pgv_int_scale":"0.13","wave_image_uri":"https://scweb.cwa.gov.tw/webdata/drawTrace/outcome/2025/2025082/2-NTS.gif"},"geometry":{"type":"Point","coordinates":[121.449,25.164]}},{"type":"Feature","properties":{"area_desc":"新北市地區","county_name":"新北市","station_name":"三貂角","station_id":"TWB1","longitude":"121.997","latitude":"25.007","epicenter_distance":"129.52","back_azimuth":"113.42","seismic_intensity":"2"},"geometry":{"type":"Point","coordinates":[121.997,25.007]}},{"type":"Feature","properties":{"area_desc":"新北市地區","county_name":"新北市","station_name":"雙溪","station_id":"TIPB","longitude":"121.826","latitude":"24.972","epicenter_distance":"144.31","back_azimuth":"109.26","seismic_intensity":"1","pga_v":"0.97","pga_ns":"0.73","pga_ew":"0.57","pga_int_scale":"0.86","pgv_v":"0.08","pgv_ns":"0.11","pgv_ew":"0.07","pgv_int_scale":"0.11","wave_image_uri":"https://scweb.cwa.gov.tw/webdata/drawTrace/outcome/2025/2025082/1-TIPB.gif"},"geometry":{"type":"Point","coordinates":[121.826,24.972]}},{"type":"Feature","properties":{"area_desc":"新北市地區","county_name":"新北市","station_name":"烏來","station_id":"A124","longitude":"121.553","latitude":"24.864","epicenter_distance":"167.65","back_azimuth":"102.26","seismic_intensity":"1","pga_v":"1.01","pga_ns":"2.30","pga_ew":"1.61","pga_int_scale":"1.67","pgv_v":"0.03","pgv_ns":"0.04","pgv_ew":"0.04","pgv_int_scale":"0.04","wave_image_uri":"https://scweb.cwa.gov.tw/webdata/drawTrace/outcome/2025/2025082/1-A124.gif"},"geometry":{"type":"Point","coordinates":[121.553,24.864]}},{"type":"Feature","properties":{"area_desc":"新北市地區","county_name":"新北市","station_name":"萬里","station_id":"NWR","longitude":"121.661","latitude":"25.202","epicenter_distance":"169.39","back_azimuth":"115.59","seismic_intensity":"1","pga_v":"0.34","pga_ns":"1.05","pga_ew":"0.70","pga_int_scale":"1.01","pgv_v":"0.02","pgv_ns":"0.04","pgv_ew":"0.04","pgv_int_scale":"0.04","wave_image_uri":"https://scweb.cwa.gov.tw/webdata/drawTrace/outcome/2025/2025082/1-NWR.gif"},"geometry":{"type":"Point","coordinates":[121.661,25.202]}},{"type":"Feature","properties":{"area_desc":"新北市地區","county_name":"新北市","station_name":"石門","station_id":"NSM","longitude":"121.589","latitude":"25.288","epicenter_distance":"180.10","back_azimuth":"117.33","seismic_intensity":"1","pga_v":"0.48","pga_ns":"1.13","pga_ew":"2.01","pga_int_scale":"2.10","pgv_v":"0.03","pgv_ns":"0.17","pgv_ew":"0.06","pgv_int_scale":"0.18","wave_image_uri":"https://scweb.cwa.gov.tw/webdata/drawTrace/outcome/2025/2025082/1-NSM.gif"},"geometry":{"type":"Point","coordinates":[121.589,25.288]}},{"type":"Feature","properties":{"area_desc":"新北市地區","county_name":"新北市","station_name":"三峽","station_id":"NSX","longitude":"121.374","latitude":"24.939","epicenter_distance":"187.13","back_azimuth":"103.59","seismic_intensity":"1","pga_v":"0.91","pga_ns":"2.09","pga_ew":"1.64","pga_int_scale":"1.69","pgv_v":"0.03","pgv_ns":"0.06","pgv_ew":"0.06","pgv_int_scale":"0.06","wave_image_uri":"https://scweb.cwa.gov.tw/webdata/drawTrace/outcome/2025/2025082/1-NSX.gif"},"geometry":{"type":"Point","coordinates":[121.374,24.939]}},{"type":"Feature","properties":{"area_desc":"新北市地區","county_name":"新北市","station_name":"五股","station_id":"TWS1","longitude":"121.423","latitude":"25.101","epicenter_distance":"187.36","back_azimuth":"109.32","seismic_intensity":"1","pga_v":"1.14","pga_ns":"1.52","pga_ew":"1.92","pga_int_scale":"1.43","pgv_v":"0.04","pgv_ns":"0.05","pgv_ew":"0.07","pgv_int_scale":"0.07","wave_image_uri":"https://scweb.cwa.gov.tw/webdata/drawTrace/outcome/2025/2025082/1-TWS1.gif"},"geometry":{"type":"Point","coordinates":[121.423,25.101]}},{"type":"Feature","properties":{"area_desc":"新北市地區","county_name":"新北市","station_name":"新店","station_id":"NHDH","longitude":"121.525","latitude":"24.960","epicenter_distance":"49.36","back_azimuth":"144.46","seismic_intensity":"3","pga_v":"2.85","pga_ns":"14.78","pga_ew":"16.92","pga_int_scale":"21.69","pgv_v":"0.15","pgv_ns":"1.02","pgv_ew":"1.04","pgv_int_scale":"1.26","wave_image_uri":"https://scweb.cwa.gov.tw/webdata/drawTrace/outcome/2025/2025083/3-NHDH.gif"},"geometry":{"type":"Point","coordinates":[121.525,24.96]}},{"type":"Feature","properties":{"area_desc":"新北市地區","county_name":"新北市","station_name":"五分山","station_id":"NWF","longitude":"121.782","latitude":"25.072","epicenter_distance":"52.67","back_azimuth":"177.03","seismic_intensity":"3","pga_v":"3.90","pga_ns":"18.50","pga_ew":"11.31","pga_int_scale":"18.75","pgv_v":"0.21","pgv_ns":"1.62","pgv_ew":"0.88","pgv_int_scale":"1.65","wave_image_uri":"https://scweb.cwa.gov.tw/webdata/drawTrace/outcome/2025/2025083/3-NWF.gif"},"geometry":{"type":"Point","coordinates":[121.782,25.072]}},{"type":"Feature","properties":{"area_desc":"新北市地區","county_name":"新北市","station_name":"汐止","station_id":"NXZ","longitude":"121.640","latitude":"25.077","epicenter_distance":"55.80","back_azimuth":"162.23","seismic_intensity":"3","pga_v":"8.74","pga_ns":"15.03","pga_ew":"16.57","pga_int_scale":"19.10","pgv_v":"0.31","pgv_ns":"0.61","pgv_ew":"0.78","pgv_int_scale":"0.85","wave_image_uri":"https://scweb.cwa.gov.tw/webdata/drawTrace/outcome/2025/2025083/3-NXZ.gif"},"geometry":{"type":"Point","coordinates":[121.64,25.077]}},{"type":"Feature","properties":{"area_desc":"新北市地區","county_name":"新北市","station_name":"淡水","station_id":"NTS","longitude":"121.449","latitude":"25.164","epicenter_distance":"72.64","back_azimuth":"149.98","seismic_intensity":"3","pga_v":"3.80","pga_ns":"9.01","pga_ew":"8.99","pga_int_scale":"9.98","pgv_v":"0.21","pgv_ns":"0.45","pgv_ew":"0.67","pgv_int_scale":"0.68","wave_image_uri":"https://scweb.cwa.gov.tw/webdata/drawTrace/outcome/2025/2025083/3-NTS.gif"},"geometry":{"type":"Point","coordinates":[121.449,25.164]}},{"type":"Feature","properties":{"area_desc":"新北市地區","county_name":"新北市","station_name":"烏來","station_id":"A124","longitude":"121.553","latitude":"24.864","epicenter_distance":"39.23","back_azimuth":"138.81","seismic_intensity":"2","pga_v":"3.32","pga_ns":"4.47","pga_ew":"5.94","pga_int_scale":"5.70","pgv_v":"0.11","pgv_ns":"0.14","pgv_ew":"0.22","pgv_int_scale":"0.26","wave_image_uri":"https://scweb.cwa.gov.tw/webdata/drawTrace/outcome/2025/2025083/2-A124.gif"},"geometry":{"type":"Point","coordinates":[121.553,24.864]}},{"type":"Feature","properties":{"area_desc":"新北市地區","county_name":"新北市","station_name":"雙溪","station_id":"TIPB","longitude":"121.826","latitude":"24.972","epicenter_distance":"41.56","back_azimuth":"182.32","seismic_intensity":"2","pga_v":"3.79","pga_ns":"7.41","pga_ew":"4.54","pga_int_scale":"7.32","pgv_v":"0.15","pgv_ns":"0.33","pgv_ew":"0.22","pgv_int_scale":"0.35","wave_image_uri":"https://scweb.cwa.gov.tw/webdata/drawTrace/outcome/2025/2025083/2-TIPB.gif"},"geometry":{"type":"Point","coordinates":[121.826,24.972]}},{"type":"Feature","properties":{"area_desc":"新北市地區","county_name":"新北市","station_name":"新北市","station_id":"A024","longitude":"121.475","latitude":"25.019","epicenter_distance":"57.70","back_azimuth":"144.17","seismic_intensity":"2","pga_v":"4.13","pga_ns":"5.25","pga_ew":"6.76","pga_int_scale":"7.16","pgv_v":"0.16","pgv_ns":"0.41","pgv_ew":"0.81","pgv_int_scale":"0.81","wave_image_uri":"https://scweb.cwa.gov.tw/webdata/drawTrace/outcome/2025/2025083/2-A024.gif"},"geometry":{"type":"Point","coordinates":[121.475,25.019]}},{"type":"Feature","properties":{"area_desc":"新北市地區","county_name":"新北市","station_name":"三峽","station_id":"NSX","longitude":"121.374","latitude":"24.939","epicenter_distance":"58.02","back_azimuth":"130.77","seismic_intensity":"2","pga_v":"1.75","pga_ns":"2.69","pga_ew":"2.80","pga_int_scale":"2.89","pgv_v":"0.08","pgv_ns":"0.16","pgv_ew":"0.19","pgv_int_scale":"0.19","wave_image_uri":"https://scweb.cwa.gov.tw/webdata/drawTrace/outcome/2025/2025083/2-NSX.gif"},"geometry":{"type":"Point","coordinates":[121.374,24.939]}},{"type":"Feature","properties":{"area_desc":"新北市地區","county_name":"新北市","station_name":"五股","station_id":"TWS1","longitude":"121.423","latitude":"25.101","epicenter_distance":"68.13","back_azimuth":"145.13","seismic_intensity":"2","pga_v":"3.11","pga_ns":"6.60","pga_ew":"6.38","pga_int_scale":"5.93","pgv_v":"0.16","pgv_ns":"0.30","pgv_ew":"0.32","pgv_int_scale":"0.37","wave_image_uri":"https://scweb.cwa.gov.tw/webdata/drawTrace/outcome/2025/2025083/2-TWS1.gif"},"geometry":{"type":"Point","coordinates":[121.423,25.101]}},{"type":"Feature","properties":{"area_desc":"新北市地區","county_name":"新北市","station_name":"萬里","station_id":"NWR","longitude":"121.661","latitude":"25.202","epicenter_distance":"68.73","back_azimuth":"167.42","seismic_intensity":"2","pga_v":"2.44","pga_ns":"5.51","pga_ew":"4.56","pga_int_scale":"5.43","pgv_v":"0.10","pgv_ns":"0.22","pgv_ew":"0.20","pgv_int_scale":"0.23","wave_image_uri":"https://scweb.cwa.gov.tw/webdata/drawTrace/outcome/2025/2025083/2-NWR.gif"},"geometry":{"type":"Point","coordinates":[121.661,25.202]}},{"type":"Feature","properties":{"area_desc":"新北市地區","county_name":"新北市","station_name":"石門","station_id":"NSM","longitude":"121.589","latitude":"25.288","epicenter_distance":"79.76","back_azimuth":"163.80","seismic_intensity":"2","pga_v":"2.55","pga_ns":"3.95","pga_ew":"4.39","pga_int_scale":"5.49","pgv_v":"0.10","pgv_ns":"0.16","pgv_ew":"0.18","pgv_int_scale":"0.20","wave_image_uri":"https://scweb.cwa.gov.tw/webdata/drawTrace/outcome/2025/2025083/2-NSM.gif"},"geometry":{"type":"Point","coordinates":[121.589,25.288]}},{"type":"Feature","properties":{"area_desc":"新北市地區","county_name":"新北市","station_name":"三貂角","station_id":"TWB1","longitude":"121.997","latitude":"25.007","epicenter_distance":"49.24","back_azimuth":"202.76","seismic_intensity":"2"},"geometry":{"type":"Point","coordinates":[121.997,25.007]}},{"type":"Feature","properties":{"area_desc":"新北市地區","county_name":"新北市","station_name":"烏來","station_id":"A124","longitude":"121.553","latitude":"24.864","epicenter_distance":"60.81","back_azimuth":"147.34","seismic_intensity":"1","pga_v":"1.55","pga_ns":"1.54","pga_ew":"1.59","pga_int_scale":"0.90","pgv_v":"0.02","pgv_ns":"0.02","pgv_ew":"0.02","pgv_int_scale":"0.03","wave_image_uri":"https://scweb.cwa.gov.tw/webdata/drawTrace/outcome/2025/2025085/1-A124.gif"},"geometry":{"type":"Point","coordinates":[121.553,24.864]}},{"type":"Feature","properties":{"area_desc":"新北市地區","county_name":"新北市","station_name":"新店","station_id":"NHDH","longitude":"121.525","latitude":"24.960","epicenter_distance":"71.39","back_azimuth":"150.03","seismic_intensity":"1","pga_v":"1.06","pga_ns":"0.98","pga_ew":"1.26","pga_int_scale":"1.01","pgv_v":"0.43","pgv_ns":"0.04","pgv_ew":"0.03","pgv_int_scale":"0.43","wave_image_uri":"https://scweb.cwa.gov.tw/webdata/drawTrace/outcome/2025/2025085/1-NHDH.gif"},"geometry":{"type":"Point","coordinates":[121.525,24.96]}},{"type":"Feature","properties":{"area_desc":"新北市地區","county_name":"新北市","station_name":"汐止","station_id":"NXZ","longitude":"121.640","latitude":"25.077","epicenter_distance":"78.57","back_azimuth":"162.22","seismic_intensity":"1","pga_v":"0.98","pga_ns":"1.83","pga_ew":"1.59","pga_int_scale":"1.80","pgv_v":"0.01","pgv_ns":"0.04","pgv_ew":"0.05","pgv_int_scale":"0.05","wave_image_uri":"https://scweb.cwa.gov.tw/webdata/drawTrace/outcome/2025/2025085/1-NXZ.gif"},"geometry":{"type":"Point","coordinates":[121.64,25.077]}},{"type":"Feature","properties":{"area_desc":"新北市地區","county_name":"新北市","station_name":"汐止","station_id":"NXZ","longitude":"121.640","latitude":"25.077","epicenter_distance":"78.45","back_azimuth":"165.31","seismic_intensity":"2","pga_v":"0.71","pga_ns":"2.85","pga_ew":"2.38","pga_int_scale":"3.11","pgv_v":"0.02","pgv_ns":"0.08","pgv_ew":"0.09","pgv_int_scale":"0.09","wave_image_uri":"https://scweb.cwa.gov.tw/webdata/drawTrace/outcome/2025/2025086/2-NXZ.gif"},"geometry":{"type":"Point","coordinates":[121.64,25.077]}},{"type":"Feature","properties":{"area_desc":"新北市地區","county_name":"新北市","station_name":"新店","station_id":"NHDH","longitude":"121.525","latitude":"24.960","epicenter_distance":"70.39","back_azimuth":"153.36","seismic_intensity":"1","pga_v":"0.64","pga_ns":"0.68","pga_ew":"0.79","pga_int_scale":"0.85","pgv_v":"0.01","pgv_ns":"0.02","pgv_ew":"0.04","pgv_int_scale":"0.04","wave_image_uri":"https://scweb.cwa.gov.tw/webdata/drawTrace/outcome/2025/2025086/1-NHDH.gif"},"geometry":{"type":"Point","coordinates":[121.525,24.96]}},{"type":"Feature","properties":{"area_desc":"新北市地區","county_name":"新北市","station_name":"新北市","station_id":"A024","longitude":"121.475","latitude":"25.019","epicenter_distance":"78.60","back_azimuth":"152.20","seismic_intensity":"1","pga_v":"0.71","pga_ns":"1.47","pga_ew":"1.04","pga_int_scale":"1.61","pgv_v":"0.03","pgv_ns":"0.06","pgv_ew":"0.04","pgv_int_scale":"0.06","wave_image_uri":"https://scweb.cwa.gov.tw/webdata/drawTrace/outcome/2025/2025086/1-A024.gif"},"geometry":{"type":"Point","coordinates":[121.475,25.019]}},{"type":"Feature","properties":{"area_desc":"新北市地區","county_name":"新北市","station_name":"新店","station_id":"NHDH","longitude":"121.525","latitude":"24.960","epicenter_distance":"89.12","back_azimuth":"169.66","seismic_intensity":"1","pga_v":"0.54","pga_ns":"0.95","pga_ew":"0.96","pga_int_scale":"1.00","pgv_v":"0.01","pgv_ns":"0.04","pgv_ew":"0.03","pgv_int_scale":"0.04","wave_image_uri":"https://scweb.cwa.gov.tw/webdata/drawTrace/outcome/2025/2025089/1-NHDH.gif"},"geometry":{"type":"Point","coordinates":[121.525,24.96]}},{"type":"Feature","properties":{"area_desc":"新北市地區","county_name":"新北市","station_name":"汐止","station_id":"NXZ","longitude":"121.640","latitude":"25.077","epicenter_distance":"100.74","back_azimuth":"177.54","seismic_intensity":"1","pga_v":"0.30","pga_ns":"1.02","pga_ew":"0.76","pga_int_scale":"0.92","pgv_v":"0.01","pgv_ns":"0.03","pgv_ew":"0.02","pgv_int_scale":"0.03","wave_image_uri":"https://scweb.cwa.gov.tw/webdata/drawTrace/outcome/2025/2025089/1-NXZ.gif"},"geometry":{"type":"Point","coordinates":[121.64,25.077]}},{"type":"Feature","properties":{"area_desc":"新北市地區","county_name":"新北市","station_name":"五分山","station_id":"NWF","longitude":"121.782","latitude":"25.072","epicenter_distance":"130.95","back_azimuth":"172.59","seismic_intensity":"2","pga_v":"0.56","pga_ns":"2.61","pga_ew":"1.81","pga_int_scale":"2.80","pgv_v":"0.05","pgv_ns":"0.22","pgv_ew":"0.14","pgv_int_scale":"0.23","wave_image_uri":"https://scweb.cwa.gov.tw/webdata/drawTrace/outcome/2025/2025090/2-NWF.gif"},"geometry":{"type":"Point","coordinates":[121.782,25.072]}},{"type":"Feature","properties":{"area_desc":"新北市地區","county_name":"新北市","station_name":"新店","station_id":"NHDH","longitude":"121.525","latitude":"24.960","epicenter_distance":"125.03","back_azimuth":"159.92","seismic_intensity":"1","pga_v":"0.45","pga_ns":"1.13","pga_ew":"1.77","pga_int_scale":"1.79","pgv_v":"0.05","pgv_ns":"0.08","pgv_ew":"0.10","pgv_int_scale":"0.10","wave_image_uri":"https://scweb.cwa.gov.tw/webdata/drawTrace/outcome/2025/2025090/1-NHDH.gif"},"geometry":{"type":"Point","coordinates":[121.525,24.96]}},{"type":"Feature","properties":{"area_desc":"新北市地區","county_name":"新北市","station_name":"三峽","station_id":"NSX","longitude":"121.374","latitude":"24.939","epicenter_distance":"129.04","back_azimuth":"153.18","seismic_intensity":"1","pga_v":"0.51","pga_ns":"0.84","pga_ew":"1.15","pga_int_scale":"1.14","pgv_v":"0.07","pgv_ns":"0.12","pgv_ew":"0.12","pgv_int_scale":"0.12","wave_image_uri":"https://scweb.cwa.gov.tw/webdata/drawTrace/outcome/2025/2025090/1-NSX.gif"},"geometry":{"type":"Point","coordinates":[121.374,24.939]}},{"type":"Feature","properties":{"area_desc":"新北市地區","county_name":"新北市","station_name":"新北市","station_id":"A024","longitude":"121.475","latitude":"25.019","epicenter_distance":"133.02","back_azimuth":"158.83","seismic_intensity":"1","pga_v":"0.85","pga_ns":"1.56","pga_ew":"1.24","pga_int_scale":"1.63","pgv_v":"0.08","pgv_ns":"0.15","pgv_ew":"0.14","pgv_int_scale":"0.15","wave_image_uri":"https://scweb.cwa.gov.tw/webdata/drawTrace/outcome/2025/2025090/1-A024.gif"},"geometry":{"type":"Point","coordinates":[121.475,25.019]}},{"type":"Feature","properties":{"area_desc":"新北市地區","county_name":"新北市","station_name":"汐止","station_id":"NXZ","longitude":"121.640","latitude":"25.077","epicenter_distance":"134.09","back_azimuth":"166.53","seismic_intensity":"1","pga_v":"0.56","pga_ns":"1.34","pga_ew":"1.55","pga_int_scale":"1.73","pgv_v":"0.05","pgv_ns":"0.08","pgv_ew":"0.09","pgv_int_scale":"0.10","wave_image_uri":"https://scweb.cwa.gov.tw/webdata/drawTrace/outcome/2025/2025090/1-NXZ.gif"},"geometry":{"type":"Point","coordinates":[121.64,25.077]}},{"type":"Feature","properties":{"area_desc":"新北市地區","county_name":"新北市","station_name":"淡水","station_id":"NTS","longitude":"121.449","latitude":"25.164","epicenter_distance":"149.01","back_azimuth":"160.15","seismic_intensity":"1","pga_v":"0.65","pga_ns":"0.79","pga_ew":"0.84","pga_int_scale":"0.80","pgv_v":"0.08","pgv_ns":"0.12","pgv_ew":"0.08","pgv_int_scale":"0.13","wave_image_uri":"https://scweb.cwa.gov.tw/webdata/drawTrace/outcome/2025/2025090/1-NTS.gif"},"geometry":{"type":"Point","coordinates":[121.449,25.164]}},{"type":"Feature","properties":{"area_desc":"新北市地區","county_name":"新北市","station_name":"五分山","station_id":"NWF","longitude":"121.782","latitude":"25.072","epicenter_distance":"130.83","back_azimuth":"173.15","seismic_intensity":"2","pga_v":"0.63","pga_ns":"3.06","pga_ew":"2.27","pga_int_scale":"3.34","pgv_v":"0.08","pgv_ns":"0.35","pgv_ew":"0.29","pgv_int_scale":"0.36","wave_image_uri":"https://scweb.cwa.gov.tw/webdata/drawTrace/outcome/2025/2025092/2-NWF.gif"},"geometry":{"type":"Point","coordinates":[121.782,25.072]}},{"type":"Feature","properties":{"area_desc":"新北市地區","county_name":"新北市","station_name":"新北市","station_id":"A024","longitude":"121.475","latitude":"25.019","epicenter_distance":"132.60","back_azimuth":"159.36","seismic_intensity":"2","pga_v":"1.51","pga_ns":"2.50","pga_ew":"2.11","pga_int_scale":"3.08","pgv_v":"0.14","pgv_ns":"0.28","pgv_ew":"0.34","pgv_int_scale":"0.35","wave_image_uri":"https://scweb.cwa.gov.tw/webdata/drawTrace/outcome/2025/2025092/2-A024.gif"},"geometry":{"type":"Point","coordinates":[121.475,25.019]}},{"type":"Feature","properties":{"area_desc":"新北市地區","county_name":"新北市","station_name":"烏來","station_id":"A124","longitude":"121.553","latitude":"24.864","epicenter_distance":"113.65","back_azimuth":"160.04","seismic_intensity":"1","pga_v":"0.60","pga_ns":"0.71","pga_ew":"0.83","pga_int_scale":"0.97","pgv_v":"0.08","pgv_ns":"0.09","pgv_ew":"0.09","pgv_int_scale":"0.13","wave_image_uri":"https://scweb.cwa.gov.tw/webdata/drawTrace/outcome/2025/2025092/1-A124.gif"},"geometry":{"type":"Point","coordinates":[121.553,24.864]}},{"type":"Feature","properties":{"area_desc":"新北市地區","county_name":"新北市","station_name":"雙溪","station_id":"TIPB","longitude":"121.826","latitude":"24.972","epicenter_distance":"119.36","back_azimuth":"174.62","seismic_intensity":"1","pga_v":"0.52","pga_ns":"0.84","pga_ew":"0.73","pga_int_scale":"0.95","pgv_v":"0.10","pgv_ns":"0.11","pgv_ew":"0.10","pgv_int_scale":"0.15","wave_image_uri":"https://scweb.cwa.gov.tw/webdata/drawTrace/outcome/2025/2025092/1-TIPB.gif"},"geometry":{"type":"Point","coordinates":[121.826,24.972]}},{"type":"Feature","properties":{"area_desc":"新北市地區","county_name":"新北市","station_name":"新店","station_id":"NHDH","longitude":"121.525","latitude":"24.960","epicenter_distance":"124.63","back_azimuth":"160.48","seismic_intensity":"1","pga_v":"0.62","pga_ns":"1.73","pga_ew":"1.73","pga_int_scale":"1.87","pgv_v":"0.08","pgv_ns":"0.12","pgv_ew":"0.13","pgv_int_scale":"0.15","wave_image_uri":"https://scweb.cwa.gov.tw/webdata/drawTrace/outcome/2025/2025092/1-NHDH.gif"},"geometry":{"type":"Point","coordinates":[121.525,24.96]}},{"type":"Feature","properties":{"area_desc":"新北市地區","county_name":"新北市","station_name":"三峽","station_id":"NSX","longitude":"121.374","latitude":"24.939","epicenter_distance":"128.50","back_azimuth":"153.69","seismic_intensity":"1","pga_v":"0.96","pga_ns":"1.50","pga_ew":"1.25","pga_int_scale":"1.56","pgv_v":"0.14","pgv_ns":"0.22","pgv_ew":"0.20","pgv_int_scale":"0.23","wave_image_uri":"https://scweb.cwa.gov.tw/webdata/drawTrace/outcome/2025/2025092/1-NSX.gif"},"geometry":{"type":"Point","coordinates":[121.374,24.939]}},{"type":"Feature","properties":{"area_desc":"新北市地區","county_name":"新北市","station_name":"汐止","station_id":"NXZ","longitude":"121.640","latitude":"25.077","epicenter_distance":"133.84","back_azimuth":"167.07","seismic_intensity":"1","pga_v":"0.82","pga_ns":"1.70","pga_ew":"2.10","pga_int_scale":"2.11","pgv_v":"0.12","pgv_ns":"0.18","pgv_ew":"0.22","pgv_int_scale":"0.22","wave_image_uri":"https://scweb.cwa.gov.tw/webdata/drawTrace/outcome/2025/2025092/1-NXZ.gif"},"geometry":{"type":"Point","coordinates":[121.64,25.077]}},{"type":"Feature","properties":{"area_desc":"新北市地區","county_name":"新北市","station_name":"五股","station_id":"TWS1","longitude":"121.423","latitude":"25.101","epicenter_distance":"142.97","back_azimuth":"158.70","seismic_intensity":"1","pga_v":"0.62","pga_ns":"0.82","pga_ew":"0.87","pga_int_scale":"0.95","pgv_v":"0.12","pgv_ns":"0.17","pgv_ew":"0.18","pgv_int_scale":"0.26","wave_image_uri":"https://scweb.cwa.gov.tw/webdata/drawTrace/outcome/2025/2025092/1-TWS1.gif"},"geometry":{"type":"Point","coordinates":[121.423,25.101]}},{"type":"Feature","properties":{"area_desc":"新北市地區","county_name":"新北市","station_name":"萬里","station_id":"NWR","longitude":"121.661","latitude":"25.202","epicenter_distance":"147.05","back_azimuth":"169.07","seismic_intensity":"1","pga_v":"0.45","pga_ns":"0.84","pga_ew":"0.73","pga_int_scale":"0.88","pgv_v":"0.08","pgv_ns":"0.10","pgv_ew":"0.10","pgv_int_scale":"0.11","wave_image_uri":"https://scweb.cwa.gov.tw/webdata/drawTrace/outcome/2025/2025092/1-NWR.gif"},"geometry":{"type":"Point","coordinates":[121.661,25.202]}},{"type":"Feature","properties":{"area_desc":"新北市地區","county_name":"新北市","station_name":"淡水","station_id":"NTS","longitude":"121.449","latitude":"25.164","epicenter_distance":"148.61","back_azimuth":"160.62","seismic_intensity":"1","pga_v":"0.85","pga_ns":"1.50","pga_ew":"1.37","pga_int_scale":"1.64","pgv_v":"0.16","pgv_ns":"0.31","pgv_ew":"0.27","pgv_int_scale":"0.32","wave_image_uri":"https://scweb.cwa.gov.tw/webdata/drawTrace/outcome/2025/2025092/1-NTS.gif"},"geometry":{"type":"Point","coordinates":[121.449,25.164]}},{"type":"Feature","properties":{"area_desc":"新北市地區","county_name":"新北市","station_name":"汐止","station_id":"NXZ","longitude":"121.640","latitude":"25.077","epicenter_distance":"86.94","back_azimuth":"165.07","seismic_intensity":"1","pga_v":"0.56","pga_ns":"1.08","pga_ew":"1.26","pga_int_scale":"1.24","pgv_v":"0.01","pgv_ns":"0.03","pgv_ew":"0.03","pgv_int_scale":"0.03","wave_image_uri":"https://scweb.cwa.gov.tw/webdata/drawTrace/outcome/2025/2025096/1-NXZ.gif"},"geometry":{"type":"Point","coordinates":[121.64,25.077]}},{"type":"Feature","properties":{"area_desc":"新北市地區","county_name":"新北市","station_name":"五分山","station_id":"NWF","longitude":"121.782","latitude":"25.072","epicenter_distance":"152.35","back_azimuth":"112.65","seismic_intensity":"2","pga_v":"0.59","pga_ns":"2.97","pga_ew":"1.51","pga_int_scale":"3.10","pgv_v":"0.05","pgv_ns":"0.48","pgv_ew":"0.19","pgv_int_scale":"0.51","wave_image_uri":"https://scweb.cwa.gov.tw/webdata/drawTrace/outcome/2025/2025082/2-NWF.gif"},"geometry":{"type":"Point","coordinates":[121.782,25.072]}},{"type":"Feature","properties":{"area_desc":"新北市地區","county_name":"新北市","station_name":"汐止","station_id":"NXZ","longitude":"121.640","latitude":"25.077","epicenter_distance":"165.84","back_azimuth":"110.92","seismic_intensity":"2","pga_v":"1.71","pga_ns":"3.42","pga_ew":"3.85","pga_int_scale":"3.53","pgv_v":"0.04","pgv_ns":"0.11","pgv_ew":"0.16","pgv_int_scale":"0.18","wave_image_uri":"https://scweb.cwa.gov.tw/webdata/drawTrace/outcome/2025/2025082/2-NXZ.gif"},"geometry":{"type":"Point","coordinates":[121.64,25.077]}},{"type":"Feature","properties":{"area_desc":"新北市地區","county_name":"新北市","station_name":"新店","station_id":"NHDH","longitude":"121.525","latitude":"24.960","epicenter_distance":"172.92","back_azimuth":"105.51","seismic_intensity":"2","pga_v":"1.12","pga_ns":"2.60","pga_ew":"2.74","pga_int_scale":"2.58","pgv_v":"0.04","pgv_ns":"0.10","pgv_ew":"0.09","pgv_int_scale":"0.12","wave_image_uri":"https://scweb.cwa.gov.tw/webdata/drawTrace/outcome/2025/2025082/2-NHDH.gif"},"geometry":{"type":"Point","coordinates":[121.525,24.96]}},{"type":"Feature","properties":{"area_desc":"新北市地區","county_name":"新北市","station_name":"新北市","station_id":"A024","longitude":"121.475","latitude":"25.019","epicenter_distance":"179.64","back_azimuth":"107.11","seismic_intensity":"2","pga_v":"2.01","pga_ns":"1.39","pga_ew":"2.51","pga_int_scale":"2.86","pgv_v":"0.06","pgv_ns":"0.07","pgv_ew":"0.10","pgv_int_scale":"0.12","wave_image_uri":"https://scweb.cwa.gov.tw/webdata/drawTrace/outcome/2025/2025082/2-A024.gif"},"geometry":{"type":"Point","coordinates":[121.475,25.019]}},{"type":"Feature","properties":{"area_desc":"新北市地區","county_name":"新北市","station_name":"淡水","station_id":"NTS","longitude":"121.449","latitude":"25.164","epicenter_distance":"187.32","back_azimuth":"111.61","seismic_intensity":"2","pga_v":"1.05","pga_ns":"4.06","pga_ew":"2.81","pga_int_scale":"3.29","pgv_v":"0.05","pgv_ns":"0.10","pgv_ew":"0.11","pgv_int_scale":"0.13","wave_image_uri":"https://scweb.cwa.gov.tw/webdata/drawTrace/outcome/2025/2025082/2-NTS.gif"},"geometry":{"type":"Point","coordinates":[121.449,25.164]}},{"type":"Feature","properties":{"area_desc":"新北市地區","county_name":"新北市","station_name":"三貂角","station_id":"TWB1","longitude":"121.997","latitude":"25.007","epicenter_distance":"129.52","back_azimuth":"113.42","seismic_intensity":"2"},"geometry":{"type":"Point","coordinates":[121.997,25.007]}},{"type":"Feature","properties":{"area_desc":"新北市地區","county_name":"新北市","station_name":"雙溪","station_id":"TIPB","longitude":"121.826","latitude":"24.972","epicenter_distance":"144.31","back_azimuth":"109.26","seismic_intensity":"1","pga_v":"0.97","pga_ns":"0.73","pga_ew":"0.57","pga_int_scale":"0.86","pgv_v":"0.08","pgv_ns":"0.11","pgv_ew":"0.07","pgv_int_scale":"0.11","wave_image_uri":"https://scweb.cwa.gov.tw/webdata/drawTrace/outcome/2025/2025082/1-TIPB.gif"},"geometry":{"type":"Point","coordinates":[121.826,24.972]}},{"type":"Feature","properties":{"area_desc":"新北市地區","county_name":"新北市","station_name":"烏來","station_id":"A124","longitude":"121.553","latitude":"24.864","epicenter_distance":"167.65","back_azimuth":"102.26","seismic_intensity":"1","pga_v":"1.01","pga_ns":"2.30","pga_ew":"1.61","pga_int_scale":"1.67","pgv_v":"0.03","pgv_ns":"0.04","pgv_ew":"0.04","pgv_int_scale":"0.04","wave_image_uri":"https://scweb.cwa.gov.tw/webdata/drawTrace/outcome/2025/2025082/1-A124.gif"},"geometry":{"type":"Point","coordinates":[121.553,24.864]}},{"type":"Feature","properties":{"area_desc":"新北市地區","county_name":"新北市","station_name":"萬里","station_id":"NWR","longitude":"121.661","latitude":"25.202","epicenter_distance":"169.39","back_azimuth":"115.59","seismic_intensity":"1","pga_v":"0.34","pga_ns":"1.05","pga_ew":"0.70","pga_int_scale":"1.01","pgv_v":"0.02","pgv_ns":"0.04","pgv_ew":"0.04","pgv_int_scale":"0.04","wave_image_uri":"https://scweb.cwa.gov.tw/webdata/drawTrace/outcome/2025/2025082/1-NWR.gif"},"geometry":{"type":"Point","coordinates":[121.661,25.202]}},{"type":"Feature","properties":{"area_desc":"新北市地區","county_name":"新北市","station_name":"石門","station_id":"NSM","longitude":"121.589","latitude":"25.288","epicenter_distance":"180.10","back_azimuth":"117.33","seismic_intensity":"1","pga_v":"0.48","pga_ns":"1.13","pga_ew":"2.01","pga_int_scale":"2.10","pgv_v":"0.03","pgv_ns":"0.17","pgv_ew":"0.06","pgv_int_scale":"0.18","wave_image_uri":"https://scweb.cwa.gov.tw/webdata/drawTrace/outcome/2025/2025082/1-NSM.gif"},"geometry":{"type":"Point","coordinates":[121.589,25.288]}},{"type":"Feature","properties":{"area_desc":"新北市地區","county_name":"新北市","station_name":"三峽","station_id":"NSX","longitude":"121.374","latitude":"24.939","epicenter_distance":"187.13","back_azimuth":"103.59","seismic_intensity":"1","pga_v":"0.91","pga_ns":"2.09","pga_ew":"1.64","pga_int_scale":"1.69","pgv_v":"0.03","pgv_ns":"0.06","pgv_ew":"0.06","pgv_int_scale":"0.06","wave_image_uri":"https://scweb.cwa.gov.tw/webdata/drawTrace/outcome/2025/2025082/1-NSX.gif"},"geometry":{"type":"Point","coordinates":[121.374,24.939]}},{"type":"Feature","properties":{"area_desc":"新北市地區","county_name":"新北市","station_name":"五股","station_id":"TWS1","longitude":"121.423","latitude":"25.101","epicenter_distance":"187.36","back_azimuth":"109.32","seismic_intensity":"1","pga_v":"1.14","pga_ns":"1.52","pga_ew":"1.92","pga_int_scale":"1.43","pgv_v":"0.04","pgv_ns":"0.05","pgv_ew":"0.07","pgv_int_scale":"0.07","wave_image_uri":"https://scweb.cwa.gov.tw/webdata/drawTrace/outcome/2025/2025082/1-TWS1.gif"},"geometry":{"type":"Point","coordinates":[121.423,25.101]}},{"type":"Feature","properties":{"area_desc":"新北市地區","county_name":"新北市","station_name":"新店","station_id":"NHDH","longitude":"121.525","latitude":"24.960","epicenter_distance":"49.36","back_azimuth":"144.46","seismic_intensity":"3","pga_v":"2.85","pga_ns":"14.78","pga_ew":"16.92","pga_int_scale":"21.69","pgv_v":"0.15","pgv_ns":"1.02","pgv_ew":"1.04","pgv_int_scale":"1.26","wave_image_uri":"https://scweb.cwa.gov.tw/webdata/drawTrace/outcome/2025/2025083/3-NHDH.gif"},"geometry":{"type":"Point","coordinates":[121.525,24.96]}},{"type":"Feature","properties":{"area_desc":"新北市地區","county_name":"新北市","station_name":"五分山","station_id":"NWF","longitude":"121.782","latitude":"25.072","epicenter_distance":"52.67","back_azimuth":"177.03","seismic_intensity":"3","pga_v":"3.90","pga_ns":"18.50","pga_ew":"11.31","pga_int_scale":"18.75","pgv_v":"0.21","pgv_ns":"1.62","pgv_ew":"0.88","pgv_int_scale":"1.65","wave_image_uri":"https://scweb.cwa.gov.tw/webdata/drawTrace/outcome/2025/2025083/3-NWF.gif"},"geometry":{"type":"Point","coordinates":[121.782,25.072]}},{"type":"Feature","properties":{"area_desc":"新北市地區","county_name":"新北市","station_name":"汐止","station_id":"NXZ","longitude":"121.640","latitude":"25.077","epicenter_distance":"55.80","back_azimuth":"162.23","seismic_intensity":"3","pga_v":"8.74","pga_ns":"15.03","pga_ew":"16.57","pga_int_scale":"19.10","pgv_v":"0.31","pgv_ns":"0.61","pgv_ew":"0.78","pgv_int_scale":"0.85","wave_image_uri":"https://scweb.cwa.gov.tw/webdata/drawTrace/outcome/2025/2025083/3-NXZ.gif"},"geometry":{"type":"Point","coordinates":[121.64,25.077]}},{"type":"Feature","properties":{"area_desc":"新北市地區","county_name":"新北市","station_name":"淡水","station_id":"NTS","longitude":"121.449","latitude":"25.164","epicenter_distance":"72.64","back_azimuth":"149.98","seismic_intensity":"3","pga_v":"3.80","pga_ns":"9.01","pga_ew":"8.99","pga_int_scale":"9.98","pgv_v":"0.21","pgv_ns":"0.45","pgv_ew":"0.67","pgv_int_scale":"0.68","wave_image_uri":"https://scweb.cwa.gov.tw/webdata/drawTrace/outcome/2025/2025083/3-NTS.gif"},"geometry":{"type":"Point","coordinates":[121.449,25.164]}},{"type":"Feature","properties":{"area_desc":"新北市地區","county_name":"新北市","station_name":"烏來","station_id":"A124","longitude":"121.553","latitude":"24.864","epicenter_distance":"39.23","back_azimuth":"138.81","seismic_intensity":"2","pga_v":"3.32","pga_ns":"4.47","pga_ew":"5.94","pga_int_scale":"5.70","pgv_v":"0.11","pgv_ns":"0.14","pgv_ew":"0.22","pgv_int_scale":"0.26","wave_image_uri":"https://scweb.cwa.gov.tw/webdata/drawTrace/outcome/2025/2025083/2-A124.gif"},"geometry":{"type":"Point","coordinates":[121.553,24.864]}},{"type":"Feature","properties":{"area_desc":"新北市地區","county_name":"新北市","station_name":"雙溪","station_id":"TIPB","longitude":"121.826","latitude":"24.972","epicenter_distance":"41.56","back_azimuth":"182.32","seismic_intensity":"2","pga_v":"3.79","pga_ns":"7.41","pga_ew":"4.54","pga_int_scale":"7.32","pgv_v":"0.15","pgv_ns":"0.33","pgv_ew":"0.22","pgv_int_scale":"0.35","wave_image_uri":"https://scweb.cwa.gov.tw/webdata/drawTrace/outcome/2025/2025083/2-TIPB.gif"},"geometry":{"type":"Point","coordinates":[121.826,24.972]}},{"type":"Feature","properties":{"area_desc":"新北市地區","county_name":"新北市","station_name":"新北市","station_id":"A024","longitude":"121.475","latitude":"25.019","epicenter_distance":"57.70","back_azimuth":"144.17","seismic_intensity":"2","pga_v":"4.13","pga_ns":"5.25","pga_ew":"6.76","pga_int_scale":"7.16","pgv_v":"0.16","pgv_ns":"0.41","pgv_ew":"0.81","pgv_int_scale":"0.81","wave_image_uri":"https://scweb.cwa.gov.tw/webdata/drawTrace/outcome/2025/2025083/2-A024.gif"},"geometry":{"type":"Point","coordinates":[121.475,25.019]}},{"type":"Feature","properties":{"area_desc":"新北市地區","county_name":"新北市","station_name":"三峽","station_id":"NSX","longitude":"121.374","latitude":"24.939","epicenter_distance":"58.02","back_azimuth":"130.77","seismic_intensity":"2","pga_v":"1.75","pga_ns":"2.69","pga_ew":"2.80","pga_int_scale":"2.89","pgv_v":"0.08","pgv_ns":"0.16","pgv_ew":"0.19","pgv_int_scale":"0.19","wave_image_uri":"https://scweb.cwa.gov.tw/webdata/drawTrace/outcome/2025/2025083/2-NSX.gif"},"geometry":{"type":"Point","coordinates":[121.374,24.939]}},{"type":"Feature","properties":{"area_desc":"新北市地區","county_name":"新北市","station_name":"五股","station_id":"TWS1","longitude":"121.423","latitude":"25.101","epicenter_distance":"68.13","back_azimuth":"145.13","seismic_intensity":"2","pga_v":"3.11","pga_ns":"6.60","pga_ew":"6.38","pga_int_scale":"5.93","pgv_v":"0.16","pgv_ns":"0.30","pgv_ew":"0.32","pgv_int_scale":"0.37","wave_image_uri":"https://scweb.cwa.gov.tw/webdata/drawTrace/outcome/2025/2025083/2-TWS1.gif"},"geometry":{"type":"Point","coordinates":[121.423,25.101]}},{"type":"Feature","properties":{"area_desc":"新北市地區","county_name":"新北市","station_name":"萬里","station_id":"NWR","longitude":"121.661","latitude":"25.202","epicenter_distance":"68.73","back_azimuth":"167.42","seismic_intensity":"2","pga_v":"2.44","pga_ns":"5.51","pga_ew":"4.56","pga_int_scale":"5.43","pgv_v":"0.10","pgv_ns":"0.22","pgv_ew":"0.20","pgv_int_scale":"0.23","wave_image_uri":"https://scweb.cwa.gov.tw/webdata/drawTrace/outcome/2025/2025083/2-NWR.gif"},"geometry":{"type":"Point","coordinates":[121.661,25.202]}},{"type":"Feature","properties":{"area_desc":"新北市地區","county_name":"新北市","station_name":"石門","station_id":"NSM","longitude":"121.589","latitude":"25.288","epicenter_distance":"79.76","back_azimuth":"163.80","seismic_intensity":"2","pga_v":"2.55","pga_ns":"3.95","pga_ew":"4.39","pga_int_scale":"5.49","pgv_v":"0.10","pgv_ns":"0.16","pgv_ew":"0.18","pgv_int_scale":"0.20","wave_image_uri":"https://scweb.cwa.gov.tw/webdata/drawTrace/outcome/2025/2025083/2-NSM.gif"},"geometry":{"type":"Point","coordinates":[121.589,25.288]}},{"type":"Feature","properties":{"area_desc":"新北市地區","county_name":"新北市","station_name":"三貂角","station_id":"TWB1","longitude":"121.997","latitude":"25.007","epicenter_distance":"49.24","back_azimuth":"202.76","seismic_intensity":"2"},"geometry":{"type":"Point","coordinates":[121.997,25.007]}},{"type":"Feature","properties":{"area_desc":"新北市地區","county_name":"新北市","station_name":"烏來","station_id":"A124","longitude":"121.553","latitude":"24.864","epicenter_distance":"60.81","back_azimuth":"147.34","seismic_intensity":"1","pga_v":"1.55","pga_ns":"1.54","pga_ew":"1.59","pga_int_scale":"0.90","pgv_v":"0.02","pgv_ns":"0.02","pgv_ew":"0.02","pgv_int_scale":"0.03","wave_image_uri":"https://scweb.cwa.gov.tw/webdata/drawTrace/outcome/2025/2025085/1-A124.gif"},"geometry":{"type":"Point","coordinates":[121.553,24.864]}},{"type":"Feature","properties":{"area_desc":"新北市地區","county_name":"新北市","station_name":"新店","station_id":"NHDH","longitude":"121.525","latitude":"24.960","epicenter_distance":"71.39","back_azimuth":"150.03","seismic_intensity":"1","pga_v":"1.06","pga_ns":"0.98","pga_ew":"1.26","pga_int_scale":"1.01","pgv_v":"0.43","pgv_ns":"0.04","pgv_ew":"0.03","pgv_int_scale":"0.43","wave_image_uri":"https://scweb.cwa.gov.tw/webdata/drawTrace/outcome/2025/2025085/1-NHDH.gif"},"geometry":{"type":"Point","coordinates":[121.525,24.96]}},{"type":"Feature","properties":{"area_desc":"新北市地區","county_name":"新北市","station_name":"汐止","station_id":"NXZ","longitude":"121.640","latitude":"25.077","epicenter_distance":"78.57","back_azimuth":"162.22","seismic_intensity":"1","pga_v":"0.98","pga_ns":"1.83","pga_ew":"1.59","pga_int_scale":"1.80","pgv_v":"0.01","pgv_ns":"0.04","pgv_ew":"0.05","pgv_int_scale":"0.05","wave_image_uri":"https://scweb.cwa.gov.tw/webdata/drawTrace/outcome/2025/2025085/1-NXZ.gif"},"geometry":{"type":"Point","coordinates":[121.64,25.077]}},{"type":"Feature","properties":{"area_desc":"新北市地區","county_name":"新北市","station_name":"汐止","station_id":"NXZ","longitude":"121.640","latitude":"25.077","epicenter_distance":"78.45","back_azimuth":"165.31","seismic_intensity":"2","pga_v":"0.71","pga_ns":"2.85","pga_ew":"2.38","pga_int_scale":"3.11","pgv_v":"0.02","pgv_ns":"0.08","pgv_ew":"0.09","pgv_int_scale":"0.09","wave_image_uri":"https://scweb.cwa.gov.tw/webdata/drawTrace/outcome/2025/2025086/2-NXZ.gif"},"geometry":{"type":"Point","coordinates":[121.64,25.077]}},{"type":"Feature","properties":{"area_desc":"新北市地區","county_name":"新北市","station_name":"新店","station_id":"NHDH","longitude":"121.525","latitude":"24.960","epicenter_distance":"70.39","back_azimuth":"153.36","seismic_intensity":"1","pga_v":"0.64","pga_ns":"0.68","pga_ew":"0.79","pga_int_scale":"0.85","pgv_v":"0.01","pgv_ns":"0.02","pgv_ew":"0.04","pgv_int_scale":"0.04","wave_image_uri":"https://scweb.cwa.gov.tw/webdata/drawTrace/outcome/2025/2025086/1-NHDH.gif"},"geometry":{"type":"Point","coordinates":[121.525,24.96]}},{"type":"Feature","properties":{"area_desc":"新北市地區","county_name":"新北市","station_name":"新北市","station_id":"A024","longitude":"121.475","latitude":"25.019","epicenter_distance":"78.60","back_azimuth":"152.20","seismic_intensity":"1","pga_v":"0.71","pga_ns":"1.47","pga_ew":"1.04","pga_int_scale":"1.61","pgv_v":"0.03","pgv_ns":"0.06","pgv_ew":"0.04","pgv_int_scale":"0.06","wave_image_uri":"https://scweb.cwa.gov.tw/webdata/drawTrace/outcome/2025/2025086/1-A024.gif"},"geometry":{"type":"Point","coordinates":[121.475,25.019]}},{"type":"Feature","properties":{"area_desc":"新北市地區","county_name":"新北市","station_name":"新店","station_id":"NHDH","longitude":"121.525","latitude":"24.960","epicenter_distance":"89.12","back_azimuth":"169.66","seismic_intensity":"1","pga_v":"0.54","pga_ns":"0.95","pga_ew":"0.96","pga_int_scale":"1.00","pgv_v":"0.01","pgv_ns":"0.04","pgv_ew":"0.03","pgv_int_scale":"0.04","wave_image_uri":"https://scweb.cwa.gov.tw/webdata/drawTrace/outcome/2025/2025089/1-NHDH.gif"},"geometry":{"type":"Point","coordinates":[121.525,24.96]}},{"type":"Feature","properties":{"area_desc":"新北市地區","county_name":"新北市","station_name":"汐止","station_id":"NXZ","longitude":"121.640","latitude":"25.077","epicenter_distance":"100.74","back_azimuth":"177.54","seismic_intensity":"1","pga_v":"0.30","pga_ns":"1.02","pga_ew":"0.76","pga_int_scale":"0.92","pgv_v":"0.01","pgv_ns":"0.03","pgv_ew":"0.02","pgv_int_scale":"0.03","wave_image_uri":"https://scweb.cwa.gov.tw/webdata/drawTrace/outcome/2025/2025089/1-NXZ.gif"},"geometry":{"type":"Point","coordinates":[121.64,25.077]}},{"type":"Feature","properties":{"area_desc":"新北市地區","county_name":"新北市","station_name":"五分山","station_id":"NWF","longitude":"121.782","latitude":"25.072","epicenter_distance":"130.95","back_azimuth":"172.59","seismic_intensity":"2","pga_v":"0.56","pga_ns":"2.61","pga_ew":"1.81","pga_int_scale":"2.80","pgv_v":"0.05","pgv_ns":"0.22","pgv_ew":"0.14","pgv_int_scale":"0.23","wave_image_uri":"https://scweb.cwa.gov.tw/webdata/drawTrace/outcome/2025/2025090/2-NWF.gif"},"geometry":{"type":"Point","coordinates":[121.782,25.072]}},{"type":"Feature","properties":{"area_desc":"新北市地區","county_name":"新北市","station_name":"新店","station_id":"NHDH","longitude":"121.525","latitude":"24.960","epicenter_distance":"125.03","back_azimuth":"159.92","seismic_intensity":"1","pga_v":"0.45","pga_ns":"1.13","pga_ew":"1.77","pga_int_scale":"1.79","pgv_v":"0.05","pgv_ns":"0.08","pgv_ew":"0.10","pgv_int_scale":"0.10","wave_image_uri":"https://scweb.cwa.gov.tw/webdata/drawTrace/outcome/2025/2025090/1-NHDH.gif"},"geometry":{"type":"Point","coordinates":[121.525,24.96]}},{"type":"Feature","properties":{"area_desc":"新北市地區","county_name":"新北市","station_name":"三峽","station_id":"NSX","longitude":"121.374","latitude":"24.939","epicenter_distance":"129.04","back_azimuth":"153.18","seismic_intensity":"1","pga_v":"0.51","pga_ns":"0.84","pga_ew":"1.15","pga_int_scale":"1.14","pgv_v":"0.07","pgv_ns":"0.12","pgv_ew":"0.12","pgv_int_scale":"0.12","wave_image_uri":"https://scweb.cwa.gov.tw/webdata/drawTrace/outcome/2025/2025090/1-NSX.gif"},"geometry":{"type":"Point","coordinates":[121.374,24.939]}},{"type":"Feature","properties":{"area_desc":"新北市地區","county_name":"新北市","station_name":"新北市","station_id":"A024","longitude":"121.475","latitude":"25.019","epicenter_distance":"133.02","back_azimuth":"158.83","seismic_intensity":"1","pga_v":"0.85","pga_ns":"1.56","pga_ew":"1.24","pga_int_scale":"1.63","pgv_v":"0.08","pgv_ns":"0.15","pgv_ew":"0.14","pgv_int_scale":"0.15","wave_image_uri":"https://scweb.cwa.gov.tw/webdata/drawTrace/outcome/2025/2025090/1-A024.gif"},"geometry":{"type":"Point","coordinates":[121.475,25.019]}},{"type":"Feature","properties":{"area_desc":"新北市地區","county_name":"新北市","station_name":"汐止","station_id":"NXZ","longitude":"121.640","latitude":"25.077","epicenter_distance":"134.09","back_azimuth":"166.53","seismic_intensity":"1","pga_v":"0.56","pga_ns":"1.34","pga_ew":"1.55","pga_int_scale":"1.73","pgv_v":"0.05","pgv_ns":"0.08","pgv_ew":"0.09","pgv_int_scale":"0.10","wave_image_uri":"https://scweb.cwa.gov.tw/webdata/drawTrace/outcome/2025/2025090/1-NXZ.gif"},"geometry":{"type":"Point","coordinates":[121.64,25.077]}},{"type":"Feature","properties":{"area_desc":"新北市地區","county_name":"新北市","station_name":"淡水","station_id":"NTS","longitude":"121.449","latitude":"25.164","epicenter_distance":"149.01","back_azimuth":"160.15","seismic_intensity":"1","pga_v":"0.65","pga_ns":"0.79","pga_ew":"0.84","pga_int_scale":"0.80","pgv_v":"0.08","pgv_ns":"0.12","pgv_ew":"0.08","pgv_int_scale":"0.13","wave_image_uri":"https://scweb.cwa.gov.tw/webdata/drawTrace/outcome/2025/2025090/1-NTS.gif"},"geometry":{"type":"Point","coordinates":[121.449,25.164]}},{"type":"Feature","properties":{"area_desc":"新北市地區","county_name":"新北市","station_name":"五分山","station_id":"NWF","longitude":"121.782","latitude":"25.072","epicenter_distance":"130.83","back_azimuth":"173.15","seismic_intensity":"2","pga_v":"0.63","pga_ns":"3.06","pga_ew":"2.27","pga_int_scale":"3.34","pgv_v":"0.08","pgv_ns":"0.35","pgv_ew":"0.29","pgv_int_scale":"0.36","wave_image_uri":"https://scweb.cwa.gov.tw/webdata/drawTrace/outcome/2025/2025092/2-NWF.gif"},"geometry":{"type":"Point","coordinates":[121.782,25.072]}},{"type":"Feature","properties":{"area_desc":"新北市地區","county_name":"新北市","station_name":"新北市","station_id":"A024","longitude":"121.475","latitude":"25.019","epicenter_distance":"132.60","back_azimuth":"159.36","seismic_intensity":"2","pga_v":"1.51","pga_ns":"2.50","pga_ew":"2.11","pga_int_scale":"3.08","pgv_v":"0.14","pgv_ns":"0.28","pgv_ew":"0.34","pgv_int_scale":"0.35","wave_image_uri":"https://scweb.cwa.gov.tw/webdata/drawTrace/outcome/2025/2025092/2-A024.gif"},"geometry":{"type":"Point","coordinates":[121.475,25.019]}},{"type":"Feature","properties":{"area_desc":"新北市地區","county_name":"新北市","station_name":"烏來","station_id":"A124","longitude":"121.553","latitude":"24.864","epicenter_distance":"113.65","back_azimuth":"160.04","seismic_intensity":"1","pga_v":"0.60","pga_ns":"0.71","pga_ew":"0.83","pga_int_scale":"0.97","pgv_v":"0.08","pgv_ns":"0.09","pgv_ew":"0.09","pgv_int_scale":"0.13","wave_image_uri":"https://scweb.cwa.gov.tw/webdata/drawTrace/outcome/2025/2025092/1-A124.gif"},"geometry":{"type":"Point","coordinates":[121.553,24.864]}},{"type":"Feature","properties":{"area_desc":"新北市地區","county_name":"新北市","station_name":"雙溪","station_id":"TIPB","longitude":"121.826","latitude":"24.972","epicenter_distance":"119.36","back_azimuth":"174.62","seismic_intensity":"1","pga_v":"0.52","pga_ns":"0.84","pga_ew":"0.73","pga_int_scale":"0.95","pgv_v":"0.10","pgv_ns":"0.11","pgv_ew":"0.10","pgv_int_scale":"0.15","wave_image_uri":"https://scweb.cwa.gov.tw/webdata/drawTrace/outcome/2025/2025092/1-TIPB.gif"},"geometry":{"type":"Point","coordinates":[121.826,24.972]}},{"type":"Feature","properties":{"area_desc":"新北市地區","county_name":"新北市","station_name":"新店","station_id":"NHDH","longitude":"121.525","latitude":"24.960","epicenter_distance":"124.63","back_azimuth":"160.48","seismic_intensity":"1","pga_v":"0.62","pga_ns":"1.73","pga_ew":"1.73","pga_int_scale":"1.87","pgv_v":"0.08","pgv_ns":"0.12","pgv_ew":"0.13","pgv_int_scale":"0.15","wave_image_uri":"https://scweb.cwa.gov.tw/webdata/drawTrace/outcome/2025/2025092/1-NHDH.gif"},"geometry":{"type":"Point","coordinates":[121.525,24.96]}},{"type":"Feature","properties":{"area_desc":"新北市地區","county_name":"新北市","station_name":"三峽","station_id":"NSX","longitude":"121.374","latitude":"24.939","epicenter_distance":"128.50","back_azimuth":"153.69","seismic_intensity":"1","pga_v":"0.96","pga_ns":"1.50","pga_ew":"1.25","pga_int_scale":"1.56","pgv_v":"0.14","pgv_ns":"0.22","pgv_ew":"0.20","pgv_int_scale":"0.23","wave_image_uri":"https://scweb.cwa.gov.tw/webdata/drawTrace/outcome/2025/2025092/1-NSX.gif"},"geometry":{"type":"Point","coordinates":[121.374,24.939]}},{"type":"Feature","properties":{"area_desc":"新北市地區","county_name":"新北市","station_name":"汐止","station_id":"NXZ","longitude":"121.640","latitude":"25.077","epicenter_distance":"133.84","back_azimuth":"167.07","seismic_intensity":"1","pga_v":"0.82","pga_ns":"1.70","pga_ew":"2.10","pga_int_scale":"2.11","pgv_v":"0.12","pgv_ns":"0.18","pgv_ew":"0.22","pgv_int_scale":"0.22","wave_image_uri":"https://scweb.cwa.gov.tw/webdata/drawTrace/outcome/2025/2025092/1-NXZ.gif"},"geometry":{"type":"Point","coordinates":[121.64,25.077]}},{"type":"Feature","properties":{"area_desc":"新北市地區","county_name":"新北市","station_name":"五股","station_id":"TWS1","longitude":"121.423","latitude":"25.101","epicenter_distance":"142.97","back_azimuth":"158.70","seismic_intensity":"1","pga_v":"0.62","pga_ns":"0.82","pga_ew":"0.87","pga_int_scale":"0.95","pgv_v":"0.12","pgv_ns":"0.17","pgv_ew":"0.18","pgv_int_scale":"0.26","wave_image_uri":"https://scweb.cwa.gov.tw/webdata/drawTrace/outcome/2025/2025092/1-TWS1.gif"},"geometry":{"type":"Point","coordinates":[121.423,25.101]}},{"type":"Feature","properties":{"area_desc":"新北市地區","county_name":"新北市","station_name":"萬里","station_id":"NWR","longitude":"121.661","latitude":"25.202","epicenter_distance":"147.05","back_azimuth":"169.07","seismic_intensity":"1","pga_v":"0.45","pga_ns":"0.84","pga_ew":"0.73","pga_int_scale":"0.88","pgv_v":"0.08","pgv_ns":"0.10","pgv_ew":"0.10","pgv_int_scale":"0.11","wave_image_uri":"https://scweb.cwa.gov.tw/webdata/drawTrace/outcome/2025/2025092/1-NWR.gif"},"geometry":{"type":"Point","coordinates":[121.661,25.202]}},{"type":"Feature","properties":{"area_desc":"新北市地區","county_name":"新北市","station_name":"淡水","station_id":"NTS","longitude":"121.449","latitude":"25.164","epicenter_distance":"148.61","back_azimuth":"160.62","seismic_intensity":"1","pga_v":"0.85","pga_ns":"1.50","pga_ew":"1.37","pga_int_scale":"1.64","pgv_v":"0.16","pgv_ns":"0.31","pgv_ew":"0.27","pgv_int_scale":"0.32","wave_image_uri":"https://scweb.cwa.gov.tw/webdata/drawTrace/outcome/2025/2025092/1-NTS.gif"},"geometry":{"type":"Point","coordinates":[121.449,25.164]}},{"type":"Feature","properties":{"area_desc":"新北市地區","county_name":"新北市","station_name":"汐止","station_id":"NXZ","longitude":"121.640","latitude":"25.077","epicenter_distance":"86.94","back_azimuth":"165.07","seismic_intensity":"1","pga_v":"0.56","pga_ns":"1.08","pga_ew":"1.26","pga_int_scale":"1.24","pgv_v":"0.01","pgv_ns":"0.03","pgv_ew":"0.03","pgv_int_scale":"0.03","wave_image_uri":"https://scweb.cwa.gov.tw/webdata/drawTrace/outcome/2025/2025096/1-NXZ.gif"},"geometry":{"type":"Point","coordinates":[121.64,25.077]}},{"type":"Feature","properties":{"area_desc":"新北市地區","county_name":"新北市","station_name":"五分山","station_id":"NWF","longitude":"121.782","latitude":"25.072","epicenter_distance":"152.35","back_azimuth":"112.65","seismic_intensity":"2","pga_v":"0.59","pga_ns":"2.97","pga_ew":"1.51","pga_int_scale":"3.10","pgv_v":"0.05","pgv_ns":"0.48","pgv_ew":"0.19","pgv_int_scale":"0.51","wave_image_uri":"https://scweb.cwa.gov.tw/webdata/drawTrace/outcome/2025/2025082/2-NWF.gif"},"geometry":{"type":"Point","coordinates":[121.782,25.072]}},{"type":"Feature","properties":{"area_desc":"新北市地區","county_name":"新北市","station_name":"汐止","station_id":"NXZ","longitude":"121.640","latitude":"25.077","epicenter_distance":"165.84","back_azimuth":"110.92","seismic_intensity":"2","pga_v":"1.71","pga_ns":"3.42","pga_ew":"3.85","pga_int_scale":"3.53","pgv_v":"0.04","pgv_ns":"0.11","pgv_ew":"0.16","pgv_int_scale":"0.18","wave_image_uri":"https://scweb.cwa.gov.tw/webdata/drawTrace/outcome/2025/2025082/2-NXZ.gif"},"geometry":{"type":"Point","coordinates":[121.64,25.077]}},{"type":"Feature","properties":{"area_desc":"新北市地區","county_name":"新北市","station_name":"新店","station_id":"NHDH","longitude":"121.525","latitude":"24.960","epicenter_distance":"172.92","back_azimuth":"105.51","seismic_intensity":"2","pga_v":"1.12","pga_ns":"2.60","pga_ew":"2.74","pga_int_scale":"2.58","pgv_v":"0.04","pgv_ns":"0.10","pgv_ew":"0.09","pgv_int_scale":"0.12","wave_image_uri":"https://scweb.cwa.gov.tw/webdata/drawTrace/outcome/2025/2025082/2-NHDH.gif"},"geometry":{"type":"Point","coordinates":[121.525,24.96]}},{"type":"Feature","properties":{"area_desc":"新北市地區","county_name":"新北市","station_name":"新北市","station_id":"A024","longitude":"121.475","latitude":"25.019","epicenter_distance":"179.64","back_azimuth":"107.11","seismic_intensity":"2","pga_v":"2.01","pga_ns":"1.39","pga_ew":"2.51","pga_int_scale":"2.86","pgv_v":"0.06","pgv_ns":"0.07","pgv_ew":"0.10","pgv_int_scale":"0.12","wave_image_uri":"https://scweb.cwa.gov.tw/webdata/drawTrace/outcome/2025/2025082/2-A024.gif"},"geometry":{"type":"Point","coordinates":[121.475,25.019]}},{"type":"Feature","properties":{"area_desc":"新北市地區","county_name":"新北市","station_name":"淡水","station_id":"NTS","longitude":"121.449","latitude":"25.164","epicenter_distance":"187.32","back_azimuth":"111.61","seismic_intensity":"2","pga_v":"1.05","pga_ns":"4.06","pga_ew":"2.81","pga_int_scale":"3.29","pgv_v":"0.05","pgv_ns":"0.10","pgv_ew":"0.11","pgv_int_scale":"0.13","wave_image_uri":"https://scweb.cwa.gov.tw/webdata/drawTrace/outcome/2025/2025082/2-NTS.gif"},"geometry":{"type":"Point","coordinates":[121.449,25.164]}},{"type":"Feature","properties":{"area_desc":"新北市地區","county_name":"新北市","station_name":"三貂角","station_id":"TWB1","longitude":"121.997","latitude":"25.007","epicenter_distance":"129.52","back_azimuth":"113.42","seismic_intensity":"2"},"geometry":{"type":"Point","coordinates":[121.997,25.007]}},{"type":"Feature","properties":{"area_desc":"新北市地區","county_name":"新北市","station_name":"雙溪","station_id":"TIPB","longitude":"121.826","latitude":"24.972","epicenter_distance":"144.31","back_azimuth":"109.26","seismic_intensity":"1","pga_v":"0.97","pga_ns":"0.73","pga_ew":"0.57","pga_int_scale":"0.86","pgv_v":"0.08","pgv_ns":"0.11","pgv_ew":"0.07","pgv_int_scale":"0.11","wave_image_uri":"https://scweb.cwa.gov.tw/webdata/drawTrace/outcome/2025/2025082/1-TIPB.gif"},"geometry":{"type":"Point","coordinates":[121.826,24.972]}},{"type":"Feature","properties":{"area_desc":"新北市地區","county_name":"新北市","station_name":"烏來","station_id":"A124","longitude":"121.553","latitude":"24.864","epicenter_distance":"167.65","back_azimuth":"102.26","seismic_intensity":"1","pga_v":"1.01","pga_ns":"2.30","pga_ew":"1.61","pga_int_scale":"1.67","pgv_v":"0.03","pgv_ns":"0.04","pgv_ew":"0.04","pgv_int_scale":"0.04","wave_image_uri":"https://scweb.cwa.gov.tw/webdata/drawTrace/outcome/2025/2025082/1-A124.gif"},"geometry":{"type":"Point","coordinates":[121.553,24.864]}},{"type":"Feature","properties":{"area_desc":"新北市地區","county_name":"新北市","station_name":"萬里","station_id":"NWR","longitude":"121.661","latitude":"25.202","epicenter_distance":"169.39","back_azimuth":"115.59","seismic_intensity":"1","pga_v":"0.34","pga_ns":"1.05","pga_ew":"0.70","pga_int_scale":"1.01","pgv_v":"0.02","pgv_ns":"0.04","pgv_ew":"0.04","pgv_int_scale":"0.04","wave_image_uri":"https://scweb.cwa.gov.tw/webdata/drawTrace/outcome/2025/2025082/1-NWR.gif"},"geometry":{"type":"Point","coordinates":[121.661,25.202]}},{"type":"Feature","properties":{"area_desc":"新北市地區","county_name":"新北市","station_name":"石門","station_id":"NSM","longitude":"121.589","latitude":"25.288","epicenter_distance":"180.10","back_azimuth":"117.33","seismic_intensity":"1","pga_v":"0.48","pga_ns":"1.13","pga_ew":"2.01","pga_int_scale":"2.10","pgv_v":"0.03","pgv_ns":"0.17","pgv_ew":"0.06","pgv_int_scale":"0.18","wave_image_uri":"https://scweb.cwa.gov.tw/webdata/drawTrace/outcome/2025/2025082/1-NSM.gif"},"geometry":{"type":"Point","coordinates":[121.589,25.288]}},{"type":"Feature","properties":{"area_desc":"新北市地區","county_name":"新北市","station_name":"三峽","station_id":"NSX","longitude":"121.374","latitude":"24.939","epicenter_distance":"187.13","back_azimuth":"103.59","seismic_intensity":"1","pga_v":"0.91","pga_ns":"2.09","pga_ew":"1.64","pga_int_scale":"1.69","pgv_v":"0.03","pgv_ns":"0.06","pgv_ew":"0.06","pgv_int_scale":"0.06","wave_image_uri":"https://scweb.cwa.gov.tw/webdata/drawTrace/outcome/2025/2025082/1-NSX.gif"},"geometry":{"type":"Point","coordinates":[121.374,24.939]}},{"type":"Feature","properties":{"area_desc":"新北市地區","county_name":"新北市","station_name":"五股","station_id":"TWS1","longitude":"121.423","latitude":"25.101","epicenter_distance":"187.36","back_azimuth":"109.32","seismic_intensity":"1","pga_v":"1.14","pga_ns":"1.52","pga_ew":"1.92","pga_int_scale":"1.43","pgv_v":"0.04","pgv_ns":"0.05","pgv_ew":"0.07","pgv_int_scale":"0.07","wave_image_uri":"https://scweb.cwa.gov.tw/webdata/drawTrace/outcome/2025/2025082/1-TWS1.gif"},"geometry":{"type":"Point","coordinates":[121.423,25.101]}},{"type":"Feature","properties":{"area_desc":"新北市地區","county_name":"新北市","station_name":"新店","station_id":"NHDH","longitude":"121.525","latitude":"24.960","epicenter_distance":"49.36","back_azimuth":"144.46","seismic_intensity":"3","pga_v":"2.85","pga_ns":"14.78","pga_ew":"16.92","pga_int_scale":"21.69","pgv_v":"0.15","pgv_ns":"1.02","pgv_ew":"1.04","pgv_int_scale":"1.26","wave_image_uri":"https://scweb.cwa.gov.tw/webdata/drawTrace/outcome/2025/2025083/3-NHDH.gif"},"geometry":{"type":"Point","coordinates":[121.525,24.96]}},{"type":"Feature","properties":{"area_desc":"新北市地區","county_name":"新北市","station_name":"五分山","station_id":"NWF","longitude":"121.782","latitude":"25.072","epicenter_distance":"52.67","back_azimuth":"177.03","seismic_intensity":"3","pga_v":"3.90","pga_ns":"18.50","pga_ew":"11.31","pga_int_scale":"18.75","pgv_v":"0.21","pgv_ns":"1.62","pgv_ew":"0.88","pgv_int_scale":"1.65","wave_image_uri":"https://scweb.cwa.gov.tw/webdata/drawTrace/outcome/2025/2025083/3-NWF.gif"},"geometry":{"type":"Point","coordinates":[121.782,25.072]}},{"type":"Feature","properties":{"area_desc":"新北市地區","county_name":"新北市","station_name":"汐止","station_id":"NXZ","longitude":"121.640","latitude":"25.077","epicenter_distance":"55.80","back_azimuth":"162.23","seismic_intensity":"3","pga_v":"8.74","pga_ns":"15.03","pga_ew":"16.57","pga_int_scale":"19.10","pgv_v":"0.31","pgv_ns":"0.61","pgv_ew":"0.78","pgv_int_scale":"0.85","wave_image_uri":"https://scweb.cwa.gov.tw/webdata/drawTrace/outcome/2025/2025083/3-NXZ.gif"},"geometry":{"type":"Point","coordinates":[121.64,25.077]}},{"type":"Feature","properties":{"area_desc":"新北市地區","county_name":"新北市","station_name":"淡水","station_id":"NTS","longitude":"121.449","latitude":"25.164","epicenter_distance":"72.64","back_azimuth":"149.98","seismic_intensity":"3","pga_v":"3.80","pga_ns":"9.01","pga_ew":"8.99","pga_int_scale":"9.98","pgv_v":"0.21","pgv_ns":"0.45","pgv_ew":"0.67","pgv_int_scale":"0.68","wave_image_uri":"https://scweb.cwa.gov.tw/webdata/drawTrace/outcome/2025/2025083/3-NTS.gif"},"geometry":{"type":"Point","coordinates":[121.449,25.164]}},{"type":"Feature","properties":{"area_desc":"新北市地區","county_name":"新北市","station_name":"烏來","station_id":"A124","longitude":"121.553","latitude":"24.864","epicenter_distance":"39.23","back_azimuth":"138.81","seismic_intensity":"2","pga_v":"3.32","pga_ns":"4.47","pga_ew":"5.94","pga_int_scale":"5.70","pgv_v":"0.11","pgv_ns":"0.14","pgv_ew":"0.22","pgv_int_scale":"0.26","wave_image_uri":"https://scweb.cwa.gov.tw/webdata/drawTrace/outcome/2025/2025083/2-A124.gif"},"geometry":{"type":"Point","coordinates":[121.553,24.864]}},{"type":"Feature","properties":{"area_desc":"新北市地區","county_name":"新北市","station_name":"雙溪","station_id":"TIPB","longitude":"121.826","latitude":"24.972","epicenter_distance":"41.56","back_azimuth":"182.32","seismic_intensity":"2","pga_v":"3.79","pga_ns":"7.41","pga_ew":"4.54","pga_int_scale":"7.32","pgv_v":"0.15","pgv_ns":"0.33","pgv_ew":"0.22","pgv_int_scale":"0.35","wave_image_uri":"https://scweb.cwa.gov.tw/webdata/drawTrace/outcome/2025/2025083/2-TIPB.gif"},"geometry":{"type":"Point","coordinates":[121.826,24.972]}},{"type":"Feature","properties":{"area_desc":"新北市地區","county_name":"新北市","station_name":"新北市","station_id":"A024","longitude":"121.475","latitude":"25.019","epicenter_distance":"57.70","back_azimuth":"144.17","seismic_intensity":"2","pga_v":"4.13","pga_ns":"5.25","pga_ew":"6.76","pga_int_scale":"7.16","pgv_v":"0.16","pgv_ns":"0.41","pgv_ew":"0.81","pgv_int_scale":"0.81","wave_image_uri":"https://scweb.cwa.gov.tw/webdata/drawTrace/outcome/2025/2025083/2-A024.gif"},"geometry":{"type":"Point","coordinates":[121.475,25.019]}},{"type":"Feature","properties":{"area_desc":"新北市地區","county_name":"新北市","station_name":"三峽","station_id":"NSX","longitude":"121.374","latitude":"24.939","epicenter_distance":"58.02","back_azimuth":"130.77","seismic_intensity":"2","pga_v":"1.75","pga_ns":"2.69","pga_ew":"2.80","pga_int_scale":"2.89","pgv_v":"0.08","pgv_ns":"0.16","pgv_ew":"0.19","pgv_int_scale":"0.19","wave_image_uri":"https://scweb.cwa.gov.tw/webdata/drawTrace/outcome/2025/2025083/2-NSX.gif"},"geometry":{"type":"Point","coordinates":[121.374,24.939]}},{"type":"Feature","properties":{"area_desc":"新北市地區","county_name":"新北市","station_name":"五股","station_id":"TWS1","longitude":"121.423","latitude":"25.101","epicenter_distance":"68.13","back_azimuth":"145.13","seismic_intensity":"2","pga_v":"3.11","pga_ns":"6.60","pga_ew":"6.38","pga_int_scale":"5.93","pgv_v":"0.16","pgv_ns":"0.30","pgv_ew":"0.32","pgv_int_scale":"0.37","wave_image_uri":"https://scweb.cwa.gov.tw/webdata/drawTrace/outcome/2025/2025083/2-TWS1.gif"},"geometry":{"type":"Point","coordinates":[121.423,25.101]}},{"type":"Feature","properties":{"area_desc":"新北市地區","county_name":"新北市","station_name":"萬里","station_id":"NWR","longitude":"121.661","latitude":"25.202","epicenter_distance":"68.73","back_azimuth":"167.42","seismic_intensity":"2","pga_v":"2.44","pga_ns":"5.51","pga_ew":"4.56","pga_int_scale":"5.43","pgv_v":"0.10","pgv_ns":"0.22","pgv_ew":"0.20","pgv_int_scale":"0.23","wave_image_uri":"https://scweb.cwa.gov.tw/webdata/drawTrace/outcome/2025/2025083/2-NWR.gif"},"geometry":{"type":"Point","coordinates":[121.661,25.202]}},{"type":"Feature","properties":{"area_desc":"新北市地區","county_name":"新北市","station_name":"石門","station_id":"NSM","longitude":"121.589","latitude":"25.288","epicenter_distance":"79.76","back_azimuth":"163.80","seismic_intensity":"2","pga_v":"2.55","pga_ns":"3.95","pga_ew":"4.39","pga_int_scale":"5.49","pgv_v":"0.10","pgv_ns":"0.16","pgv_ew":"0.18","pgv_int_scale":"0.20","wave_image_uri":"https://scweb.cwa.gov.tw/webdata/drawTrace/outcome/2025/2025083/2-NSM.gif"},"geometry":{"type":"Point","coordinates":[121.589,25.288]}},{"type":"Feature","properties":{"area_desc":"新北市地區","county_name":"新北市","station_name":"三貂角","station_id":"TWB1","longitude":"121.997","latitude":"25.007","epicenter_distance":"49.24","back_azimuth":"202.76","seismic_intensity":"2"},"geometry":{"type":"Point","coordinates":[121.997,25.007]}},{"type":"Feature","properties":{"area_desc":"新北市地區","county_name":"新北市","station_name":"烏來","station_id":"A124","longitude":"121.553","latitude":"24.864","epicenter_distance":"60.81","back_azimuth":"147.34","seismic_intensity":"1","pga_v":"1.55","pga_ns":"1.54","pga_ew":"1.59","pga_int_scale":"0.90","pgv_v":"0.02","pgv_ns":"0.02","pgv_ew":"0.02","pgv_int_scale":"0.03","wave_image_uri":"https://scweb.cwa.gov.tw/webdata/drawTrace/outcome/2025/2025085/1-A124.gif"},"geometry":{"type":"Point","coordinates":[121.553,24.864]}},{"type":"Feature","properties":{"area_desc":"新北市地區","county_name":"新北市","station_name":"新店","station_id":"NHDH","longitude":"121.525","latitude":"24.960","epicenter_distance":"71.39","back_azimuth":"150.03","seismic_intensity":"1","pga_v":"1.06","pga_ns":"0.98","pga_ew":"1.26","pga_int_scale":"1.01","pgv_v":"0.43","pgv_ns":"0.04","pgv_ew":"0.03","pgv_int_scale":"0.43","wave_image_uri":"https://scweb.cwa.gov.tw/webdata/drawTrace/outcome/2025/2025085/1-NHDH.gif"},"geometry":{"type":"Point","coordinates":[121.525,24.96]}},{"type":"Feature","properties":{"area_desc":"新北市地區","county_name":"新北市","station_name":"汐止","station_id":"NXZ","longitude":"121.640","latitude":"25.077","epicenter_distance":"78.57","back_azimuth":"162.22","seismic_intensity":"1","pga_v":"0.98","pga_ns":"1.83","pga_ew":"1.59","pga_int_scale":"1.80","pgv_v":"0.01","pgv_ns":"0.04","pgv_ew":"0.05","pgv_int_scale":"0.05","wave_image_uri":"https://scweb.cwa.gov.tw/webdata/drawTrace/outcome/2025/2025085/1-NXZ.gif"},"geometry":{"type":"Point","coordinates":[121.64,25.077]}},{"type":"Feature","properties":{"area_desc":"新北市地區","county_name":"新北市","station_name":"汐止","station_id":"NXZ","longitude":"121.640","latitude":"25.077","epicenter_distance":"78.45","back_azimuth":"165.31","seismic_intensity":"2","pga_v":"0.71","pga_ns":"2.85","pga_ew":"2.38","pga_int_scale":"3.11","pgv_v":"0.02","pgv_ns":"0.08","pgv_ew":"0.09","pgv_int_scale":"0.09","wave_image_uri":"https://scweb.cwa.gov.tw/webdata/drawTrace/outcome/2025/2025086/2-NXZ.gif"},"geometry":{"type":"Point","coordinates":[121.64,25.077]}},{"type":"Feature","properties":{"area_desc":"新北市地區","county_name":"新北市","station_name":"新店","station_id":"NHDH","longitude":"121.525","latitude":"24.960","epicenter_distance":"70.39","back_azimuth":"153.36","seismic_intensity":"1","pga_v":"0.64","pga_ns":"0.68","pga_ew":"0.79","pga_int_scale":"0.85","pgv_v":"0.01","pgv_ns":"0.02","pgv_ew":"0.04","pgv_int_scale":"0.04","wave_image_uri":"https://scweb.cwa.gov.tw/webdata/drawTrace/outcome/2025/2025086/1-NHDH.gif"},"geometry":{"type":"Point","coordinates":[121.525,24.96]}},{"type":"Feature","properties":{"area_desc":"新北市地區","county_name":"新北市","station_name":"新北市","station_id":"A024","longitude":"121.475","latitude":"25.019","epicenter_distance":"78.60","back_azimuth":"152.20","seismic_intensity":"1","pga_v":"0.71","pga_ns":"1.47","pga_ew":"1.04","pga_int_scale":"1.61","pgv_v":"0.03","pgv_ns":"0.06","pgv_ew":"0.04","pgv_int_scale":"0.06","wave_image_uri":"https://scweb.cwa.gov.tw/webdata/drawTrace/outcome/2025/2025086/1-A024.gif"},"geometry":{"type":"Point","coordinates":[121.475,25.019]}},{"type":"Feature","properties":{"area_desc":"新北市地區","county_name":"新北市","station_name":"新店","station_id":"NHDH","longitude":"121.525","latitude":"24.960","epicenter_distance":"89.12","back_azimuth":"169.66","seismic_intensity":"1","pga_v":"0.54","pga_ns":"0.95","pga_ew":"0.96","pga_int_scale":"1.00","pgv_v":"0.01","pgv_ns":"0.04","pgv_ew":"0.03","pgv_int_scale":"0.04","wave_image_uri":"https://scweb.cwa.gov.tw/webdata/drawTrace/outcome/2025/2025089/1-NHDH.gif"},"geometry":{"type":"Point","coordinates":[121.525,24.96]}},{"type":"Feature","properties":{"area_desc":"新北市地區","county_name":"新北市","station_name":"汐止","station_id":"NXZ","longitude":"121.640","latitude":"25.077","epicenter_distance":"100.74","back_azimuth":"177.54","seismic_intensity":"1","pga_v":"0.30","pga_ns":"1.02","pga_ew":"0.76","pga_int_scale":"0.92","pgv_v":"0.01","pgv_ns":"0.03","pgv_ew":"0.02","pgv_int_scale":"0.03","wave_image_uri":"https://scweb.cwa.gov.tw/webdata/drawTrace/outcome/2025/2025089/1-NXZ.gif"},"geometry":{"type":"Point","coordinates":[121.64,25.077]}},{"type":"Feature","properties":{"area_desc":"新北市地區","county_name":"新北市","station_name":"五分山","station_id":"NWF","longitude":"121.782","latitude":"25.072","epicenter_distance":"130.95","back_azimuth":"172.59","seismic_intensity":"2","pga_v":"0.56","pga_ns":"2.61","pga_ew":"1.81","pga_int_scale":"2.80","pgv_v":"0.05","pgv_ns":"0.22","pgv_ew":"0.14","pgv_int_scale":"0.23","wave_image_uri":"https://scweb.cwa.gov.tw/webdata/drawTrace/outcome/2025/2025090/2-NWF.gif"},"geometry":{"type":"Point","coordinates":[121.782,25.072]}},{"type":"Feature","properties":{"area_desc":"新北市地區","county_name":"新北市","station_name":"新店","station_id":"NHDH","longitude":"121.525","latitude":"24.960","epicenter_distance":"125.03","back_azimuth":"159.92","seismic_intensity":"1","pga_v":"0.45","pga_ns":"1.13","pga_ew":"1.77","pga_int_scale":"1.79","pgv_v":"0.05","pgv_ns":"0.08","pgv_ew":"0.10","pgv_int_scale":"0.10","wave_image_uri":"https://scweb.cwa.gov.tw/webdata/drawTrace/outcome/2025/2025090/1-NHDH.gif"},"geometry":{"type":"Point","coordinates":[121.525,24.96]}},{"type":"Feature","properties":{"area_desc":"新北市地區","county_name":"新北市","station_name":"三峽","station_id":"NSX","longitude":"121.374","latitude":"24.939","epicenter_distance":"129.04","back_azimuth":"153.18","seismic_intensity":"1","pga_v":"0.51","pga_ns":"0.84","pga_ew":"1.15","pga_int_scale":"1.14","pgv_v":"0.07","pgv_ns":"0.12","pgv_ew":"0.12","pgv_int_scale":"0.12","wave_image_uri":"https://scweb.cwa.gov.tw/webdata/drawTrace/outcome/2025/2025090/1-NSX.gif"},"geometry":{"type":"Point","coordinates":[121.374,24.939]}},{"type":"Feature","properties":{"area_desc":"新北市地區","county_name":"新北市","station_name":"新北市","station_id":"A024","longitude":"121.475","latitude":"25.019","epicenter_distance":"133.02","back_azimuth":"158.83","seismic_intensity":"1","pga_v":"0.85","pga_ns":"1.56","pga_ew":"1.24","pga_int_scale":"1.63","pgv_v":"0.08","pgv_ns":"0.15","pgv_ew":"0.14","pgv_int_scale":"0.15","wave_image_uri":"https://scweb.cwa.gov.tw/webdata/drawTrace/outcome/2025/2025090/1-A024.gif"},"geometry":{"type":"Point","coordinates":[121.475,25.019]}},{"type":"Feature","properties":{"area_desc":"新北市地區","county_name":"新北市","station_name":"汐止","station_id":"NXZ","longitude":"121.640","latitude":"25.077","epicenter_distance":"134.09","back_azimuth":"166.53","seismic_intensity":"1","pga_v":"0.56","pga_ns":"1.34","pga_ew":"1.55","pga_int_scale":"1.73","pgv_v":"0.05","pgv_ns":"0.08","pgv_ew":"0.09","pgv_int_scale":"0.10","wave_image_uri":"https://scweb.cwa.gov.tw/webdata/drawTrace/outcome/2025/2025090/1-NXZ.gif"},"geometry":{"type":"Point","coordinates":[121.64,25.077]}},{"type":"Feature","properties":{"area_desc":"新北市地區","county_name":"新北市","station_name":"淡水","station_id":"NTS","longitude":"121.449","latitude":"25.164","epicenter_distance":"149.01","back_azimuth":"160.15","seismic_intensity":"1","pga_v":"0.65","pga_ns":"0.79","pga_ew":"0.84","pga_int_scale":"0.80","pgv_v":"0.08","pgv_ns":"0.12","pgv_ew":"0.08","pgv_int_scale":"0.13","wave_image_uri":"https://scweb.cwa.gov.tw/webdata/drawTrace/outcome/2025/2025090/1-NTS.gif"},"geometry":{"type":"Point","coordinates":[121.449,25.164]}},{"type":"Feature","properties":{"area_desc":"新北市地區","county_name":"新北市","station_name":"五分山","station_id":"NWF","longitude":"121.782","latitude":"25.072","epicenter_distance":"130.83","back_azimuth":"173.15","seismic_intensity":"2","pga_v":"0.63","pga_ns":"3.06","pga_ew":"2.27","pga_int_scale":"3.34","pgv_v":"0.08","pgv_ns":"0.35","pgv_ew":"0.29","pgv_int_scale":"0.36","wave_image_uri":"https://scweb.cwa.gov.tw/webdata/drawTrace/outcome/2025/2025092/2-NWF.gif"},"geometry":{"type":"Point","coordinates":[121.782,25.072]}},{"type":"Feature","properties":{"area_desc":"新北市地區","county_name":"新北市","station_name":"新北市","station_id":"A024","longitude":"121.475","latitude":"25.019","epicenter_distance":"132.60","back_azimuth":"159.36","seismic_intensity":"2","pga_v":"1.51","pga_ns":"2.50","pga_ew":"2.11","pga_int_scale":"3.08","pgv_v":"0.14","pgv_ns":"0.28","pgv_ew":"0.34","pgv_int_scale":"0.35","wave_image_uri":"https://scweb.cwa.gov.tw/webdata/drawTrace/outcome/2025/2025092/2-A024.gif"},"geometry":{"type":"Point","coordinates":[121.475,25.019]}},{"type":"Feature","properties":{"area_desc":"新北市地區","county_name":"新北市","station_name":"烏來","station_id":"A124","longitude":"121.553","latitude":"24.864","epicenter_distance":"113.65","back_azimuth":"160.04","seismic_intensity":"1","pga_v":"0.60","pga_ns":"0.71","pga_ew":"0.83","pga_int_scale":"0.97","pgv_v":"0.08","pgv_ns":"0.09","pgv_ew":"0.09","pgv_int_scale":"0.13","wave_image_uri":"https://scweb.cwa.gov.tw/webdata/drawTrace/outcome/2025/2025092/1-A124.gif"},"geometry":{"type":"Point","coordinates":[121.553,24.864]}},{"type":"Feature","properties":{"area_desc":"新北市地區","county_name":"新北市","station_name":"雙溪","station_id":"TIPB","longitude":"121.826","latitude":"24.972","epicenter_distance":"119.36","back_azimuth":"174.62","seismic_intensity":"1","pga_v":"0.52","pga_ns":"0.84","pga_ew":"0.73","pga_int_scale":"0.95","pgv_v":"0.10","pgv_ns":"0.11","pgv_ew":"0.10","pgv_int_scale":"0.15","wave_image_uri":"https://scweb.cwa.gov.tw/webdata/drawTrace/outcome/2025/2025092/1-TIPB.gif"},"geometry":{"type":"Point","coordinates":[121.826,24.972]}},{"type":"Feature","properties":{"area_desc":"新北市地區","county_name":"新北市","station_name":"新店","station_id":"NHDH","longitude":"121.525","latitude":"24.960","epicenter_distance":"124.63","back_azimuth":"160.48","seismic_intensity":"1","pga_v":"0.62","pga_ns":"1.73","pga_ew":"1.73","pga_int_scale":"1.87","pgv_v":"0.08","pgv_ns":"0.12","pgv_ew":"0.13","pgv_int_scale":"0.15","wave_image_uri":"https://scweb.cwa.gov.tw/webdata/drawTrace/outcome/2025/2025092/1-NHDH.gif"},"geometry":{"type":"Point","coordinates":[121.525,24.96]}},{"type":"Feature","properties":{"area_desc":"新北市地區","county_name":"新北市","station_name":"三峽","station_id":"NSX","longitude":"121.374","latitude":"24.939","epicenter_distance":"128.50","back_azimuth":"153.69","seismic_intensity":"1","pga_v":"0.96","pga_ns":"1.50","pga_ew":"1.25","pga_int_scale":"1.56","pgv_v":"0.14","pgv_ns":"0.22","pgv_ew":"0.20","pgv_int_scale":"0.23","wave_image_uri":"https://scweb.cwa.gov.tw/webdata/drawTrace/outcome/2025/2025092/1-NSX.gif"},"geometry":{"type":"Point","coordinates":[121.374,24.939]}},{"type":"Feature","properties":{"area_desc":"新北市地區","county_name":"新北市","station_name":"汐止","station_id":"NXZ","longitude":"121.640","latitude":"25.077","epicenter_distance":"133.84","back_azimuth":"167.07","seismic_intensity":"1","pga_v":"0.82","pga_ns":"1.70","pga_ew":"2.10","pga_int_scale":"2.11","pgv_v":"0.12","pgv_ns":"0.18","pgv_ew":"0.22","pgv_int_scale":"0.22","wave_image_uri":"https://scweb.cwa.gov.tw/webdata/drawTrace/outcome/2025/2025092/1-NXZ.gif"},"geometry":{"type":"Point","coordinates":[121.64,25.077]}},{"type":"Feature","properties":{"area_desc":"新北市地區","county_name":"新北市","station_name":"五股","station_id":"TWS1","longitude":"121.423","latitude":"25.101","epicenter_distance":"142.97","back_azimuth":"158.70","seismic_intensity":"1","pga_v":"0.62","pga_ns":"0.82","pga_ew":"0.87","pga_int_scale":"0.95","pgv_v":"0.12","pgv_ns":"0.17","pgv_ew":"0.18","pgv_int_scale":"0.26","wave_image_uri":"https://scweb.cwa.gov.tw/webdata/drawTrace/outcome/2025/2025092/1-TWS1.gif"},"geometry":{"type":"Point","coordinates":[121.423,25.101]}},{"type":"Feature","properties":{"area_desc":"新北市地區","county_name":"新北市","station_name":"萬里","station_id":"NWR","longitude":"121.661","latitude":"25.202","epicenter_distance":"147.05","back_azimuth":"169.07","seismic_intensity":"1","pga_v":"0.45","pga_ns":"0.84","pga_ew":"0.73","pga_int_scale":"0.88","pgv_v":"0.08","pgv_ns":"0.10","pgv_ew":"0.10","pgv_int_scale":"0.11","wave_image_uri":"https://scweb.cwa.gov.tw/webdata/drawTrace/outcome/2025/2025092/1-NWR.gif"},"geometry":{"type":"Point","coordinates":[121.661,25.202]}},{"type":"Feature","properties":{"area_desc":"新北市地區","county_name":"新北市","station_name":"淡水","station_id":"NTS","longitude":"121.449","latitude":"25.164","epicenter_distance":"148.61","back_azimuth":"160.62","seismic_intensity":"1","pga_v":"0.85","pga_ns":"1.50","pga_ew":"1.37","pga_int_scale":"1.64","pgv_v":"0.16","pgv_ns":"0.31","pgv_ew":"0.27","pgv_int_scale":"0.32","wave_image_uri":"https://scweb.cwa.gov.tw/webdata/drawTrace/outcome/2025/2025092/1-NTS.gif"},"geometry":{"type":"Point","coordinates":[121.449,25.164]}},{"type":"Feature","properties":{"area_desc":"新北市地區","county_name":"新北市","station_name":"汐止","station_id":"NXZ","longitude":"121.640","latitude":"25.077","epicenter_distance":"86.94","back_azimuth":"165.07","seismic_intensity":"1","pga_v":"0.56","pga_ns":"1.08","pga_ew":"1.26","pga_int_scale":"1.24","pgv_v":"0.01","pgv_ns":"0.03","pgv_ew":"0.03","pgv_int_scale":"0.03","wave_image_uri":"https://scweb.cwa.gov.tw/webdata/drawTrace/outcome/2025/2025096/1-NXZ.gif"},"geometry":{"type":"Point","coordinates":[121.64,25.077]}},{"type":"Feature","properties":{"area_desc":"新北市地區","county_name":"新北市","station_name":"五分山","station_id":"NWF","longitude":"121.782","latitude":"25.072","epicenter_distance":"152.35","back_azimuth":"112.65","seismic_intensity":"2","pga_v":"0.59","pga_ns":"2.97","pga_ew":"1.51","pga_int_scale":"3.10","pgv_v":"0.05","pgv_ns":"0.48","pgv_ew":"0.19","pgv_int_scale":"0.51","wave_image_uri":"https://scweb.cwa.gov.tw/webdata/drawTrace/outcome/2025/2025082/2-NWF.gif"},"geometry":{"type":"Point","coordinates":[121.782,25.072]}},{"type":"Feature","properties":{"area_desc":"新北市地區","county_name":"新北市","station_name":"汐止","station_id":"NXZ","longitude":"121.640","latitude":"25.077","epicenter_distance":"165.84","back_azimuth":"110.92","seismic_intensity":"2","pga_v":"1.71","pga_ns":"3.42","pga_ew":"3.85","pga_int_scale":"3.53","pgv_v":"0.04","pgv_ns":"0.11","pgv_ew":"0.16","pgv_int_scale":"0.18","wave_image_uri":"https://scweb.cwa.gov.tw/webdata/drawTrace/outcome/2025/2025082/2-NXZ.gif"},"geometry":{"type":"Point","coordinates":[121.64,25.077]}},{"type":"Feature","properties":{"area_desc":"新北市地區","county_name":"新北市","station_name":"新店","station_id":"NHDH","longitude":"121.525","latitude":"24.960","epicenter_distance":"172.92","back_azimuth":"105.51","seismic_intensity":"2","pga_v":"1.12","pga_ns":"2.60","pga_ew":"2.74","pga_int_scale":"2.58","pgv_v":"0.04","pgv_ns":"0.10","pgv_ew":"0.09","pgv_int_scale":"0.12","wave_image_uri":"https://scweb.cwa.gov.tw/webdata/drawTrace/outcome/2025/2025082/2-NHDH.gif"},"geometry":{"type":"Point","coordinates":[121.525,24.96]}},{"type":"Feature","properties":{"area_desc":"新北市地區","county_name":"新北市","station_name":"新北市","station_id":"A024","longitude":"121.475","latitude":"25.019","epicenter_distance":"179.64","back_azimuth":"107.11","seismic_intensity":"2","pga_v":"2.01","pga_ns":"1.39","pga_ew":"2.51","pga_int_scale":"2.86","pgv_v":"0.06","pgv_ns":"0.07","pgv_ew":"0.10","pgv_int_scale":"0.12","wave_image_uri":"https://scweb.cwa.gov.tw/webdata/drawTrace/outcome/2025/2025082/2-A024.gif"},"geometry":{"type":"Point","coordinates":[121.475,25.019]}},{"type":"Feature","properties":{"area_desc":"新北市地區","county_name":"新北市","station_name":"淡水","station_id":"NTS","longitude":"121.449","latitude":"25.164","epicenter_distance":"187.32","back_azimuth":"111.61","seismic_intensity":"2","pga_v":"1.05","pga_ns":"4.06","pga_ew":"2.81","pga_int_scale":"3.29","pgv_v":"0.05","pgv_ns":"0.10","pgv_ew":"0.11","pgv_int_scale":"0.13","wave_image_uri":"https://scweb.cwa.gov.tw/webdata/drawTrace/outcome/2025/2025082/2-NTS.gif"},"geometry":{"type":"Point","coordinates":[121.449,25.164]}},{"type":"Feature","properties":{"area_desc":"新北市地區","county_name":"新北市","station_name":"三貂角","station_id":"TWB1","longitude":"121.997","latitude":"25.007","epicenter_distance":"129.52","back_azimuth":"113.42","seismic_intensity":"2"},"geometry":{"type":"Point","coordinates":[121.997,25.007]}},{"type":"Feature","properties":{"area_desc":"新北市地區","county_name":"新北市","station_name":"雙溪","station_id":"TIPB","longitude":"121.826","latitude":"24.972","epicenter_distance":"144.31","back_azimuth":"109.26","seismic_intensity":"1","pga_v":"0.97","pga_ns":"0.73","pga_ew":"0.57","pga_int_scale":"0.86","pgv_v":"0.08","pgv_ns":"0.11","pgv_ew":"0.07","pgv_int_scale":"0.11","wave_image_uri":"https://scweb.cwa.gov.tw/webdata/drawTrace/outcome/2025/2025082/1-TIPB.gif"},"geometry":{"type":"Point","coordinates":[121.826,24.972]}},{"type":"Feature","properties":{"area_desc":"新北市地區","county_name":"新北市","station_name":"烏來","station_id":"A124","longitude":"121.553","latitude":"24.864","epicenter_distance":"167.65","back_azimuth":"102.26","seismic_intensity":"1","pga_v":"1.01","pga_ns":"2.30","pga_ew":"1.61","pga_int_scale":"1.67","pgv_v":"0.03","pgv_ns":"0.04","pgv_ew":"0.04","pgv_int_scale":"0.04","wave_image_uri":"https://scweb.cwa.gov.tw/webdata/drawTrace/outcome/2025/2025082/1-A124.gif"},"geometry":{"type":"Point","coordinates":[121.553,24.864]}},{"type":"Feature","properties":{"area_desc":"新北市地區","county_name":"新北市","station_name":"萬里","station_id":"NWR","longitude":"121.661","latitude":"25.202","epicenter_distance":"169.39","back_azimuth":"115.59","seismic_intensity":"1","pga_v":"0.34","pga_ns":"1.05","pga_ew":"0.70","pga_int_scale":"1.01","pgv_v":"0.02","pgv_ns":"0.04","pgv_ew":"0.04","pgv_int_scale":"0.04","wave_image_uri":"https://scweb.cwa.gov.tw/webdata/drawTrace/outcome/2025/2025082/1-NWR.gif"},"geometry":{"type":"Point","coordinates":[121.661,25.202]}},{"type":"Feature","properties":{"area_desc":"新北市地區","county_name":"新北市","station_name":"石門","station_id":"NSM","longitude":"121.589","latitude":"25.288","epicenter_distance":"180.10","back_azimuth":"117.33","seismic_intensity":"1","pga_v":"0.48","pga_ns":"1.13","pga_ew":"2.01","pga_int_scale":"2.10","pgv_v":"0.03","pgv_ns":"0.17","pgv_ew":"0.06","pgv_int_scale":"0.18","wave_image_uri":"https://scweb.cwa.gov.tw/webdata/drawTrace/outcome/2025/2025082/1-NSM.gif"},"geometry":{"type":"Point","coordinates":[121.589,25.288]}},{"type":"Feature","properties":{"area_desc":"新北市地區","county_name":"新北市","station_name":"三峽","station_id":"NSX","longitude":"121.374","latitude":"24.939","epicenter_distance":"187.13","back_azimuth":"103.59","seismic_intensity":"1","pga_v":"0.91","pga_ns":"2.09","pga_ew":"1.64","pga_int_scale":"1.69","pgv_v":"0.03","pgv_ns":"0.06","pgv_ew":"0.06","pgv_int_scale":"0.06","wave_image_uri":"https://scweb.cwa.gov.tw/webdata/drawTrace/outcome/2025/2025082/1-NSX.gif"},"geometry":{"type":"Point","coordinates":[121.374,24.939]}},{"type":"Feature","properties":{"area_desc":"新北市地區","county_name":"新北市","station_name":"五股","station_id":"TWS1","longitude":"121.423","latitude":"25.101","epicenter_distance":"187.36","back_azimuth":"109.32","seismic_intensity":"1","pga_v":"1.14","pga_ns":"1.52","pga_ew":"1.92","pga_int_scale":"1.43","pgv_v":"0.04","pgv_ns":"0.05","pgv_ew":"0.07","pgv_int_scale":"0.07","wave_image_uri":"https://scweb.cwa.gov.tw/webdata/drawTrace/outcome/2025/2025082/1-TWS1.gif"},"geometry":{"type":"Point","coordinates":[121.423,25.101]}},{"type":"Feature","properties":{"area_desc":"新北市地區","county_name":"新北市","station_name":"新店","station_id":"NHDH","longitude":"121.525","latitude":"24.960","epicenter_distance":"49.36","back_azimuth":"144.46","seismic_intensity":"3","pga_v":"2.85","pga_ns":"14.78","pga_ew":"16.92","pga_int_scale":"21.69","pgv_v":"0.15","pgv_ns":"1.02","pgv_ew":"1.04","pgv_int_scale":"1.26","wave_image_uri":"https://scweb.cwa.gov.tw/webdata/drawTrace/outcome/2025/2025083/3-NHDH.gif"},"geometry":{"type":"Point","coordinates":[121.525,24.96]}},{"type":"Feature","properties":{"area_desc":"新北市地區","county_name":"新北市","station_name":"五分山","station_id":"NWF","longitude":"121.782","latitude":"25.072","epicenter_distance":"52.67","back_azimuth":"177.03","seismic_intensity":"3","pga_v":"3.90","pga_ns":"18.50","pga_ew":"11.31","pga_int_scale":"18.75","pgv_v":"0.21","pgv_ns":"1.62","pgv_ew":"0.88","pgv_int_scale":"1.65","wave_image_uri":"https://scweb.cwa.gov.tw/webdata/drawTrace/outcome/2025/2025083/3-NWF.gif"},"geometry":{"type":"Point","coordinates":[121.782,25.072]}},{"type":"Feature","properties":{"area_desc":"新北市地區","county_name":"新北市","station_name":"汐止","station_id":"NXZ","longitude":"121.640","latitude":"25.077","epicenter_distance":"55.80","back_azimuth":"162.23","seismic_intensity":"3","pga_v":"8.74","pga_ns":"15.03","pga_ew":"16.57","pga_int_scale":"19.10","pgv_v":"0.31","pgv_ns":"0.61","pgv_ew":"0.78","pgv_int_scale":"0.85","wave_image_uri":"https://scweb.cwa.gov.tw/webdata/drawTrace/outcome/2025/2025083/3-NXZ.gif"},"geometry":{"type":"Point","coordinates":[121.64,25.077]}},{"type":"Feature","properties":{"area_desc":"新北市地區","county_name":"新北市","station_name":"淡水","station_id":"NTS","longitude":"121.449","latitude":"25.164","epicenter_distance":"72.64","back_azimuth":"149.98","seismic_intensity":"3","pga_v":"3.80","pga_ns":"9.01","pga_ew":"8.99","pga_int_scale":"9.98","pgv_v":"0.21","pgv_ns":"0.45","pgv_ew":"0.67","pgv_int_scale":"0.68","wave_image_uri":"https://scweb.cwa.gov.tw/webdata/drawTrace/outcome/2025/2025083/3-NTS.gif"},"geometry":{"type":"Point","coordinates":[121.449,25.164]}},{"type":"Feature","properties":{"area_desc":"新北市地區","county_name":"新北市","station_name":"烏來","station_id":"A124","longitude":"121.553","latitude":"24.864","epicenter_distance":"39.23","back_azimuth":"138.81","seismic_intensity":"2","pga_v":"3.32","pga_ns":"4.47","pga_ew":"5.94","pga_int_scale":"5.70","pgv_v":"0.11","pgv_ns":"0.14","pgv_ew":"0.22","pgv_int_scale":"0.26","wave_image_uri":"https://scweb.cwa.gov.tw/webdata/drawTrace/outcome/2025/2025083/2-A124.gif"},"geometry":{"type":"Point","coordinates":[121.553,24.864]}},{"type":"Feature","properties":{"area_desc":"新北市地區","county_name":"新北市","station_name":"雙溪","station_id":"TIPB","longitude":"121.826","latitude":"24.972","epicenter_distance":"41.56","back_azimuth":"182.32","seismic_intensity":"2","pga_v":"3.79","pga_ns":"7.41","pga_ew":"4.54","pga_int_scale":"7.32","pgv_v":"0.15","pgv_ns":"0.33","pgv_ew":"0.22","pgv_int_scale":"0.35","wave_image_uri":"https://scweb.cwa.gov.tw/webdata/drawTrace/outcome/2025/2025083/2-TIPB.gif"},"geometry":{"type":"Point","coordinates":[121.826,24.972]}},{"type":"Feature","properties":{"area_desc":"新北市地區","county_name":"新北市","station_name":"新北市","station_id":"A024","longitude":"121.475","latitude":"25.019","epicenter_distance":"57.70","back_azimuth":"144.17","seismic_intensity":"2","pga_v":"4.13","pga_ns":"5.25","pga_ew":"6.76","pga_int_scale":"7.16","pgv_v":"0.16","pgv_ns":"0.41","pgv_ew":"0.81","pgv_int_scale":"0.81","wave_image_uri":"https://scweb.cwa.gov.tw/webdata/drawTrace/outcome/2025/2025083/2-A024.gif"},"geometry":{"type":"Point","coordinates":[121.475,25.019]}},{"type":"Feature","properties":{"area_desc":"新北市地區","county_name":"新北市","station_name":"三峽","station_id":"NSX","longitude":"121.374","latitude":"24.939","epicenter_distance":"58.02","back_azimuth":"130.77","seismic_intensity":"2","pga_v":"1.75","pga_ns":"2.69","pga_ew":"2.80","pga_int_scale":"2.89","pgv_v":"0.08","pgv_ns":"0.16","pgv_ew":"0.19","pgv_int_scale":"0.19","wave_image_uri":"https://scweb.cwa.gov.tw/webdata/drawTrace/outcome/2025/2025083/2-NSX.gif"},"geometry":{"type":"Point","coordinates":[121.374,24.939]}},{"type":"Feature","properties":{"area_desc":"新北市地區","county_name":"新北市","station_name":"五股","station_id":"TWS1","longitude":"121.423","latitude":"25.101","epicenter_distance":"68.13","back_azimuth":"145.13","seismic_intensity":"2","pga_v":"3.11","pga_ns":"6.60","pga_ew":"6.38","pga_int_scale":"5.93","pgv_v":"0.16","pgv_ns":"0.30","pgv_ew":"0.32","pgv_int_scale":"0.37","wave_image_uri":"https://scweb.cwa.gov.tw/webdata/drawTrace/outcome/2025/2025083/2-TWS1.gif"},"geometry":{"type":"Point","coordinates":[121.423,25.101]}},{"type":"Feature","properties":{"area_desc":"新北市地區","county_name":"新北市","station_name":"萬里","station_id":"NWR","longitude":"121.661","latitude":"25.202","epicenter_distance":"68.73","back_azimuth":"167.42","seismic_intensity":"2","pga_v":"2.44","pga_ns":"5.51","pga_ew":"4.56","pga_int_scale":"5.43","pgv_v":"0.10","pgv_ns":"0.22","pgv_ew":"0.20","pgv_int_scale":"0.23","wave_image_uri":"https://scweb.cwa.gov.tw/webdata/drawTrace/outcome/2025/2025083/2-NWR.gif"},"geometry":{"type":"Point","coordinates":[121.661,25.202]}},{"type":"Feature","properties":{"area_desc":"新北市地區","county_name":"新北市","station_name":"石門","station_id":"NSM","longitude":"121.589","latitude":"25.288","epicenter_distance":"79.76","back_azimuth":"163.80","seismic_intensity":"2","pga_v":"2.55","pga_ns":"3.95","pga_ew":"4.39","pga_int_scale":"5.49","pgv_v":"0.10","pgv_ns":"0.16","pgv_ew":"0.18","pgv_int_scale":"0.20","wave_image_uri":"https://scweb.cwa.gov.tw/webdata/drawTrace/outcome/2025/2025083/2-NSM.gif"},"geometry":{"type":"Point","coordinates":[121.589,25.288]}},{"type":"Feature","properties":{"area_desc":"新北市地區","county_name":"新北市","station_name":"三貂角","station_id":"TWB1","longitude":"121.997","latitude":"25.007","epicenter_distance":"49.24","back_azimuth":"202.76","seismic_intensity":"2"},"geometry":{"type":"Point","coordinates":[121.997,25.007]}},{"type":"Feature","properties":{"area_desc":"新北市地區","county_name":"新北市","station_name":"烏來","station_id":"A124","longitude":"121.553","latitude":"24.864","epicenter_distance":"60.81","back_azimuth":"147.34","seismic_intensity":"1","pga_v":"1.55","pga_ns":"1.54","pga_ew":"1.59","pga_int_scale":"0.90","pgv_v":"0.02","pgv_ns":"0.02","pgv_ew":"0.02","pgv_int_scale":"0.03","wave_image_uri":"https://scweb.cwa.gov.tw/webdata/drawTrace/outcome/2025/2025085/1-A124.gif"},"geometry":{"type":"Point","coordinates":[121.553,24.864]}},{"type":"Feature","properties":{"area_desc":"新北市地區","county_name":"新北市","station_name":"新店","station_id":"NHDH","longitude":"121.525","latitude":"24.960","epicenter_distance":"71.39","back_azimuth":"150.03","seismic_intensity":"1","pga_v":"1.06","pga_ns":"0.98","pga_ew":"1.26","pga_int_scale":"1.01","pgv_v":"0.43","pgv_ns":"0.04","pgv_ew":"0.03","pgv_int_scale":"0.43","wave_image_uri":"https://scweb.cwa.gov.tw/webdata/drawTrace/outcome/2025/2025085/1-NHDH.gif"},"geometry":{"type":"Point","coordinates":[121.525,24.96]}},{"type":"Feature","properties":{"area_desc":"新北市地區","county_name":"新北市","station_name":"汐止","station_id":"NXZ","longitude":"121.640","latitude":"25.077","epicenter_distance":"78.57","back_azimuth":"162.22","seismic_intensity":"1","pga_v":"0.98","pga_ns":"1.83","pga_ew":"1.59","pga_int_scale":"1.80","pgv_v":"0.01","pgv_ns":"0.04","pgv_ew":"0.05","pgv_int_scale":"0.05","wave_image_uri":"https://scweb.cwa.gov.tw/webdata/drawTrace/outcome/2025/2025085/1-NXZ.gif"},"geometry":{"type":"Point","coordinates":[121.64,25.077]}},{"type":"Feature","properties":{"area_desc":"新北市地區","county_name":"新北市","station_name":"汐止","station_id":"NXZ","longitude":"121.640","latitude":"25.077","epicenter_distance":"78.45","back_azimuth":"165.31","seismic_intensity":"2","pga_v":"0.71","pga_ns":"2.85","pga_ew":"2.38","pga_int_scale":"3.11","pgv_v":"0.02","pgv_ns":"0.08","pgv_ew":"0.09","pgv_int_scale":"0.09","wave_image_uri":"https://scweb.cwa.gov.tw/webdata/drawTrace/outcome/2025/2025086/2-NXZ.gif"},"geometry":{"type":"Point","coordinates":[121.64,25.077]}},{"type":"Feature","properties":{"area_desc":"新北市地區","county_name":"新北市","station_name":"新店","station_id":"NHDH","longitude":"121.525","latitude":"24.960","epicenter_distance":"70.39","back_azimuth":"153.36","seismic_intensity":"1","pga_v":"0.64","pga_ns":"0.68","pga_ew":"0.79","pga_int_scale":"0.85","pgv_v":"0.01","pgv_ns":"0.02","pgv_ew":"0.04","pgv_int_scale":"0.04","wave_image_uri":"https://scweb.cwa.gov.tw/webdata/drawTrace/outcome/2025/2025086/1-NHDH.gif"},"geometry":{"type":"Point","coordinates":[121.525,24.96]}},{"type":"Feature","properties":{"area_desc":"新北市地區","county_name":"新北市","station_name":"新北市","station_id":"A024","longitude":"121.475","latitude":"25.019","epicenter_distance":"78.60","back_azimuth":"152.20","seismic_intensity":"1","pga_v":"0.71","pga_ns":"1.47","pga_ew":"1.04","pga_int_scale":"1.61","pgv_v":"0.03","pgv_ns":"0.06","pgv_ew":"0.04","pgv_int_scale":"0.06","wave_image_uri":"https://scweb.cwa.gov.tw/webdata/drawTrace/outcome/2025/2025086/1-A024.gif"},"geometry":{"type":"Point","coordinates":[121.475,25.019]}},{"type":"Feature","properties":{"area_desc":"新北市地區","county_name":"新北市","station_name":"新店","station_id":"NHDH","longitude":"121.525","latitude":"24.960","epicenter_distance":"89.12","back_azimuth":"169.66","seismic_intensity":"1","pga_v":"0.54","pga_ns":"0.95","pga_ew":"0.96","pga_int_scale":"1.00","pgv_v":"0.01","pgv_ns":"0.04","pgv_ew":"0.03","pgv_int_scale":"0.04","wave_image_uri":"https://scweb.cwa.gov.tw/webdata/drawTrace/outcome/2025/2025089/1-NHDH.gif"},"geometry":{"type":"Point","coordinates":[121.525,24.96]}},{"type":"Feature","properties":{"area_desc":"新北市地區","county_name":"新北市","station_name":"汐止","station_id":"NXZ","longitude":"121.640","latitude":"25.077","epicenter_distance":"100.74","back_azimuth":"177.54","seismic_intensity":"1","pga_v":"0.30","pga_ns":"1.02","pga_ew":"0.76","pga_int_scale":"0.92","pgv_v":"0.01","pgv_ns":"0.03","pgv_ew":"0.02","pgv_int_scale":"0.03","wave_image_uri":"https://scweb.cwa.gov.tw/webdata/drawTrace/outcome/2025/2025089/1-NXZ.gif"},"geometry":{"type":"Point","coordinates":[121.64,25.077]}},{"type":"Feature","properties":{"area_desc":"新北市地區","county_name":"新北市","station_name":"五分山","station_id":"NWF","longitude":"121.782","latitude":"25.072","epicenter_distance":"130.95","back_azimuth":"172.59","seismic_intensity":"2","pga_v":"0.56","pga_ns":"2.61","pga_ew":"1.81","pga_int_scale":"2.80","pgv_v":"0.05","pgv_ns":"0.22","pgv_ew":"0.14","pgv_int_scale":"0.23","wave_image_uri":"https://scweb.cwa.gov.tw/webdata/drawTrace/outcome/2025/2025090/2-NWF.gif"},"geometry":{"type":"Point","coordinates":[121.782,25.072]}},{"type":"Feature","properties":{"area_desc":"新北市地區","county_name":"新北市","station_name":"新店","station_id":"NHDH","longitude":"121.525","latitude":"24.960","epicenter_distance":"125.03","back_azimuth":"159.92","seismic_intensity":"1","pga_v":"0.45","pga_ns":"1.13","pga_ew":"1.77","pga_int_scale":"1.79","pgv_v":"0.05","pgv_ns":"0.08","pgv_ew":"0.10","pgv_int_scale":"0.10","wave_image_uri":"https://scweb.cwa.gov.tw/webdata/drawTrace/outcome/2025/2025090/1-NHDH.gif"},"geometry":{"type":"Point","coordinates":[121.525,24.96]}},{"type":"Feature","properties":{"area_desc":"新北市地區","county_name":"新北市","station_name":"三峽","station_id":"NSX","longitude":"121.374","latitude":"24.939","epicenter_distance":"129.04","back_azimuth":"153.18","seismic_intensity":"1","pga_v":"0.51","pga_ns":"0.84","pga_ew":"1.15","pga_int_scale":"1.14","pgv_v":"0.07","pgv_ns":"0.12","pgv_ew":"0.12","pgv_int_scale":"0.12","wave_image_uri":"https://scweb.cwa.gov.tw/webdata/drawTrace/outcome/2025/2025090/1-NSX.gif"},"geometry":{"type":"Point","coordinates":[121.374,24.939]}},{"type":"Feature","properties":{"area_desc":"新北市地區","county_name":"新北市","station_name":"新北市","station_id":"A024","longitude":"121.475","latitude":"25.019","epicenter_distance":"133.02","back_azimuth":"158.83","seismic_intensity":"1","pga_v":"0.85","pga_ns":"1.56","pga_ew":"1.24","pga_int_scale":"1.63","pgv_v":"0.08","pgv_ns":"0.15","pgv_ew":"0.14","pgv_int_scale":"0.15","wave_image_uri":"https://scweb.cwa.gov.tw/webdata/drawTrace/outcome/2025/2025090/1-A024.gif"},"geometry":{"type":"Point","coordinates":[121.475,25.019]}},{"type":"Feature","properties":{"area_desc":"新北市地區","county_name":"新北市","station_name":"汐止","station_id":"NXZ","longitude":"121.640","latitude":"25.077","epicenter_distance":"134.09","back_azimuth":"166.53","seismic_intensity":"1","pga_v":"0.56","pga_ns":"1.34","pga_ew":"1.55","pga_int_scale":"1.73","pgv_v":"0.05","pgv_ns":"0.08","pgv_ew":"0.09","pgv_int_scale":"0.10","wave_image_uri":"https://scweb.cwa.gov.tw/webdata/drawTrace/outcome/2025/2025090/1-NXZ.gif"},"geometry":{"type":"Point","coordinates":[121.64,25.077]}},{"type":"Feature","properties":{"area_desc":"新北市地區","county_name":"新北市","station_name":"淡水","station_id":"NTS","longitude":"121.449","latitude":"25.164","epicenter_distance":"149.01","back_azimuth":"160.15","seismic_intensity":"1","pga_v":"0.65","pga_ns":"0.79","pga_ew":"0.84","pga_int_scale":"0.80","pgv_v":"0.08","pgv_ns":"0.12","pgv_ew":"0.08","pgv_int_scale":"0.13","wave_image_uri":"https://scweb.cwa.gov.tw/webdata/drawTrace/outcome/2025/2025090/1-NTS.gif"},"geometry":{"type":"Point","coordinates":[121.449,25.164]}},{"type":"Feature","properties":{"area_desc":"新北市地區","county_name":"新北市","station_name":"五分山","station_id":"NWF","longitude":"121.782","latitude":"25.072","epicenter_distance":"130.83","back_azimuth":"173.15","seismic_intensity":"2","pga_v":"0.63","pga_ns":"3.06","pga_ew":"2.27","pga_int_scale":"3.34","pgv_v":"0.08","pgv_ns":"0.35","pgv_ew":"0.29","pgv_int_scale":"0.36","wave_image_uri":"https://scweb.cwa.gov.tw/webdata/drawTrace/outcome/2025/2025092/2-NWF.gif"},"geometry":{"type":"Point","coordinates":[121.782,25.072]}},{"type":"Feature","properties":{"area_desc":"新北市地區","county_name":"新北市","station_name":"新北市","station_id":"A024","longitude":"121.475","latitude":"25.019","epicenter_distance":"132.60","back_azimuth":"159.36","seismic_intensity":"2","pga_v":"1.51","pga_ns":"2.50","pga_ew":"2.11","pga_int_scale":"3.08","pgv_v":"0.14","pgv_ns":"0.28","pgv_ew":"0.34","pgv_int_scale":"0.35","wave_image_uri":"https://scweb.cwa.gov.tw/webdata/drawTrace/outcome/2025/2025092/2-A024.gif"},"geometry":{"type":"Point","coordinates":[121.475,25.019]}},{"type":"Feature","properties":{"area_desc":"新北市地區","county_name":"新北市","station_name":"烏來","station_id":"A124","longitude":"121.553","latitude":"24.864","epicenter_distance":"113.65","back_azimuth":"160.04","seismic_intensity":"1","pga_v":"0.60","pga_ns":"0.71","pga_ew":"0.83","pga_int_scale":"0.97","pgv_v":"0.08","pgv_ns":"0.09","pgv_ew":"0.09","pgv_int_scale":"0.13","wave_image_uri":"https://scweb.cwa.gov.tw/webdata/drawTrace/outcome/2025/2025092/1-A124.gif"},"geometry":{"type":"Point","coordinates":[121.553,24.864]}},{"type":"Feature","properties":{"area_desc":"新北市地區","county_name":"新北市","station_name":"雙溪","station_id":"TIPB","longitude":"121.826","latitude":"24.972","epicenter_distance":"119.36","back_azimuth":"174.62","seismic_intensity":"1","pga_v":"0.52","pga_ns":"0.84","pga_ew":"0.73","pga_int_scale":"0.95","pgv_v":"0.10","pgv_ns":"0.11","pgv_ew":"0.10","pgv_int_scale":"0.15","wave_image_uri":"https://scweb.cwa.gov.tw/webdata/drawTrace/outcome/2025/2025092/1-TIPB.gif"},"geometry":{"type":"Point","coordinates":[121.826,24.972]}},{"type":"Feature","properties":{"area_desc":"新北市地區","county_name":"新北市","station_name":"新店","station_id":"NHDH","longitude":"121.525","latitude":"24.960","epicenter_distance":"124.63","back_azimuth":"160.48","seismic_intensity":"1","pga_v":"0.62","pga_ns":"1.73","pga_ew":"1.73","pga_int_scale":"1.87","pgv_v":"0.08","pgv_ns":"0.12","pgv_ew":"0.13","pgv_int_scale":"0.15","wave_image_uri":"https://scweb.cwa.gov.tw/webdata/drawTrace/outcome/2025/2025092/1-NHDH.gif"},"geometry":{"type":"Point","coordinates":[121.525,24.96]}},{"type":"Feature","properties":{"area_desc":"新北市地區","county_name":"新北市","station_name":"三峽","station_id":"NSX","longitude":"121.374","latitude":"24.939","epicenter_distance":"128.50","back_azimuth":"153.69","seismic_intensity":"1","pga_v":"0.96","pga_ns":"1.50","pga_ew":"1.25","pga_int_scale":"1.56","pgv_v":"0.14","pgv_ns":"0.22","pgv_ew":"0.20","pgv_int_scale":"0.23","wave_image_uri":"https://scweb.cwa.gov.tw/webdata/drawTrace/outcome/2025/2025092/1-NSX.gif"},"geometry":{"type":"Point","coordinates":[121.374,24.939]}},{"type":"Feature","properties":{"area_desc":"新北市地區","county_name":"新北市","station_name":"汐止","station_id":"NXZ","longitude":"121.640","latitude":"25.077","epicenter_distance":"133.84","back_azimuth":"167.07","seismic_intensity":"1","pga_v":"0.82","pga_ns":"1.70","pga_ew":"2.10","pga_int_scale":"2.11","pgv_v":"0.12","pgv_ns":"0.18","pgv_ew":"0.22","pgv_int_scale":"0.22","wave_image_uri":"https://scweb.cwa.gov.tw/webdata/drawTrace/outcome/2025/2025092/1-NXZ.gif"},"geometry":{"type":"Point","coordinates":[121.64,25.077]}},{"type":"Feature","properties":{"area_desc":"新北市地區","county_name":"新北市","station_name":"五股","station_id":"TWS1","longitude":"121.423","latitude":"25.101","epicenter_distance":"142.97","back_azimuth":"158.70","seismic_intensity":"1","pga_v":"0.62","pga_ns":"0.82","pga_ew":"0.87","pga_int_scale":"0.95","pgv_v":"0.12","pgv_ns":"0.17","pgv_ew":"0.18","pgv_int_scale":"0.26","wave_image_uri":"https://scweb.cwa.gov.tw/webdata/drawTrace/outcome/2025/2025092/1-TWS1.gif"},"geometry":{"type":"Point","coordinates":[121.423,25.101]}},{"type":"Feature","properties":{"area_desc":"新北市地區","county_name":"新北市","station_name":"萬里","station_id":"NWR","longitude":"121.661","latitude":"25.202","epicenter_distance":"147.05","back_azimuth":"169.07","seismic_intensity":"1","pga_v":"0.45","pga_ns":"0.84","pga_ew":"0.73","pga_int_scale":"0.88","pgv_v":"0.08","pgv_ns":"0.10","pgv_ew":"0.10","pgv_int_scale":"0.11","wave_image_uri":"https://scweb.cwa.gov.tw/webdata/drawTrace/outcome/2025/2025092/1-NWR.gif"},"geometry":{"type":"Point","coordinates":[121.661,25.202]}},{"type":"Feature","properties":{"area_desc":"新北市地區","county_name":"新北市","station_name":"淡水","station_id":"NTS","longitude":"121.449","latitude":"25.164","epicenter_distance":"148.61","back_azimuth":"160.62","seismic_intensity":"1","pga_v":"0.85","pga_ns":"1.50","pga_ew":"1.37","pga_int_scale":"1.64","pgv_v":"0.16","pgv_ns":"0.31","pgv_ew":"0.27","pgv_int_scale":"0.32","wave_image_uri":"https://scweb.cwa.gov.tw/webdata/drawTrace/outcome/2025/2025092/1-NTS.gif"},"geometry":{"type":"Point","coordinates":[121.449,25.164]}},{"type":"Feature","properties":{"area_desc":"新北市地區","county_name":"新北市","station_name":"汐止","station_id":"NXZ","longitude":"121.640","latitude":"25.077","epicenter_distance":"86.94","back_azimuth":"165.07","seismic_intensity":"1","pga_v":"0.56","pga_ns":"1.08","pga_ew":"1.26","pga_int_scale":"1.24","pgv_v":"0.01","pgv_ns":"0.03","pgv_ew":"0.03","pgv_int_scale":"0.03","wave_image_uri":"https://scweb.cwa.gov.tw/webdata/drawTrace/outcome/2025/2025096/1-NXZ.gif"},"geometry":{"type":"Point","coordinates":[121.64,25.077]}},{"type":"Feature","properties":{"area_desc":"新北市地區","county_name":"新北市","station_name":"五分山","station_id":"NWF","longitude":"121.782","latitude":"25.072","epicenter_distance":"152.35","back_azimuth":"112.65","seismic_intensity":"2","pga_v":"0.59","pga_ns":"2.97","pga_ew":"1.51","pga_int_scale":"3.10","pgv_v":"0.05","pgv_ns":"0.48","pgv_ew":"0.19","pgv_int_scale":"0.51","wave_image_uri":"https://scweb.cwa.gov.tw/webdata/drawTrace/outcome/2025/2025082/2-NWF.gif"},"geometry":{"type":"Point","coordinates":[121.782,25.072]}},{"type":"Feature","properties":{"area_desc":"新北市地區","county_name":"新北市","station_name":"汐止","station_id":"NXZ","longitude":"121.640","latitude":"25.077","epicenter_distance":"165.84","back_azimuth":"110.92","seismic_intensity":"2","pga_v":"1.71","pga_ns":"3.42","pga_ew":"3.85","pga_int_scale":"3.53","pgv_v":"0.04","pgv_ns":"0.11","pgv_ew":"0.16","pgv_int_scale":"0.18","wave_image_uri":"https://scweb.cwa.gov.tw/webdata/drawTrace/outcome/2025/2025082/2-NXZ.gif"},"geometry":{"type":"Point","coordinates":[121.64,25.077]}},{"type":"Feature","properties":{"area_desc":"新北市地區","county_name":"新北市","station_name":"新店","station_id":"NHDH","longitude":"121.525","latitude":"24.960","epicenter_distance":"172.92","back_azimuth":"105.51","seismic_intensity":"2","pga_v":"1.12","pga_ns":"2.60","pga_ew":"2.74","pga_int_scale":"2.58","pgv_v":"0.04","pgv_ns":"0.10","pgv_ew":"0.09","pgv_int_scale":"0.12","wave_image_uri":"https://scweb.cwa.gov.tw/webdata/drawTrace/outcome/2025/2025082/2-NHDH.gif"},"geometry":{"type":"Point","coordinates":[121.525,24.96]}},{"type":"Feature","properties":{"area_desc":"新北市地區","county_name":"新北市","station_name":"新北市","station_id":"A024","longitude":"121.475","latitude":"25.019","epicenter_distance":"179.64","back_azimuth":"107.11","seismic_intensity":"2","pga_v":"2.01","pga_ns":"1.39","pga_ew":"2.51","pga_int_scale":"2.86","pgv_v":"0.06","pgv_ns":"0.07","pgv_ew":"0.10","pgv_int_scale":"0.12","wave_image_uri":"https://scweb.cwa.gov.tw/webdata/drawTrace/outcome/2025/2025082/2-A024.gif"},"geometry":{"type":"Point","coordinates":[121.475,25.019]}},{"type":"Feature","properties":{"area_desc":"新北市地區","county_name":"新北市","station_name":"淡水","station_id":"NTS","longitude":"121.449","latitude":"25.164","epicenter_distance":"187.32","back_azimuth":"111.61","seismic_intensity":"2","pga_v":"1.05","pga_ns":"4.06","pga_ew":"2.81","pga_int_scale":"3.29","pgv_v":"0.05","pgv_ns":"0.10","pgv_ew":"0.11","pgv_int_scale":"0.13","wave_image_uri":"https://scweb.cwa.gov.tw/webdata/drawTrace/outcome/2025/2025082/2-NTS.gif"},"geometry":{"type":"Point","coordinates":[121.449,25.164]}},{"type":"Feature","properties":{"area_desc":"新北市地區","county_name":"新北市","station_name":"三貂角","station_id":"TWB1","longitude":"121.997","latitude":"25.007","epicenter_distance":"129.52","back_azimuth":"113.42","seismic_intensity":"2"},"geometry":{"type":"Point","coordinates":[121.997,25.007]}},{"type":"Feature","properties":{"area_desc":"新北市地區","county_name":"新北市","station_name":"雙溪","station_id":"TIPB","longitude":"121.826","latitude":"24.972","epicenter_distance":"144.31","back_azimuth":"109.26","seismic_intensity":"1","pga_v":"0.97","pga_ns":"0.73","pga_ew":"0.57","pga_int_scale":"0.86","pgv_v":"0.08","pgv_ns":"0.11","pgv_ew":"0.07","pgv_int_scale":"0.11","wave_image_uri":"https://scweb.cwa.gov.tw/webdata/drawTrace/outcome/2025/2025082/1-TIPB.gif"},"geometry":{"type":"Point","coordinates":[121.826,24.972]}},{"type":"Feature","properties":{"area_desc":"新北市地區","county_name":"新北市","station_name":"烏來","station_id":"A124","longitude":"121.553","latitude":"24.864","epicenter_distance":"167.65","back_azimuth":"102.26","seismic_intensity":"1","pga_v":"1.01","pga_ns":"2.30","pga_ew":"1.61","pga_int_scale":"1.67","pgv_v":"0.03","pgv_ns":"0.04","pgv_ew":"0.04","pgv_int_scale":"0.04","wave_image_uri":"https://scweb.cwa.gov.tw/webdata/drawTrace/outcome/2025/2025082/1-A124.gif"},"geometry":{"type":"Point","coordinates":[121.553,24.864]}},{"type":"Feature","properties":{"area_desc":"新北市地區","county_name":"新北市","station_name":"萬里","station_id":"NWR","longitude":"121.661","latitude":"25.202","epicenter_distance":"169.39","back_azimuth":"115.59","seismic_intensity":"1","pga_v":"0.34","pga_ns":"1.05","pga_ew":"0.70","pga_int_scale":"1.01","pgv_v":"0.02","pgv_ns":"0.04","pgv_ew":"0.04","pgv_int_scale":"0.04","wave_image_uri":"https://scweb.cwa.gov.tw/webdata/drawTrace/outcome/2025/2025082/1-NWR.gif"},"geometry":{"type":"Point","coordinates":[121.661,25.202]}},{"type":"Feature","properties":{"area_desc":"新北市地區","county_name":"新北市","station_name":"石門","station_id":"NSM","longitude":"121.589","latitude":"25.288","epicenter_distance":"180.10","back_azimuth":"117.33","seismic_intensity":"1","pga_v":"0.48","pga_ns":"1.13","pga_ew":"2.01","pga_int_scale":"2.10","pgv_v":"0.03","pgv_ns":"0.17","pgv_ew":"0.06","pgv_int_scale":"0.18","wave_image_uri":"https://scweb.cwa.gov.tw/webdata/drawTrace/outcome/2025/2025082/1-NSM.gif"},"geometry":{"type":"Point","coordinates":[121.589,25.288]}},{"type":"Feature","properties":{"area_desc":"新北市地區","county_name":"新北市","station_name":"三峽","station_id":"NSX","longitude":"121.374","latitude":"24.939","epicenter_distance":"187.13","back_azimuth":"103.59","seismic_intensity":"1","pga_v":"0.91","pga_ns":"2.09","pga_ew":"1.64","pga_int_scale":"1.69","pgv_v":"0.03","pgv_ns":"0.06","pgv_ew":"0.06","pgv_int_scale":"0.06","wave_image_uri":"https://scweb.cwa.gov.tw/webdata/drawTrace/outcome/2025/2025082/1-NSX.gif"},"geometry":{"type":"Point","coordinates":[121.374,24.939]}},{"type":"Feature","properties":{"area_desc":"新北市地區","county_name":"新北市","station_name":"五股","station_id":"TWS1","longitude":"121.423","latitude":"25.101","epicenter_distance":"187.36","back_azimuth":"109.32","seismic_intensity":"1","pga_v":"1.14","pga_ns":"1.52","pga_ew":"1.92","pga_int_scale":"1.43","pgv_v":"0.04","pgv_ns":"0.05","pgv_ew":"0.07","pgv_int_scale":"0.07","wave_image_uri":"https://scweb.cwa.gov.tw/webdata/drawTrace/outcome/2025/2025082/1-TWS1.gif"},"geometry":{"type":"Point","coordinates":[121.423,25.101]}},{"type":"Feature","properties":{"area_desc":"新北市地區","county_name":"新北市","station_name":"新店","station_id":"NHDH","longitude":"121.525","latitude":"24.960","epicenter_distance":"49.36","back_azimuth":"144.46","seismic_intensity":"3","pga_v":"2.85","pga_ns":"14.78","pga_ew":"16.92","pga_int_scale":"21.69","pgv_v":"0.15","pgv_ns":"1.02","pgv_ew":"1.04","pgv_int_scale":"1.26","wave_image_uri":"https://scweb.cwa.gov.tw/webdata/drawTrace/outcome/2025/2025083/3-NHDH.gif"},"geometry":{"type":"Point","coordinates":[121.525,24.96]}},{"type":"Feature","properties":{"area_desc":"新北市地區","county_name":"新北市","station_name":"五分山","station_id":"NWF","longitude":"121.782","latitude":"25.072","epicenter_distance":"52.67","back_azimuth":"177.03","seismic_intensity":"3","pga_v":"3.90","pga_ns":"18.50","pga_ew":"11.31","pga_int_scale":"18.75","pgv_v":"0.21","pgv_ns":"1.62","pgv_ew":"0.88","pgv_int_scale":"1.65","wave_image_uri":"https://scweb.cwa.gov.tw/webdata/drawTrace/outcome/2025/2025083/3-NWF.gif"},"geometry":{"type":"Point","coordinates":[121.782,25.072]}},{"type":"Feature","properties":{"area_desc":"新北市地區","county_name":"新北市","station_name":"汐止","station_id":"NXZ","longitude":"121.640","latitude":"25.077","epicenter_distance":"55.80","back_azimuth":"162.23","seismic_intensity":"3","pga_v":"8.74","pga_ns":"15.03","pga_ew":"16.57","pga_int_scale":"19.10","pgv_v":"0.31","pgv_ns":"0.61","pgv_ew":"0.78","pgv_int_scale":"0.85","wave_image_uri":"https://scweb.cwa.gov.tw/webdata/drawTrace/outcome/2025/2025083/3-NXZ.gif"},"geometry":{"type":"Point","coordinates":[121.64,25.077]}},{"type":"Feature","properties":{"area_desc":"新北市地區","county_name":"新北市","station_name":"淡水","station_id":"NTS","longitude":"121.449","latitude":"25.164","epicenter_distance":"72.64","back_azimuth":"149.98","seismic_intensity":"3","pga_v":"3.80","pga_ns":"9.01","pga_ew":"8.99","pga_int_scale":"9.98","pgv_v":"0.21","pgv_ns":"0.45","pgv_ew":"0.67","pgv_int_scale":"0.68","wave_image_uri":"https://scweb.cwa.gov.tw/webdata/drawTrace/outcome/2025/2025083/3-NTS.gif"},"geometry":{"type":"Point","coordinates":[121.449,25.164]}},{"type":"Feature","properties":{"area_desc":"新北市地區","county_name":"新北市","station_name":"烏來","station_id":"A124","longitude":"121.553","latitude":"24.864","epicenter_distance":"39.23","back_azimuth":"138.81","seismic_intensity":"2","pga_v":"3.32","pga_ns":"4.47","pga_ew":"5.94","pga_int_scale":"5.70","pgv_v":"0.11","pgv_ns":"0.14","pgv_ew":"0.22","pgv_int_scale":"0.26","wave_image_uri":"https://scweb.cwa.gov.tw/webdata/drawTrace/outcome/2025/2025083/2-A124.gif"},"geometry":{"type":"Point","coordinates":[121.553,24.864]}},{"type":"Feature","properties":{"area_desc":"新北市地區","county_name":"新北市","station_name":"雙溪","station_id":"TIPB","longitude":"121.826","latitude":"24.972","epicenter_distance":"41.56","back_azimuth":"182.32","seismic_intensity":"2","pga_v":"3.79","pga_ns":"7.41","pga_ew":"4.54","pga_int_scale":"7.32","pgv_v":"0.15","pgv_ns":"0.33","pgv_ew":"0.22","pgv_int_scale":"0.35","wave_image_uri":"https://scweb.cwa.gov.tw/webdata/drawTrace/outcome/2025/2025083/2-TIPB.gif"},"geometry":{"type":"Point","coordinates":[121.826,24.972]}},{"type":"Feature","properties":{"area_desc":"新北市地區","county_name":"新北市","station_name":"新北市","station_id":"A024","longitude":"121.475","latitude":"25.019","epicenter_distance":"57.70","back_azimuth":"144.17","seismic_intensity":"2","pga_v":"4.13","pga_ns":"5.25","pga_ew":"6.76","pga_int_scale":"7.16","pgv_v":"0.16","pgv_ns":"0.41","pgv_ew":"0.81","pgv_int_scale":"0.81","wave_image_uri":"https://scweb.cwa.gov.tw/webdata/drawTrace/outcome/2025/2025083/2-A024.gif"},"geometry":{"type":"Point","coordinates":[121.475,25.019]}},{"type":"Feature","properties":{"area_desc":"新北市地區","county_name":"新北市","station_name":"三峽","station_id":"NSX","longitude":"121.374","latitude":"24.939","epicenter_distance":"58.02","back_azimuth":"130.77","seismic_intensity":"2","pga_v":"1.75","pga_ns":"2.69","pga_ew":"2.80","pga_int_scale":"2.89","pgv_v":"0.08","pgv_ns":"0.16","pgv_ew":"0.19","pgv_int_scale":"0.19","wave_image_uri":"https://scweb.cwa.gov.tw/webdata/drawTrace/outcome/2025/2025083/2-NSX.gif"},"geometry":{"type":"Point","coordinates":[121.374,24.939]}},{"type":"Feature","properties":{"area_desc":"新北市地區","county_name":"新北市","station_name":"五股","station_id":"TWS1","longitude":"121.423","latitude":"25.101","epicenter_distance":"68.13","back_azimuth":"145.13","seismic_intensity":"2","pga_v":"3.11","pga_ns":"6.60","pga_ew":"6.38","pga_int_scale":"5.93","pgv_v":"0.16","pgv_ns":"0.30","pgv_ew":"0.32","pgv_int_scale":"0.37","wave_image_uri":"https://scweb.cwa.gov.tw/webdata/drawTrace/outcome/2025/2025083/2-TWS1.gif"},"geometry":{"type":"Point","coordinates":[121.423,25.101]}},{"type":"Feature","properties":{"area_desc":"新北市地區","county_name":"新北市","station_name":"萬里","station_id":"NWR","longitude":"121.661","latitude":"25.202","epicenter_distance":"68.73","back_azimuth":"167.42","seismic_intensity":"2","pga_v":"2.44","pga_ns":"5.51","pga_ew":"4.56","pga_int_scale":"5.43","pgv_v":"0.10","pgv_ns":"0.22","pgv_ew":"0.20","pgv_int_scale":"0.23","wave_image_uri":"https://scweb.cwa.gov.tw/webdata/drawTrace/outcome/2025/2025083/2-NWR.gif"},"geometry":{"type":"Point","coordinates":[121.661,25.202]}},{"type":"Feature","properties":{"area_desc":"新北市地區","county_name":"新北市","station_name":"石門","station_id":"NSM","longitude":"121.589","latitude":"25.288","epicenter_distance":"79.76","back_azimuth":"163.80","seismic_intensity":"2","pga_v":"2.55","pga_ns":"3.95","pga_ew":"4.39","pga_int_scale":"5.49","pgv_v":"0.10","pgv_ns":"0.16","pgv_ew":"0.18","pgv_int_scale":"0.20","wave_image_uri":"https://scweb.cwa.gov.tw/webdata/drawTrace/outcome/2025/2025083/2-NSM.gif"},"geometry":{"type":"Point","coordinates":[121.589,25.288]}},{"type":"Feature","properties":{"area_desc":"新北市地區","county_name":"新北市","station_name":"三貂角","station_id":"TWB1","longitude":"121.997","latitude":"25.007","epicenter_distance":"49.24","back_azimuth":"202.76","seismic_intensity":"2"},"geometry":{"type":"Point","coordinates":[121.997,25.007]}},{"type":"Feature","properties":{"area_desc":"新北市地區","county_name":"新北市","station_name":"烏來","station_id":"A124","longitude":"121.553","latitude":"24.864","epicenter_distance":"60.81","back_azimuth":"147.34","seismic_intensity":"1","pga_v":"1.55","pga_ns":"1.54","pga_ew":"1.59","pga_int_scale":"0.90","pgv_v":"0.02","pgv_ns":"0.02","pgv_ew":"0.02","pgv_int_scale":"0.03","wave_image_uri":"https://scweb.cwa.gov.tw/webdata/drawTrace/outcome/2025/2025085/1-A124.gif"},"geometry":{"type":"Point","coordinates":[121.553,24.864]}},{"type":"Feature","properties":{"area_desc":"新北市地區","county_name":"新北市","station_name":"新店","station_id":"NHDH","longitude":"121.525","latitude":"24.960","epicenter_distance":"71.39","back_azimuth":"150.03","seismic_intensity":"1","pga_v":"1.06","pga_ns":"0.98","pga_ew":"1.26","pga_int_scale":"1.01","pgv_v":"0.43","pgv_ns":"0.04","pgv_ew":"0.03","pgv_int_scale":"0.43","wave_image_uri":"https://scweb.cwa.gov.tw/webdata/drawTrace/outcome/2025/2025085/1-NHDH.gif"},"geometry":{"type":"Point","coordinates":[121.525,24.96]}},{"type":"Feature","properties":{"area_desc":"新北市地區","county_name":"新北市","station_name":"汐止","station_id":"NXZ","longitude":"121.640","latitude":"25.077","epicenter_distance":"78.57","back_azimuth":"162.22","seismic_intensity":"1","pga_v":"0.98","pga_ns":"1.83","pga_ew":"1.59","pga_int_scale":"1.80","pgv_v":"0.01","pgv_ns":"0.04","pgv_ew":"0.05","pgv_int_scale":"0.05","wave_image_uri":"https://scweb.cwa.gov.tw/webdata/drawTrace/outcome/2025/2025085/1-NXZ.gif"},"geometry":{"type":"Point","coordinates":[121.64,25.077]}},{"type":"Feature","properties":{"area_desc":"新北市地區","county_name":"新北市","station_name":"汐止","station_id":"NXZ","longitude":"121.640","latitude":"25.077","epicenter_distance":"78.45","back_azimuth":"165.31","seismic_intensity":"2","pga_v":"0.71","pga_ns":"2.85","pga_ew":"2.38","pga_int_scale":"3.11","pgv_v":"0.02","pgv_ns":"0.08","pgv_ew":"0.09","pgv_int_scale":"0.09","wave_image_uri":"https://scweb.cwa.gov.tw/webdata/drawTrace/outcome/2025/2025086/2-NXZ.gif"},"geometry":{"type":"Point","coordinates":[121.64,25.077]}},{"type":"Feature","properties":{"area_desc":"新北市地區","county_name":"新北市","station_name":"新店","station_id":"NHDH","longitude":"121.525","latitude":"24.960","epicenter_distance":"70.39","back_azimuth":"153.36","seismic_intensity":"1","pga_v":"0.64","pga_ns":"0.68","pga_ew":"0.79","pga_int_scale":"0.85","pgv_v":"0.01","pgv_ns":"0.02","pgv_ew":"0.04","pgv_int_scale":"0.04","wave_image_uri":"https://scweb.cwa.gov.tw/webdata/drawTrace/outcome/2025/2025086/1-NHDH.gif"},"geometry":{"type":"Point","coordinates":[121.525,24.96]}},{"type":"Feature","properties":{"area_desc":"新北市地區","county_name":"新北市","station_name":"新北市","station_id":"A024","longitude":"121.475","latitude":"25.019","epicenter_distance":"78.60","back_azimuth":"152.20","seismic_intensity":"1","pga_v":"0.71","pga_ns":"1.47","pga_ew":"1.04","pga_int_scale":"1.61","pgv_v":"0.03","pgv_ns":"0.06","pgv_ew":"0.04","pgv_int_scale":"0.06","wave_image_uri":"https://scweb.cwa.gov.tw/webdata/drawTrace/outcome/2025/2025086/1-A024.gif"},"geometry":{"type":"Point","coordinates":[121.475,25.019]}},{"type":"Feature","properties":{"area_desc":"新北市地區","county_name":"新北市","station_name":"新店","station_id":"NHDH","longitude":"121.525","latitude":"24.960","epicenter_distance":"89.12","back_azimuth":"169.66","seismic_intensity":"1","pga_v":"0.54","pga_ns":"0.95","pga_ew":"0.96","pga_int_scale":"1.00","pgv_v":"0.01","pgv_ns":"0.04","pgv_ew":"0.03","pgv_int_scale":"0.04","wave_image_uri":"https://scweb.cwa.gov.tw/webdata/drawTrace/outcome/2025/2025089/1-NHDH.gif"},"geometry":{"type":"Point","coordinates":[121.525,24.96]}},{"type":"Feature","properties":{"area_desc":"新北市地區","county_name":"新北市","station_name":"汐止","station_id":"NXZ","longitude":"121.640","latitude":"25.077","epicenter_distance":"100.74","back_azimuth":"177.54","seismic_intensity":"1","pga_v":"0.30","pga_ns":"1.02","pga_ew":"0.76","pga_int_scale":"0.92","pgv_v":"0.01","pgv_ns":"0.03","pgv_ew":"0.02","pgv_int_scale":"0.03","wave_image_uri":"https://scweb.cwa.gov.tw/webdata/drawTrace/outcome/2025/2025089/1-NXZ.gif"},"geometry":{"type":"Point","coordinates":[121.64,25.077]}},{"type":"Feature","properties":{"area_desc":"新北市地區","county_name":"新北市","station_name":"五分山","station_id":"NWF","longitude":"121.782","latitude":"25.072","epicenter_distance":"130.95","back_azimuth":"172.59","seismic_intensity":"2","pga_v":"0.56","pga_ns":"2.61","pga_ew":"1.81","pga_int_scale":"2.80","pgv_v":"0.05","pgv_ns":"0.22","pgv_ew":"0.14","pgv_int_scale":"0.23","wave_image_uri":"https://scweb.cwa.gov.tw/webdata/drawTrace/outcome/2025/2025090/2-NWF.gif"},"geometry":{"type":"Point","coordinates":[121.782,25.072]}},{"type":"Feature","properties":{"area_desc":"新北市地區","county_name":"新北市","station_name":"新店","station_id":"NHDH","longitude":"121.525","latitude":"24.960","epicenter_distance":"125.03","back_azimuth":"159.92","seismic_intensity":"1","pga_v":"0.45","pga_ns":"1.13","pga_ew":"1.77","pga_int_scale":"1.79","pgv_v":"0.05","pgv_ns":"0.08","pgv_ew":"0.10","pgv_int_scale":"0.10","wave_image_uri":"https://scweb.cwa.gov.tw/webdata/drawTrace/outcome/2025/2025090/1-NHDH.gif"},"geometry":{"type":"Point","coordinates":[121.525,24.96]}},{"type":"Feature","properties":{"area_desc":"新北市地區","county_name":"新北市","station_name":"三峽","station_id":"NSX","longitude":"121.374","latitude":"24.939","epicenter_distance":"129.04","back_azimuth":"153.18","seismic_intensity":"1","pga_v":"0.51","pga_ns":"0.84","pga_ew":"1.15","pga_int_scale":"1.14","pgv_v":"0.07","pgv_ns":"0.12","pgv_ew":"0.12","pgv_int_scale":"0.12","wave_image_uri":"https://scweb.cwa.gov.tw/webdata/drawTrace/outcome/2025/2025090/1-NSX.gif"},"geometry":{"type":"Point","coordinates":[121.374,24.939]}},{"type":"Feature","properties":{"area_desc":"新北市地區","county_name":"新北市","station_name":"新北市","station_id":"A024","longitude":"121.475","latitude":"25.019","epicenter_distance":"133.02","back_azimuth":"158.83","seismic_intensity":"1","pga_v":"0.85","pga_ns":"1.56","pga_ew":"1.24","pga_int_scale":"1.63","pgv_v":"0.08","pgv_ns":"0.15","pgv_ew":"0.14","pgv_int_scale":"0.15","wave_image_uri":"https://scweb.cwa.gov.tw/webdata/drawTrace/outcome/2025/2025090/1-A024.gif"},"geometry":{"type":"Point","coordinates":[121.475,25.019]}},{"type":"Feature","properties":{"area_desc":"新北市地區","county_name":"新北市","station_name":"汐止","station_id":"NXZ","longitude":"121.640","latitude":"25.077","epicenter_distance":"134.09","back_azimuth":"166.53","seismic_intensity":"1","pga_v":"0.56","pga_ns":"1.34","pga_ew":"1.55","pga_int_scale":"1.73","pgv_v":"0.05","pgv_ns":"0.08","pgv_ew":"0.09","pgv_int_scale":"0.10","wave_image_uri":"https://scweb.cwa.gov.tw/webdata/drawTrace/outcome/2025/2025090/1-NXZ.gif"},"geometry":{"type":"Point","coordinates":[121.64,25.077]}},{"type":"Feature","properties":{"area_desc":"新北市地區","county_name":"新北市","station_name":"淡水","station_id":"NTS","longitude":"121.449","latitude":"25.164","epicenter_distance":"149.01","back_azimuth":"160.15","seismic_intensity":"1","pga_v":"0.65","pga_ns":"0.79","pga_ew":"0.84","pga_int_scale":"0.80","pgv_v":"0.08","pgv_ns":"0.12","pgv_ew":"0.08","pgv_int_scale":"0.13","wave_image_uri":"https://scweb.cwa.gov.tw/webdata/drawTrace/outcome/2025/2025090/1-NTS.gif"},"geometry":{"type":"Point","coordinates":[121.449,25.164]}},{"type":"Feature","properties":{"area_desc":"新北市地區","county_name":"新北市","station_name":"五分山","station_id":"NWF","longitude":"121.782","latitude":"25.072","epicenter_distance":"130.83","back_azimuth":"173.15","seismic_intensity":"2","pga_v":"0.63","pga_ns":"3.06","pga_ew":"2.27","pga_int_scale":"3.34","pgv_v":"0.08","pgv_ns":"0.35","pgv_ew":"0.29","pgv_int_scale":"0.36","wave_image_uri":"https://scweb.cwa.gov.tw/webdata/drawTrace/outcome/2025/2025092/2-NWF.gif"},"geometry":{"type":"Point","coordinates":[121.782,25.072]}},{"type":"Feature","properties":{"area_desc":"新北市地區","county_name":"新北市","station_name":"新北市","station_id":"A024","longitude":"121.475","latitude":"25.019","epicenter_distance":"132.60","back_azimuth":"159.36","seismic_intensity":"2","pga_v":"1.51","pga_ns":"2.50","pga_ew":"2.11","pga_int_scale":"3.08","pgv_v":"0.14","pgv_ns":"0.28","pgv_ew":"0.34","pgv_int_scale":"0.35","wave_image_uri":"https://scweb.cwa.gov.tw/webdata/drawTrace/outcome/2025/2025092/2-A024.gif"},"geometry":{"type":"Point","coordinates":[121.475,25.019]}},{"type":"Feature","properties":{"area_desc":"新北市地區","county_name":"新北市","station_name":"烏來","station_id":"A124","longitude":"121.553","latitude":"24.864","epicenter_distance":"113.65","back_azimuth":"160.04","seismic_intensity":"1","pga_v":"0.60","pga_ns":"0.71","pga_ew":"0.83","pga_int_scale":"0.97","pgv_v":"0.08","pgv_ns":"0.09","pgv_ew":"0.09","pgv_int_scale":"0.13","wave_image_uri":"https://scweb.cwa.gov.tw/webdata/drawTrace/outcome/2025/2025092/1-A124.gif"},"geometry":{"type":"Point","coordinates":[121.553,24.864]}},{"type":"Feature","properties":{"area_desc":"新北市地區","county_name":"新北市","station_name":"雙溪","station_id":"TIPB","longitude":"121.826","latitude":"24.972","epicenter_distance":"119.36","back_azimuth":"174.62","seismic_intensity":"1","pga_v":"0.52","pga_ns":"0.84","pga_ew":"0.73","pga_int_scale":"0.95","pgv_v":"0.10","pgv_ns":"0.11","pgv_ew":"0.10","pgv_int_scale":"0.15","wave_image_uri":"https://scweb.cwa.gov.tw/webdata/drawTrace/outcome/2025/2025092/1-TIPB.gif"},"geometry":{"type":"Point","coordinates":[121.826,24.972]}},{"type":"Feature","properties":{"area_desc":"新北市地區","county_name":"新北市","station_name":"新店","station_id":"NHDH","longitude":"121.525","latitude":"24.960","epicenter_distance":"124.63","back_azimuth":"160.48","seismic_intensity":"1","pga_v":"0.62","pga_ns":"1.73","pga_ew":"1.73","pga_int_scale":"1.87","pgv_v":"0.08","pgv_ns":"0.12","pgv_ew":"0.13","pgv_int_scale":"0.15","wave_image_uri":"https://scweb.cwa.gov.tw/webdata/drawTrace/outcome/2025/2025092/1-NHDH.gif"},"geometry":{"type":"Point","coordinates":[121.525,24.96]}},{"type":"Feature","properties":{"area_desc":"新北市地區","county_name":"新北市","station_name":"三峽","station_id":"NSX","longitude":"121.374","latitude":"24.939","epicenter_distance":"128.50","back_azimuth":"153.69","seismic_intensity":"1","pga_v":"0.96","pga_ns":"1.50","pga_ew":"1.25","pga_int_scale":"1.56","pgv_v":"0.14","pgv_ns":"0.22","pgv_ew":"0.20","pgv_int_scale":"0.23","wave_image_uri":"https://scweb.cwa.gov.tw/webdata/drawTrace/outcome/2025/2025092/1-NSX.gif"},"geometry":{"type":"Point","coordinates":[121.374,24.939]}},{"type":"Feature","properties":{"area_desc":"新北市地區","county_name":"新北市","station_name":"汐止","station_id":"NXZ","longitude":"121.640","latitude":"25.077","epicenter_distance":"133.84","back_azimuth":"167.07","seismic_intensity":"1","pga_v":"0.82","pga_ns":"1.70","pga_ew":"2.10","pga_int_scale":"2.11","pgv_v":"0.12","pgv_ns":"0.18","pgv_ew":"0.22","pgv_int_scale":"0.22","wave_image_uri":"https://scweb.cwa.gov.tw/webdata/drawTrace/outcome/2025/2025092/1-NXZ.gif"},"geometry":{"type":"Point","coordinates":[121.64,25.077]}},{"type":"Feature","properties":{"area_desc":"新北市地區","county_name":"新北市","station_name":"五股","station_id":"TWS1","longitude":"121.423","latitude":"25.101","epicenter_distance":"142.97","back_azimuth":"158.70","seismic_intensity":"1","pga_v":"0.62","pga_ns":"0.82","pga_ew":"0.87","pga_int_scale":"0.95","pgv_v":"0.12","pgv_ns":"0.17","pgv_ew":"0.18","pgv_int_scale":"0.26","wave_image_uri":"https://scweb.cwa.gov.tw/webdata/drawTrace/outcome/2025/2025092/1-TWS1.gif"},"geometry":{"type":"Point","coordinates":[121.423,25.101]}},{"type":"Feature","properties":{"area_desc":"新北市地區","county_name":"新北市","station_name":"萬里","station_id":"NWR","longitude":"121.661","latitude":"25.202","epicenter_distance":"147.05","back_azimuth":"169.07","seismic_intensity":"1","pga_v":"0.45","pga_ns":"0.84","pga_ew":"0.73","pga_int_scale":"0.88","pgv_v":"0.08","pgv_ns":"0.10","pgv_ew":"0.10","pgv_int_scale":"0.11","wave_image_uri":"https://scweb.cwa.gov.tw/webdata/drawTrace/outcome/2025/2025092/1-NWR.gif"},"geometry":{"type":"Point","coordinates":[121.661,25.202]}},{"type":"Feature","properties":{"area_desc":"新北市地區","county_name":"新北市","station_name":"淡水","station_id":"NTS","longitude":"121.449","latitude":"25.164","epicenter_distance":"148.61","back_azimuth":"160.62","seismic_intensity":"1","pga_v":"0.85","pga_ns":"1.50","pga_ew":"1.37","pga_int_scale":"1.64","pgv_v":"0.16","pgv_ns":"0.31","pgv_ew":"0.27","pgv_int_scale":"0.32","wave_image_uri":"https://scweb.cwa.gov.tw/webdata/drawTrace/outcome/2025/2025092/1-NTS.gif"},"geometry":{"type":"Point","coordinates":[121.449,25.164]}},{"type":"Feature","properties":{"area_desc":"新北市地區","county_name":"新北市","station_name":"汐止","station_id":"NXZ","longitude":"121.640","latitude":"25.077","epicenter_distance":"86.94","back_azimuth":"165.07","seismic_intensity":"1","pga_v":"0.56","pga_ns":"1.08","pga_ew":"1.26","pga_int_scale":"1.24","pgv_v":"0.01","pgv_ns":"0.03","pgv_ew":"0.03","pgv_int_scale":"0.03","wave_image_uri":"https://scweb.cwa.gov.tw/webdata/drawTrace/outcome/2025/2025096/1-NXZ.gif"},"geometry":{"type":"Point","coordinates":[121.64,25.077]}},{"type":"Feature","properties":{"area_desc":"新北市地區","county_name":"新北市","station_name":"五分山","station_id":"NWF","longitude":"121.782","latitude":"25.072","epicenter_distance":"152.35","back_azimuth":"112.65","seismic_intensity":"2","pga_v":"0.59","pga_ns":"2.97","pga_ew":"1.51","pga_int_scale":"3.10","pgv_v":"0.05","pgv_ns":"0.48","pgv_ew":"0.19","pgv_int_scale":"0.51","wave_image_uri":"https://scweb.cwa.gov.tw/webdata/drawTrace/outcome/2025/2025082/2-NWF.gif"},"geometry":{"type":"Point","coordinates":[121.782,25.072]}},{"type":"Feature","properties":{"area_desc":"新北市地區","county_name":"新北市","station_name":"汐止","station_id":"NXZ","longitude":"121.640","latitude":"25.077","epicenter_distance":"165.84","back_azimuth":"110.92","seismic_intensity":"2","pga_v":"1.71","pga_ns":"3.42","pga_ew":"3.85","pga_int_scale":"3.53","pgv_v":"0.04","pgv_ns":"0.11","pgv_ew":"0.16","pgv_int_scale":"0.18","wave_image_uri":"https://scweb.cwa.gov.tw/webdata/drawTrace/outcome/2025/2025082/2-NXZ.gif"},"geometry":{"type":"Point","coordinates":[121.64,25.077]}},{"type":"Feature","properties":{"area_desc":"新北市地區","county_name":"新北市","station_name":"新店","station_id":"NHDH","longitude":"121.525","latitude":"24.960","epicenter_distance":"172.92","back_azimuth":"105.51","seismic_intensity":"2","pga_v":"1.12","pga_ns":"2.60","pga_ew":"2.74","pga_int_scale":"2.58","pgv_v":"0.04","pgv_ns":"0.10","pgv_ew":"0.09","pgv_int_scale":"0.12","wave_image_uri":"https://scweb.cwa.gov.tw/webdata/drawTrace/outcome/2025/2025082/2-NHDH.gif"},"geometry":{"type":"Point","coordinates":[121.525,24.96]}},{"type":"Feature","properties":{"area_desc":"新北市地區","county_name":"新北市","station_name":"新北市","station_id":"A024","longitude":"121.475","latitude":"25.019","epicenter_distance":"179.64","back_azimuth":"107.11","seismic_intensity":"2","pga_v":"2.01","pga_ns":"1.39","pga_ew":"2.51","pga_int_scale":"2.86","pgv_v":"0.06","pgv_ns":"0.07","pgv_ew":"0.10","pgv_int_scale":"0.12","wave_image_uri":"https://scweb.cwa.gov.tw/webdata/drawTrace/outcome/2025/2025082/2-A024.gif"},"geometry":{"type":"Point","coordinates":[121.475,25.019]}},{"type":"Feature","properties":{"area_desc":"新北市地區","county_name":"新北市","station_name":"淡水","station_id":"NTS","longitude":"121.449","latitude":"25.164","epicenter_distance":"187.32","back_azimuth":"111.61","seismic_intensity":"2","pga_v":"1.05","pga_ns":"4.06","pga_ew":"2.81","pga_int_scale":"3.29","pgv_v":"0.05","pgv_ns":"0.10","pgv_ew":"0.11","pgv_int_scale":"0.13","wave_image_uri":"https://scweb.cwa.gov.tw/webdata/drawTrace/outcome/2025/2025082/2-NTS.gif"},"geometry":{"type":"Point","coordinates":[121.449,25.164]}},{"type":"Feature","properties":{"area_desc":"新北市地區","county_name":"新北市","station_name":"三貂角","station_id":"TWB1","longitude":"121.997","latitude":"25.007","epicenter_distance":"129.52","back_azimuth":"113.42","seismic_intensity":"2"},"geometry":{"type":"Point","coordinates":[121.997,25.007]}},{"type":"Feature","properties":{"area_desc":"新北市地區","county_name":"新北市","station_name":"雙溪","station_id":"TIPB","longitude":"121.826","latitude":"24.972","epicenter_distance":"144.31","back_azimuth":"109.26","seismic_intensity":"1","pga_v":"0.97","pga_ns":"0.73","pga_ew":"0.57","pga_int_scale":"0.86","pgv_v":"0.08","pgv_ns":"0.11","pgv_ew":"0.07","pgv_int_scale":"0.11","wave_image_uri":"https://scweb.cwa.gov.tw/webdata/drawTrace/outcome/2025/2025082/1-TIPB.gif"},"geometry":{"type":"Point","coordinates":[121.826,24.972]}},{"type":"Feature","properties":{"area_desc":"新北市地區","county_name":"新北市","station_name":"烏來","station_id":"A124","longitude":"121.553","latitude":"24.864","epicenter_distance":"167.65","back_azimuth":"102.26","seismic_intensity":"1","pga_v":"1.01","pga_ns":"2.30","pga_ew":"1.61","pga_int_scale":"1.67","pgv_v":"0.03","pgv_ns":"0.04","pgv_ew":"0.04","pgv_int_scale":"0.04","wave_image_uri":"https://scweb.cwa.gov.tw/webdata/drawTrace/outcome/2025/2025082/1-A124.gif"},"geometry":{"type":"Point","coordinates":[121.553,24.864]}},{"type":"Feature","properties":{"area_desc":"新北市地區","county_name":"新北市","station_name":"萬里","station_id":"NWR","longitude":"121.661","latitude":"25.202","epicenter_distance":"169.39","back_azimuth":"115.59","seismic_intensity":"1","pga_v":"0.34","pga_ns":"1.05","pga_ew":"0.70","pga_int_scale":"1.01","pgv_v":"0.02","pgv_ns":"0.04","pgv_ew":"0.04","pgv_int_scale":"0.04","wave_image_uri":"https://scweb.cwa.gov.tw/webdata/drawTrace/outcome/2025/2025082/1-NWR.gif"},"geometry":{"type":"Point","coordinates":[121.661,25.202]}},{"type":"Feature","properties":{"area_desc":"新北市地區","county_name":"新北市","station_name":"石門","station_id":"NSM","longitude":"121.589","latitude":"25.288","epicenter_distance":"180.10","back_azimuth":"117.33","seismic_intensity":"1","pga_v":"0.48","pga_ns":"1.13","pga_ew":"2.01","pga_int_scale":"2.10","pgv_v":"0.03","pgv_ns":"0.17","pgv_ew":"0.06","pgv_int_scale":"0.18","wave_image_uri":"https://scweb.cwa.gov.tw/webdata/drawTrace/outcome/2025/2025082/1-NSM.gif"},"geometry":{"type":"Point","coordinates":[121.589,25.288]}},{"type":"Feature","properties":{"area_desc":"新北市地區","county_name":"新北市","station_name":"三峽","station_id":"NSX","longitude":"121.374","latitude":"24.939","epicenter_distance":"187.13","back_azimuth":"103.59","seismic_intensity":"1","pga_v":"0.91","pga_ns":"2.09","pga_ew":"1.64","pga_int_scale":"1.69","pgv_v":"0.03","pgv_ns":"0.06","pgv_ew":"0.06","pgv_int_scale":"0.06","wave_image_uri":"https://scweb.cwa.gov.tw/webdata/drawTrace/outcome/2025/2025082/1-NSX.gif"},"geometry":{"type":"Point","coordinates":[121.374,24.939]}},{"type":"Feature","properties":{"area_desc":"新北市地區","county_name":"新北市","station_name":"五股","station_id":"TWS1","longitude":"121.423","latitude":"25.101","epicenter_distance":"187.36","back_azimuth":"109.32","seismic_intensity":"1","pga_v":"1.14","pga_ns":"1.52","pga_ew":"1.92","pga_int_scale":"1.43","pgv_v":"0.04","pgv_ns":"0.05","pgv_ew":"0.07","pgv_int_scale":"0.07","wave_image_uri":"https://scweb.cwa.gov.tw/webdata/drawTrace/outcome/2025/2025082/1-TWS1.gif"},"geometry":{"type":"Point","coordinates":[121.423,25.101]}},{"type":"Feature","properties":{"area_desc":"新北市地區","county_name":"新北市","station_name":"新店","station_id":"NHDH","longitude":"121.525","latitude":"24.960","epicenter_distance":"49.36","back_azimuth":"144.46","seismic_intensity":"3","pga_v":"2.85","pga_ns":"14.78","pga_ew":"16.92","pga_int_scale":"21.69","pgv_v":"0.15","pgv_ns":"1.02","pgv_ew":"1.04","pgv_int_scale":"1.26","wave_image_uri":"https://scweb.cwa.gov.tw/webdata/drawTrace/outcome/2025/2025083/3-NHDH.gif"},"geometry":{"type":"Point","coordinates":[121.525,24.96]}},{"type":"Feature","properties":{"area_desc":"新北市地區","county_name":"新北市","station_name":"五分山","station_id":"NWF","longitude":"121.782","latitude":"25.072","epicenter_distance":"52.67","back_azimuth":"177.03","seismic_intensity":"3","pga_v":"3.90","pga_ns":"18.50","pga_ew":"11.31","pga_int_scale":"18.75","pgv_v":"0.21","pgv_ns":"1.62","pgv_ew":"0.88","pgv_int_scale":"1.65","wave_image_uri":"https://scweb.cwa.gov.tw/webdata/drawTrace/outcome/2025/2025083/3-NWF.gif"},"geometry":{"type":"Point","coordinates":[121.782,25.072]}},{"type":"Feature","properties":{"area_desc":"新北市地區","county_name":"新北市","station_name":"汐止","station_id":"NXZ","longitude":"121.640","latitude":"25.077","epicenter_distance":"55.80","back_azimuth":"162.23","seismic_intensity":"3","pga_v":"8.74","pga_ns":"15.03","pga_ew":"16.57","pga_int_scale":"19.10","pgv_v":"0.31","pgv_ns":"0.61","pgv_ew":"0.78","pgv_int_scale":"0.85","wave_image_uri":"https://scweb.cwa.gov.tw/webdata/drawTrace/outcome/2025/2025083/3-NXZ.gif"},"geometry":{"type":"Point","coordinates":[121.64,25.077]}},{"type":"Feature","properties":{"area_desc":"新北市地區","county_name":"新北市","station_name":"淡水","station_id":"NTS","longitude":"121.449","latitude":"25.164","epicenter_distance":"72.64","back_azimuth":"149.98","seismic_intensity":"3","pga_v":"3.80","pga_ns":"9.01","pga_ew":"8.99","pga_int_scale":"9.98","pgv_v":"0.21","pgv_ns":"0.45","pgv_ew":"0.67","pgv_int_scale":"0.68","wave_image_uri":"https://scweb.cwa.gov.tw/webdata/drawTrace/outcome/2025/2025083/3-NTS.gif"},"geometry":{"type":"Point","coordinates":[121.449,25.164]}},{"type":"Feature","properties":{"area_desc":"新北市地區","county_name":"新北市","station_name":"烏來","station_id":"A124","longitude":"121.553","latitude":"24.864","epicenter_distance":"39.23","back_azimuth":"138.81","seismic_intensity":"2","pga_v":"3.32","pga_ns":"4.47","pga_ew":"5.94","pga_int_scale":"5.70","pgv_v":"0.11","pgv_ns":"0.14","pgv_ew":"0.22","pgv_int_scale":"0.26","wave_image_uri":"https://scweb.cwa.gov.tw/webdata/drawTrace/outcome/2025/2025083/2-A124.gif"},"geometry":{"type":"Point","coordinates":[121.553,24.864]}},{"type":"Feature","properties":{"area_desc":"新北市地區","county_name":"新北市","station_name":"雙溪","station_id":"TIPB","longitude":"121.826","latitude":"24.972","epicenter_distance":"41.56","back_azimuth":"182.32","seismic_intensity":"2","pga_v":"3.79","pga_ns":"7.41","pga_ew":"4.54","pga_int_scale":"7.32","pgv_v":"0.15","pgv_ns":"0.33","pgv_ew":"0.22","pgv_int_scale":"0.35","wave_image_uri":"https://scweb.cwa.gov.tw/webdata/drawTrace/outcome/2025/2025083/2-TIPB.gif"},"geometry":{"type":"Point","coordinates":[121.826,24.972]}},{"type":"Feature","properties":{"area_desc":"新北市地區","county_name":"新北市","station_name":"新北市","station_id":"A024","longitude":"121.475","latitude":"25.019","epicenter_distance":"57.70","back_azimuth":"144.17","seismic_intensity":"2","pga_v":"4.13","pga_ns":"5.25","pga_ew":"6.76","pga_int_scale":"7.16","pgv_v":"0.16","pgv_ns":"0.41","pgv_ew":"0.81","pgv_int_scale":"0.81","wave_image_uri":"https://scweb.cwa.gov.tw/webdata/drawTrace/outcome/2025/2025083/2-A024.gif"},"geometry":{"type":"Point","coordinates":[121.475,25.019]}},{"type":"Feature","properties":{"area_desc":"新北市地區","county_name":"新北市","station_name":"三峽","station_id":"NSX","longitude":"121.374","latitude":"24.939","epicenter_distance":"58.02","back_azimuth":"130.77","seismic_intensity":"2","pga_v":"1.75","pga_ns":"2.69","pga_ew":"2.80","pga_int_scale":"2.89","pgv_v":"0.08","pgv_ns":"0.16","pgv_ew":"0.19","pgv_int_scale":"0.19","wave_image_uri":"https://scweb.cwa.gov.tw/webdata/drawTrace/outcome/2025/2025083/2-NSX.gif"},"geometry":{"type":"Point","coordinates":[121.374,24.939]}},{"type":"Feature","properties":{"area_desc":"新北市地區","county_name":"新北市","station_name":"五股","station_id":"TWS1","longitude":"121.423","latitude":"25.101","epicenter_distance":"68.13","back_azimuth":"145.13","seismic_intensity":"2","pga_v":"3.11","pga_ns":"6.60","pga_ew":"6.38","pga_int_scale":"5.93","pgv_v":"0.16","pgv_ns":"0.30","pgv_ew":"0.32","pgv_int_scale":"0.37","wave_image_uri":"https://scweb.cwa.gov.tw/webdata/drawTrace/outcome/2025/2025083/2-TWS1.gif"},"geometry":{"type":"Point","coordinates":[121.423,25.101]}},{"type":"Feature","properties":{"area_desc":"新北市地區","county_name":"新北市","station_name":"萬里","station_id":"NWR","longitude":"121.661","latitude":"25.202","epicenter_distance":"68.73","back_azimuth":"167.42","seismic_intensity":"2","pga_v":"2.44","pga_ns":"5.51","pga_ew":"4.56","pga_int_scale":"5.43","pgv_v":"0.10","pgv_ns":"0.22","pgv_ew":"0.20","pgv_int_scale":"0.23","wave_image_uri":"https://scweb.cwa.gov.tw/webdata/drawTrace/outcome/2025/2025083/2-NWR.gif"},"geometry":{"type":"Point","coordinates":[121.661,25.202]}},{"type":"Feature","properties":{"area_desc":"新北市地區","county_name":"新北市","station_name":"石門","station_id":"NSM","longitude":"121.589","latitude":"25.288","epicenter_distance":"79.76","back_azimuth":"163.80","seismic_intensity":"2","pga_v":"2.55","pga_ns":"3.95","pga_ew":"4.39","pga_int_scale":"5.49","pgv_v":"0.10","pgv_ns":"0.16","pgv_ew":"0.18","pgv_int_scale":"0.20","wave_image_uri":"https://scweb.cwa.gov.tw/webdata/drawTrace/outcome/2025/2025083/2-NSM.gif"},"geometry":{"type":"Point","coordinates":[121.589,25.288]}},{"type":"Feature","properties":{"area_desc":"新北市地區","county_name":"新北市","station_name":"三貂角","station_id":"TWB1","longitude":"121.997","latitude":"25.007","epicenter_distance":"49.24","back_azimuth":"202.76","seismic_intensity":"2"},"geometry":{"type":"Point","coordinates":[121.997,25.007]}},{"type":"Feature","properties":{"area_desc":"新北市地區","county_name":"新北市","station_name":"烏來","station_id":"A124","longitude":"121.553","latitude":"24.864","epicenter_distance":"60.81","back_azimuth":"147.34","seismic_intensity":"1","pga_v":"1.55","pga_ns":"1.54","pga_ew":"1.59","pga_int_scale":"0.90","pgv_v":"0.02","pgv_ns":"0.02","pgv_ew":"0.02","pgv_int_scale":"0.03","wave_image_uri":"https://scweb.cwa.gov.tw/webdata/drawTrace/outcome/2025/2025085/1-A124.gif"},"geometry":{"type":"Point","coordinates":[121.553,24.864]}},{"type":"Feature","properties":{"area_desc":"新北市地區","county_name":"新北市","station_name":"新店","station_id":"NHDH","longitude":"121.525","latitude":"24.960","epicenter_distance":"71.39","back_azimuth":"150.03","seismic_intensity":"1","pga_v":"1.06","pga_ns":"0.98","pga_ew":"1.26","pga_int_scale":"1.01","pgv_v":"0.43","pgv_ns":"0.04","pgv_ew":"0.03","pgv_int_scale":"0.43","wave_image_uri":"https://scweb.cwa.gov.tw/webdata/drawTrace/outcome/2025/2025085/1-NHDH.gif"},"geometry":{"type":"Point","coordinates":[121.525,24.96]}},{"type":"Feature","properties":{"area_desc":"新北市地區","county_name":"新北市","station_name":"汐止","station_id":"NXZ","longitude":"121.640","latitude":"25.077","epicenter_distance":"78.57","back_azimuth":"162.22","seismic_intensity":"1","pga_v":"0.98","pga_ns":"1.83","pga_ew":"1.59","pga_int_scale":"1.80","pgv_v":"0.01","pgv_ns":"0.04","pgv_ew":"0.05","pgv_int_scale":"0.05","wave_image_uri":"https://scweb.cwa.gov.tw/webdata/drawTrace/outcome/2025/2025085/1-NXZ.gif"},"geometry":{"type":"Point","coordinates":[121.64,25.077]}},{"type":"Feature","properties":{"area_desc":"新北市地區","county_name":"新北市","station_name":"汐止","station_id":"NXZ","longitude":"121.640","latitude":"25.077","epicenter_distance":"78.45","back_azimuth":"165.31","seismic_intensity":"2","pga_v":"0.71","pga_ns":"2.85","pga_ew":"2.38","pga_int_scale":"3.11","pgv_v":"0.02","pgv_ns":"0.08","pgv_ew":"0.09","pgv_int_scale":"0.09","wave_image_uri":"https://scweb.cwa.gov.tw/webdata/drawTrace/outcome/2025/2025086/2-NXZ.gif"},"geometry":{"type":"Point","coordinates":[121.64,25.077]}},{"type":"Feature","properties":{"area_desc":"新北市地區","county_name":"新北市","station_name":"新店","station_id":"NHDH","longitude":"121.525","latitude":"24.960","epicenter_distance":"70.39","back_azimuth":"153.36","seismic_intensity":"1","pga_v":"0.64","pga_ns":"0.68","pga_ew":"0.79","pga_int_scale":"0.85","pgv_v":"0.01","pgv_ns":"0.02","pgv_ew":"0.04","pgv_int_scale":"0.04","wave_image_uri":"https://scweb.cwa.gov.tw/webdata/drawTrace/outcome/2025/2025086/1-NHDH.gif"},"geometry":{"type":"Point","coordinates":[121.525,24.96]}},{"type":"Feature","properties":{"area_desc":"新北市地區","county_name":"新北市","station_name":"新北市","station_id":"A024","longitude":"121.475","latitude":"25.019","epicenter_distance":"78.60","back_azimuth":"152.20","seismic_intensity":"1","pga_v":"0.71","pga_ns":"1.47","pga_ew":"1.04","pga_int_scale":"1.61","pgv_v":"0.03","pgv_ns":"0.06","pgv_ew":"0.04","pgv_int_scale":"0.06","wave_image_uri":"https://scweb.cwa.gov.tw/webdata/drawTrace/outcome/2025/2025086/1-A024.gif"},"geometry":{"type":"Point","coordinates":[121.475,25.019]}},{"type":"Feature","properties":{"area_desc":"新北市地區","county_name":"新北市","station_name":"新店","station_id":"NHDH","longitude":"121.525","latitude":"24.960","epicenter_distance":"89.12","back_azimuth":"169.66","seismic_intensity":"1","pga_v":"0.54","pga_ns":"0.95","pga_ew":"0.96","pga_int_scale":"1.00","pgv_v":"0.01","pgv_ns":"0.04","pgv_ew":"0.03","pgv_int_scale":"0.04","wave_image_uri":"https://scweb.cwa.gov.tw/webdata/drawTrace/outcome/2025/2025089/1-NHDH.gif"},"geometry":{"type":"Point","coordinates":[121.525,24.96]}},{"type":"Feature","properties":{"area_desc":"新北市地區","county_name":"新北市","station_name":"汐止","station_id":"NXZ","longitude":"121.640","latitude":"25.077","epicenter_distance":"100.74","back_azimuth":"177.54","seismic_intensity":"1","pga_v":"0.30","pga_ns":"1.02","pga_ew":"0.76","pga_int_scale":"0.92","pgv_v":"0.01","pgv_ns":"0.03","pgv_ew":"0.02","pgv_int_scale":"0.03","wave_image_uri":"https://scweb.cwa.gov.tw/webdata/drawTrace/outcome/2025/2025089/1-NXZ.gif"},"geometry":{"type":"Point","coordinates":[121.64,25.077]}},{"type":"Feature","properties":{"area_desc":"新北市地區","county_name":"新北市","station_name":"五分山","station_id":"NWF","longitude":"121.782","latitude":"25.072","epicenter_distance":"130.95","back_azimuth":"172.59","seismic_intensity":"2","pga_v":"0.56","pga_ns":"2.61","pga_ew":"1.81","pga_int_scale":"2.80","pgv_v":"0.05","pgv_ns":"0.22","pgv_ew":"0.14","pgv_int_scale":"0.23","wave_image_uri":"https://scweb.cwa.gov.tw/webdata/drawTrace/outcome/2025/2025090/2-NWF.gif"},"geometry":{"type":"Point","coordinates":[121.782,25.072]}},{"type":"Feature","properties":{"area_desc":"新北市地區","county_name":"新北市","station_name":"新店","station_id":"NHDH","longitude":"121.525","latitude":"24.960","epicenter_distance":"125.03","back_azimuth":"159.92","seismic_intensity":"1","pga_v":"0.45","pga_ns":"1.13","pga_ew":"1.77","pga_int_scale":"1.79","pgv_v":"0.05","pgv_ns":"0.08","pgv_ew":"0.10","pgv_int_scale":"0.10","wave_image_uri":"https://scweb.cwa.gov.tw/webdata/drawTrace/outcome/2025/2025090/1-NHDH.gif"},"geometry":{"type":"Point","coordinates":[121.525,24.96]}},{"type":"Feature","properties":{"area_desc":"新北市地區","county_name":"新北市","station_name":"三峽","station_id":"NSX","longitude":"121.374","latitude":"24.939","epicenter_distance":"129.04","back_azimuth":"153.18","seismic_intensity":"1","pga_v":"0.51","pga_ns":"0.84","pga_ew":"1.15","pga_int_scale":"1.14","pgv_v":"0.07","pgv_ns":"0.12","pgv_ew":"0.12","pgv_int_scale":"0.12","wave_image_uri":"https://scweb.cwa.gov.tw/webdata/drawTrace/outcome/2025/2025090/1-NSX.gif"},"geometry":{"type":"Point","coordinates":[121.374,24.939]}},{"type":"Feature","properties":{"area_desc":"新北市地區","county_name":"新北市","station_name":"新北市","station_id":"A024","longitude":"121.475","latitude":"25.019","epicenter_distance":"133.02","back_azimuth":"158.83","seismic_intensity":"1","pga_v":"0.85","pga_ns":"1.56","pga_ew":"1.24","pga_int_scale":"1.63","pgv_v":"0.08","pgv_ns":"0.15","pgv_ew":"0.14","pgv_int_scale":"0.15","wave_image_uri":"https://scweb.cwa.gov.tw/webdata/drawTrace/outcome/2025/2025090/1-A024.gif"},"geometry":{"type":"Point","coordinates":[121.475,25.019]}},{"type":"Feature","properties":{"area_desc":"新北市地區","county_name":"新北市","station_name":"汐止","station_id":"NXZ","longitude":"121.640","latitude":"25.077","epicenter_distance":"134.09","back_azimuth":"166.53","seismic_intensity":"1","pga_v":"0.56","pga_ns":"1.34","pga_ew":"1.55","pga_int_scale":"1.73","pgv_v":"0.05","pgv_ns":"0.08","pgv_ew":"0.09","pgv_int_scale":"0.10","wave_image_uri":"https://scweb.cwa.gov.tw/webdata/drawTrace/outcome/2025/2025090/1-NXZ.gif"},"geometry":{"type":"Point","coordinates":[121.64,25.077]}},{"type":"Feature","properties":{"area_desc":"新北市地區","county_name":"新北市","station_name":"淡水","station_id":"NTS","longitude":"121.449","latitude":"25.164","epicenter_distance":"149.01","back_azimuth":"160.15","seismic_intensity":"1","pga_v":"0.65","pga_ns":"0.79","pga_ew":"0.84","pga_int_scale":"0.80","pgv_v":"0.08","pgv_ns":"0.12","pgv_ew":"0.08","pgv_int_scale":"0.13","wave_image_uri":"https://scweb.cwa.gov.tw/webdata/drawTrace/outcome/2025/2025090/1-NTS.gif"},"geometry":{"type":"Point","coordinates":[121.449,25.164]}},{"type":"Feature","properties":{"area_desc":"新北市地區","county_name":"新北市","station_name":"五分山","station_id":"NWF","longitude":"121.782","latitude":"25.072","epicenter_distance":"130.83","back_azimuth":"173.15","seismic_intensity":"2","pga_v":"0.63","pga_ns":"3.06","pga_ew":"2.27","pga_int_scale":"3.34","pgv_v":"0.08","pgv_ns":"0.35","pgv_ew":"0.29","pgv_int_scale":"0.36","wave_image_uri":"https://scweb.cwa.gov.tw/webdata/drawTrace/outcome/2025/2025092/2-NWF.gif"},"geometry":{"type":"Point","coordinates":[121.782,25.072]}},{"type":"Feature","properties":{"area_desc":"新北市地區","county_name":"新北市","station_name":"新北市","station_id":"A024","longitude":"121.475","latitude":"25.019","epicenter_distance":"132.60","back_azimuth":"159.36","seismic_intensity":"2","pga_v":"1.51","pga_ns":"2.50","pga_ew":"2.11","pga_int_scale":"3.08","pgv_v":"0.14","pgv_ns":"0.28","pgv_ew":"0.34","pgv_int_scale":"0.35","wave_image_uri":"https://scweb.cwa.gov.tw/webdata/drawTrace/outcome/2025/2025092/2-A024.gif"},"geometry":{"type":"Point","coordinates":[121.475,25.019]}},{"type":"Feature","properties":{"area_desc":"新北市地區","county_name":"新北市","station_name":"烏來","station_id":"A124","longitude":"121.553","latitude":"24.864","epicenter_distance":"113.65","back_azimuth":"160.04","seismic_intensity":"1","pga_v":"0.60","pga_ns":"0.71","pga_ew":"0.83","pga_int_scale":"0.97","pgv_v":"0.08","pgv_ns":"0.09","pgv_ew":"0.09","pgv_int_scale":"0.13","wave_image_uri":"https://scweb.cwa.gov.tw/webdata/drawTrace/outcome/2025/2025092/1-A124.gif"},"geometry":{"type":"Point","coordinates":[121.553,24.864]}},{"type":"Feature","properties":{"area_desc":"新北市地區","county_name":"新北市","station_name":"雙溪","station_id":"TIPB","longitude":"121.826","latitude":"24.972","epicenter_distance":"119.36","back_azimuth":"174.62","seismic_intensity":"1","pga_v":"0.52","pga_ns":"0.84","pga_ew":"0.73","pga_int_scale":"0.95","pgv_v":"0.10","pgv_ns":"0.11","pgv_ew":"0.10","pgv_int_scale":"0.15","wave_image_uri":"https://scweb.cwa.gov.tw/webdata/drawTrace/outcome/2025/2025092/1-TIPB.gif"},"geometry":{"type":"Point","coordinates":[121.826,24.972]}},{"type":"Feature","properties":{"area_desc":"新北市地區","county_name":"新北市","station_name":"新店","station_id":"NHDH","longitude":"121.525","latitude":"24.960","epicenter_distance":"124.63","back_azimuth":"160.48","seismic_intensity":"1","pga_v":"0.62","pga_ns":"1.73","pga_ew":"1.73","pga_int_scale":"1.87","pgv_v":"0.08","pgv_ns":"0.12","pgv_ew":"0.13","pgv_int_scale":"0.15","wave_image_uri":"https://scweb.cwa.gov.tw/webdata/drawTrace/outcome/2025/2025092/1-NHDH.gif"},"geometry":{"type":"Point","coordinates":[121.525,24.96]}},{"type":"Feature","properties":{"area_desc":"新北市地區","county_name":"新北市","station_name":"三峽","station_id":"NSX","longitude":"121.374","latitude":"24.939","epicenter_distance":"128.50","back_azimuth":"153.69","seismic_intensity":"1","pga_v":"0.96","pga_ns":"1.50","pga_ew":"1.25","pga_int_scale":"1.56","pgv_v":"0.14","pgv_ns":"0.22","pgv_ew":"0.20","pgv_int_scale":"0.23","wave_image_uri":"https://scweb.cwa.gov.tw/webdata/drawTrace/outcome/2025/2025092/1-NSX.gif"},"geometry":{"type":"Point","coordinates":[121.374,24.939]}},{"type":"Feature","properties":{"area_desc":"新北市地區","county_name":"新北市","station_name":"汐止","station_id":"NXZ","longitude":"121.640","latitude":"25.077","epicenter_distance":"133.84","back_azimuth":"167.07","seismic_intensity":"1","pga_v":"0.82","pga_ns":"1.70","pga_ew":"2.10","pga_int_scale":"2.11","pgv_v":"0.12","pgv_ns":"0.18","pgv_ew":"0.22","pgv_int_scale":"0.22","wave_image_uri":"https://scweb.cwa.gov.tw/webdata/drawTrace/outcome/2025/2025092/1-NXZ.gif"},"geometry":{"type":"Point","coordinates":[121.64,25.077]}},{"type":"Feature","properties":{"area_desc":"新北市地區","county_name":"新北市","station_name":"五股","station_id":"TWS1","longitude":"121.423","latitude":"25.101","epicenter_distance":"142.97","back_azimuth":"158.70","seismic_intensity":"1","pga_v":"0.62","pga_ns":"0.82","pga_ew":"0.87","pga_int_scale":"0.95","pgv_v":"0.12","pgv_ns":"0.17","pgv_ew":"0.18","pgv_int_scale":"0.26","wave_image_uri":"https://scweb.cwa.gov.tw/webdata/drawTrace/outcome/2025/2025092/1-TWS1.gif"},"geometry":{"type":"Point","coordinates":[121.423,25.101]}},{"type":"Feature","properties":{"area_desc":"新北市地區","county_name":"新北市","station_name":"萬里","station_id":"NWR","longitude":"121.661","latitude":"25.202","epicenter_distance":"147.05","back_azimuth":"169.07","seismic_intensity":"1","pga_v":"0.45","pga_ns":"0.84","pga_ew":"0.73","pga_int_scale":"0.88","pgv_v":"0.08","pgv_ns":"0.10","pgv_ew":"0.10","pgv_int_scale":"0.11","wave_image_uri":"https://scweb.cwa.gov.tw/webdata/drawTrace/outcome/2025/2025092/1-NWR.gif"},"geometry":{"type":"Point","coordinates":[121.661,25.202]}},{"type":"Feature","properties":{"area_desc":"新北市地區","county_name":"新北市","station_name":"淡水","station_id":"NTS","longitude":"121.449","latitude":"25.164","epicenter_distance":"148.61","back_azimuth":"160.62","seismic_intensity":"1","pga_v":"0.85","pga_ns":"1.50","pga_ew":"1.37","pga_int_scale":"1.64","pgv_v":"0.16","pgv_ns":"0.31","pgv_ew":"0.27","pgv_int_scale":"0.32","wave_image_uri":"https://scweb.cwa.gov.tw/webdata/drawTrace/outcome/2025/2025092/1-NTS.gif"},"geometry":{"type":"Point","coordinates":[121.449,25.164]}},{"type":"Feature","properties":{"area_desc":"新北市地區","county_name":"新北市","station_name":"汐止","station_id":"NXZ","longitude":"121.640","latitude":"25.077","epicenter_distance":"86.94","back_azimuth":"165.07","seismic_intensity":"1","pga_v":"0.56","pga_ns":"1.08","pga_ew":"1.26","pga_int_scale":"1.24","pgv_v":"0.01","pgv_ns":"0.03","pgv_ew":"0.03","pgv_int_scale":"0.03","wave_image_uri":"https://scweb.cwa.gov.tw/webdata/drawTrace/outcome/2025/2025096/1-NXZ.gif"},"geometry":{"type":"Point","coordinates":[121.64,25.077]}}]}