Unnamed: 0,name,address,type,location,Mon_Stime,Mon_Dtime,Tue_Stime,Tue_Dtime,Wed_Stime,Wed_Dtime,Thu_Stime,Thu_Dtime,Fri_Stime,Fri_Dtime,Sat_Stime,Sat_Dtime,Sun_Stime,Sun_Dtime,telephone,lat,lng,district
1,一滴水紀念館旅客服務中心,新北市淡水區中正路一段6巷30號,觀光旅遊地區,一滴水紀念館旅客服務中心,540,1020,540,1020,540,1020,540,1020,540,1020,540,1020,NaN,NaN,02-29420451分機5203,25.178206,121.430772,淡水區
2,新北市永和區秀朗國民小學,新北市永和區得和路202號,學校、大型集會場所,基層選手游泳訓練站,360,1200,360,1200,360,1200,360,1200,360,1200,780,1260,NaN,NaN,02-29683569,24.9996038,121.5216113,永和區
3,財政部北區國稅局板橋分局,新北市板橋區文化路一段48號,其他,一樓,480,1020,480,1020,480,1020,480,1020,480,1020,NaN,NaN,NaN,NaN,(02)2926-6888#6100,25.0118301,121.4601896,板橋區
4,國立臺灣圖書館,新北市中和區中安街85號,大型休閒場所,國立臺灣圖書館,540,1260,540,1260,540,1260,540,1260,540,1260,540,1260,540,1260,02-29855892,25.0014761,121.5126447,中和區
5,新北市私立格致高級中學,新北市三重區大智街260號,學校、大型集會場所,教官室外,420,1260,420,1260,420,1260,420,1260,420,1260,420,720,NaN,NaN,,25.0734906,121.4885294,三重區
6,淡江大學,新北市淡水區英專路151號,學校、大型集會場所,衛保組,480,1020,480,1020,480,1020,480,1020,480,1020,NaN,NaN,NaN,NaN,,25.1731907,121.448457,淡水區
7,淡江大學,新北市淡水區英專路151號,學校、大型集會場所,紹謨紀念游泳館,480,1020,480,1020,480,1020,480,1020,480,1020,NaN,NaN,NaN,NaN,,25.1731907,121.448457,淡水區
8,淡江大學,新北市淡水區英專路151號,學校、大型集會場所,紹模紀念體育館 3F,480,1020,480,1020,480,1020,480,1020,480,1020,NaN,NaN,NaN,NaN,(02)7749-3117,25.1731907,121.448457,淡水區
9,國立臺灣師範大學林口校區,新北市林口區仁愛路1段2號,學校、大型集會場所,林口校區行政大樓一樓走廊,480,1050,480,1050,480,1050,480,1050,480,1050,NaN,NaN,NaN,NaN,935084554,25.0790108,121.3881378,林口區
10,大瓏企業股份有限公司,新北市土城區中央路四段51號9~12樓,其他,大瓏企業12樓梯廳,480,480,480,480,480,480,480,480,480,480,480,480,480,480,22521212-236 0952262266,24.9603141,121.4207239,土城區
11,新北市議會,新北市板橋區文化路2段166號,學校、大型集會場所,新北市議會議事廳議場入口旁,480,1260,480,1260,480,1260,480,1260,480,1260,480,1260,480,1260,927025335,25.0272371,121.4706348,板橋區
12,環球健身中心,新北市板橋區縣民大道二段7號24樓,學校、大型集會場所,環球健身中心24樓,420,1380,420,1380,420,1380,420,1380,420,1380,480,1260,480,1260,(02)26729996#319,25.0143744,121.4639869,板橋區
13,新北市客家文化園區,新北市三峽區隆恩街239號,觀光旅遊地區,園樓服務台旁,540,1020,540,1020,540,1020,540,1020,540,1020,540,1080,540,1080,(02)86772727*858,24.9413225,121.3583721,三峽區
14,新北市立鶯歌陶瓷博物館,新北市鶯歌區文化路200號,大型休閒場所,1樓大廳諮詢服務臺旁,570,1020,570,1020,570,1020,570,1020,570,1020,570,1080,570,1080,02-26191313*302,24.949251,121.352032,鶯歌區
15,新北市立十三行博物館,新北市八里區博物館路200號,大型休閒場所,十三行博物館,570,1020,570,1020,570,1020,570,1020,570,1020,570,1080,570,1080,(02)29690366#60,25.1576837,121.4048398,八里區
16,板橋435藝文特區,新北市板橋區中正路435號,觀光旅遊地區,服務臺,540,1020,540,1020,540,1020,540,1020,540,1020,540,1080,540,1080,22760182#334,25.0250294,121.4521125,板橋區
17,新莊文化藝術中心,新北市新莊區新北市新莊區中平路133號,大型休閒場所,大廳服務台前方，進門口左方明顯處,540,1020,540,1020,540,1020,540,1020,540,1020,540,1020,540,1020,952539676,25.0472506,121.4439352,新莊區
18,滿福產後護理之家,新北市土城區中央路二段304號4樓,其他,嬰兒室門口,481,1261,481,1261,481,1261,481,1261,481,1261,NaN,NaN,NaN,NaN,,24.973322,121.4404582,土城區
19,新北市政府殯葬管理處板橋殯儀館,新北市板橋區中正路560號,學校、大型集會場所,殯儀館,480,1020,480,1020,480,1020,480,1020,480,1020,480,960,NaN,NaN,02-89786101,25.0281253,121.4569866,板橋區
20,新北市政府交通事件裁決處,新北市板橋區中山路一段181號2樓,其他,領御大樓A1二樓電梯出口右手邊,480,1080,480,1080,480,1080,480,1080,480,1080,NaN,NaN,NaN,NaN,02-89415191,25.0131758,121.4675889,板橋區
21,華夏科技大學,新北市中和區工專路111號,學校、大型集會場所,華夏科技大學,300,1350,300,1350,300,1350,300,1350,300,1350,300,1350,300,1350,22693641-135,24.9812401,121.5075787,中和區
22,中華中學學校財團法人新北市中華高級中學,新北市土城區城林路2號,學校、大型集會場所,學務處走廊,0,1410,0,1410,0,1410,0,1410,0,1410,0,1410,0,1410,86715108,24.9755774,121.4372312,土城區
23,國家教育研究院,新北市三峽區三樹路2號,學校、大型集會場所,良師園1樓,480,1020,480,1020,480,1020,480,1020,480,1020,480,1020,480,1020,,24.9370591,121.3770817,三峽區
24,揚生六○館-板橋館,新北市板橋區文化路二段285號31樓,其他,六○館內,540,1020,540,1020,540,1020,540,1020,540,1020,NaN,NaN,NaN,NaN,24921111#211,25.0293283,121.4714758,板橋區
25,中規開發股份有限公司（野柳海洋世界）,新北市萬里區野柳里港東路167-3號,觀光旅遊地區,本館二樓會議室入口前,540,1020,540,1020,540,1020,540,1020,540,1020,540,1050,540,1050,952668985,25.2052032,121.6912207,萬里區
26,潤泰全球股份有限公司中和分公司,新北市中和區中山路二段228號B1,大型購物場所,1F美商街殘障廁所旁壁面上,450,1380,450,1380,450,1380,450,1380,450,1380,450,1380,450,1380,02-22236666,25.0028437,121.4988381,中和區
27,香港商世界健身事業有限公司中和分公司,新北市中和區中山路三段35-3號一樓,學校、大型集會場所,1樓大廳門口櫃檯左前方,360,0,360,0,360,0,360,0,360,0,360,0,360,0,(02)2268-5511#60476,25.005635,121.478544,中和區
28,富智康國際股份有限公司,新北市土城區民生街4號,其他,1樓大廳,480,1020,480,1020,480,1020,480,1020,480,1020,0,0,0,0,(02)8964-5488,24.9591432,121.4152587,土城區
29,香港商世界健身事業有限公司板橋府中分公司,新北市板橋區中山路一段10號,學校、大型集會場所,1樓櫃檯走道,360,0,360,0,360,0,360,0,360,0,360,0,360,0,(02)29886336分機429,25.0078573,121.460188,板橋區
30,新北市三重地政事務所,新北市三重區新北大道一段11號8樓,其他,行政大樓8樓,480,1050,480,1050,480,1050,480,1050,480,1050,0,0,0,0,29899201#215,25.061008,121.488284,三重區
31,新北市果菜運銷股份有限公司,新北市三重區中正北路111號,其他,行政辦公室旁,0,1439,0,1439,0,1439,0,1439,0,1439,0,1439,0,1439,89122188-701,25.0659487,121.4853918,三重區
32,大潤發流通事業(股)公司新店分公司,新北市新店區環河路22號B1,大型購物場所,B1賣場服務台對面柱體上,480,1380,480,1380,480,1380,480,1380,480,1380,480,1380,480,1380,(02)2208-3333,24.9619585,121.537275,新店區
33,香港商世界健身事業有限公司新莊分公司,新北市新莊區民安路188巷5號,學校、大型集會場所,重訓區,360,0,360,0,360,0,360,0,360,0,360,0,360,0,02-89720079,25.0230568,121.4247951,新莊區
34,新北市三重國民運動中心,新北市三重區集美街55號,學校、大型集會場所,一樓大廳電梯廳旁,360,1320,360,1320,360,1320,360,1320,360,1320,360,1320,360,1320,0229712343#306,25.0545693,121.4879779,三重區
35,穀保學校財團法人新北市穀保高級家事商業職業學校,新北市三重區中正北路560巷38號,學校、大型集會場所,健康中心,450,990,450,990,450,990,450,990,450,990,NaN,NaN,NaN,NaN,02-86625852,25.0692228,121.4710911,三重區
36,東南科技大學,新北市深坑區北深路3段152號,學校、大型集會場所,和平樓  健康中心,0,1439,0,1439,0,1439,0,1439,0,1439,0,1439,0,1439,,25.0031,121.6048287,深坑區
37,安康立體停車場,新北市新店區安康路二段120號,其他,停車場管理室,0,1439,0,1439,0,1439,0,1439,0,1439,0,1439,0,1439,(02)86012123,24.9628639,121.5129645,新店區
38,新北市政府環境保護局林口區清潔隊調度場,新北市林口區東林里粉寮路2段128號,其他,隊員休息之貨櫃屋,480,1260,480,1260,480,1260,480,1260,480,1260,480,1260,480,1020,02-26664996,25.0905196,121.4043427,林口區
39,臺北翡翠水庫管理局,新北市新店區新烏路3段43號,其他,水資源生態教育館,510,1050,510,1050,510,1050,510,1050,510,1050,NaN,NaN,NaN,NaN,02-22756053,24.904684,121.5540261,新店區
40,板橋榮譽國民之家,新北市板橋區大觀路2段32號,其他,長樂樓1樓大門進入右側,480,1020,480,1020,480,1020,480,1020,480,1020,NaN,NaN,NaN,NaN,02-86625852,25.0012122,121.4464629,板橋區
41,東南科技大學,新北市深坑區北深路3段152號,學校、大型集會場所,龍鳳樓宿舍 門口,0,1439,0,1439,0,1439,0,1439,0,1439,0,1439,0,1439,932209209,25.0031,121.6048287,深坑區
42,新北市政府環境保護局石碇區清潔隊,新北市石碇區潭邊里小粗坑9號上方200公尺處,其他,停車場休息室,390,930,390,930,390,930,390,930,390,930,390,930,NaN,NaN,02-26780202#237,24.988006,121.677244,石碇區
43,新北市鶯歌區公所,新北市鶯歌區仁愛路55號,其他,一樓大門口旁,480,1020,480,1020,480,1020,480,1020,480,1020,NaN,NaN,NaN,NaN,958232345,24.9560294,121.3544312,鶯歌區
44,新北市政府環境保護局板橋區清潔隊,新北市板橋區華東街1-7號,其他,會議室飲水機旁,360,1320,360,1320,360,1320,360,1320,360,1320,360,1320,360,1320,934064082,24.9951473,121.4484992,板橋區
45,八里掩埋場(巨大家具再利用場),新北市八里區下罟子63號,其他,八里掩埋場(巨大家具再利用場),600,600,600,600,600,600,600,600,600,600,NaN,NaN,NaN,NaN,,25.141831,121.387122,八里區
46,臺灣新北地方法院板橋院區,新北市板橋區民生路1段30巷1號,學校、大型集會場所,前棟一樓,510,1050,510,1050,510,1050,510,1050,510,1050,NaN,NaN,NaN,NaN,,25.0193748,121.4623894,板橋區
47,臺灣新北地方法院,新北市土城區金城路二段249號,其他,法庭大樓一樓,510,1050,510,1050,510,1050,510,1050,510,1050,NaN,NaN,NaN,NaN,,24.9847126,121.4578636,土城區
48,臺灣新北地方法院三重院區,新北市三重區重新路3段145號,學校、大型集會場所,一樓大廳,510,1050,510,1050,510,1050,510,1050,510,1050,NaN,NaN,NaN,NaN,,25.0594787,121.4903811,三重區
49,臺北大學運動場地下停車場,新北市三峽區大學路151號,學校、大型集會場所,停車場管理室,0,1439,0,1439,0,1439,0,1439,0,1439,0,1439,0,1439,,24.9422246,121.3694779,三峽區
50,板橋國中地下停車場,新北市板橋區中正路437號.B1,學校、大型集會場所,停車場管理室,0,1439,0,1439,0,1439,0,1439,0,1439,0,1439,0,1439,,25.0240328,121.4542122,板橋區
51,厚德國民小學地下停車場,新北市三重區忠孝路一段70號B1,學校、大型集會場所,停車場管理室,0,1439,0,1439,0,1439,0,1439,0,1439,0,1439,0,1439,,25.071906,121.489854,三重區
52,龍門公園地下停車場,新北市三重區公園街32號,其他,停車場管理室,0,1439,0,1439,0,1439,0,1439,0,1439,0,1439,0,1439,,25.0742853,121.4987559,三重區
53,烏來立體停車場,新北市烏來區烏來街47號,其他,停車場管理室,0,1439,0,1439,0,1439,0,1439,0,1439,0,1439,0,1439,02-26192153,24.8655138,121.5516424,烏來區
54,新北市政府環境保護局八里垃圾掩埋場(古厝),新北市八里區下罟里中山路三段403號,其他,八里掩埋場(花卉溫室內),480,1020,480,1020,480,1020,480,1020,480,1020,NaN,NaN,NaN,NaN,24082523#803,25.1386196,121.3770657,八里區
55,新北市政府環境保護局金山區清潔隊,新北市金山區磺清路135號旁,其他,員工休息室內,480,1020,480,1020,480,1020,480,1020,480,1020,NaN,NaN,NaN,NaN,8283-9364,25.2223616,121.6367773,金山區
56,三愛停車場有限公司永福營業所,新北市三重區永福街66號地下1、2層,其他,永福國小地下停車場B1,0,1439,0,1439,0,1439,0,1439,0,1439,0,1439,0,1439,2986-7222,25.0768673,121.4800733,三重區
57,三愛停車場有限公司三重小巨蛋營業所,新北市三重區新北大道一段2號,其他,綜合體育館B1,0,1439,0,1439,0,1439,0,1439,0,1439,0,1439,0,1439,956320509,25.0618491,121.4914074,三重區
58,台灣菸酒股份有限公司台北菸廠,新北市新店區安康路二段235號,其他,警勤室旁的會客室,0,1439,0,1439,0,1439,0,1439,0,1439,0,1439,0,1439,,24.9585229,121.5083959,新店區
59,新北市愛樂發展中心,新北市五股區五權路七巷6號1樓,其他,會議室,480,1050,480,1050,480,1050,480,1050,480,1050,NaN,NaN,NaN,NaN,(02)2924-7865,25.0651613,121.4484237,五股區
60,世樺牙醫診所,新北市永和區永和路1段154號1樓,其他,診所內候診區,570,1230,570,1230,570,1230,570,1230,570,1230,570,1020,NaN,NaN,980668997,25.0065527,121.4964767,永和區
61,新北市新莊區裕民公共托育中心,新北市新莊區中正路新生巷66號,其他,新北市新莊區裕民公共托育中心,450,1140,450,1140,450,1140,450,1140,450,1140,600,960,600,720,955825877,25.0227223,121.4171376,新莊區
62,野柳地質公園,新北市萬里區野柳里港東路167-1號,觀光旅遊地區,遊客中心護理站,480,1020,480,1020,480,1020,480,1020,480,1020,480,1020,480,1020,02-29603456#4152,25.2128228,121.6974564,萬里區
63,碧潭吊橋保全崗哨,新北市新店區新店路206號對面(吊橋東岸入口),觀光旅遊地區,碧潭吊橋保全崗哨,0,1439,0,1439,0,1439,0,1439,0,1439,0,1439,0,1439,,24.9564938,121.5372568,新店區
64,猴硐煤礦博物園區(旅遊資訊中心),新北市瑞芳區柴寮路(候硐火車站前),觀光旅遊地區,猴硐煤礦博物園區(旅遊資訊中心)櫃臺,480,1080,480,1080,480,1080,480,1080,480,1080,480,1080,480,1080,0970-131537,25.087009,121.827423,瑞芳區
65,十分遊客中心,新北市平溪區南山坪136號,觀光旅遊地區,十分遊客中心服務櫃臺,480,1080,480,1080,480,1080,480,1080,480,1080,480,1080,480,1080,0921-801229,25.036638,121.773742,平溪區
66,九份遊客中心,新北市瑞芳區汽車路89號,觀光旅遊地區,九份遊客中心櫃臺前,480,1080,480,1080,480,1080,480,1080,480,1080,480,1080,480,1080,,25.1097486,121.8434794,瑞芳區
67,馬偕醫學院,新北市三芝區中正路三段46號,學校、大型集會場所,多功能活動中心,NaN,NaN,NaN,NaN,NaN,NaN,NaN,NaN,NaN,NaN,NaN,NaN,NaN,NaN,(02)24962800轉2806,25.251791,121.4966056,三芝區
68,新北市立黃金博物館,新北市瑞芳區金光路8號,觀光旅遊地區,本山五坑(體驗坑道入口),570,1020,570,1020,570,1020,570,1020,570,1020,570,1080,570,1080,２９４２５０７４＊３０６,25.106141,121.8596634,瑞芳區
69,新北市私立竹林高級中學,新北市中和區華新街143巷12號,學校、大型集會場所,警衛室旁會客室,420,1260,420,1260,420,1260,420,1260,420,1260,420,960,NaN,NaN,(02)24983588,24.9809042,121.5064289,中和區
70,金湧泉SPA溫泉會館,新北市萬里區加投213-3號,大型公眾浴場或溫泉區,大廳進門處旁,480,1320,480,1320,480,1320,480,1320,480,1320,480,1320,480,1320,,25.214719,121.644585,萬里區
71,內洞國家森林遊樂區,新北市烏來區新北市烏來區信賢里娃娃谷46號,觀光旅遊地區,新北市烏來區信賢里娃娃谷46號,480,1020,480,1020,480,1020,480,1020,480,1020,480,1020,480,1020,932515132,24.827958,121.526329,烏來區
72,行政院農委會林務局新竹林區管理處滿月圓國家森林遊樂區,新北市三峽區有木里174之1號,觀光旅遊地區,滿月圓國家森林遊樂區大門入園10公尺,480,1020,480,1020,480,1020,480,1020,480,1020,420,1020,420,1020,28617294,24.8498583,121.4570447,三峽區
73,陽明山國家公園大屯遊客服務站,新北市三芝區興華里車埕53-2號,觀光旅遊地區,大屯遊客服務站展示室內,540,990,540,990,540,990,540,990,540,990,540,990,540,990,224972033,25.1877134,121.5218514,三芝區
74,交通部臺灣鐵路管理局宜蘭運務段瑞芳站,新北市瑞芳區龍潭里明燈路3段82號,交通要衝,前站候車大廳無障礙入口右側,359,1413,359,1413,359,1413,359,1413,359,1413,359,1413,359,1413,23815226,25.1092175,121.8062594,瑞芳區
75,交通部臺灣鐵路管理局臺北運務段樹林站,新北市樹林區鎮前街112號,交通要衝,剪收票口,300,0,300,0,300,0,300,0,300,0,300,0,300,0,22977508#24,24.9913202,121.4244453,樹林區
76,新北市政府環境保護局泰山區清潔隊,新北市泰山區黎明路25號,其他,泰山區清潔隊休息室,750,1290,750,1290,750,1290,750,1290,750,1290,750,1290,NaN,NaN,29155144,25.062782,121.420484,泰山區
77,新北市私立南強高級工商職業學校,新北市新店區文化路42號,學校、大型集會場所,AED置於總務室出口旁,460,990,460,990,460,990,460,990,460,990,NaN,NaN,NaN,NaN,975920880,24.9807075,121.5452961,新店區
78,東海中學學校財團法人新北市東海高級中學,新北市三重區忠孝路三段93巷12號,學校、大型集會場所,健康中心前,480,1080,480,1080,480,1080,480,1080,480,1080,0,0,0,0,955233784,25.064729,121.4787122,三重區
79,新北市環境保護局 三重區清潔隊 重新橋下保養場,新北市三重區重新路四段臨121號,其他,保養場-警衛室,360,1380,360,1380,360,1380,360,1380,360,1380,360,1380,369,1380,2968-4131#332,25.0555274,121.4863508,三重區
80,國立華僑高級中等學校,新北市板橋區大觀路一段32號,學校、大型集會場所,國立華僑高中健康中心,480,1020,480,1020,480,1020,480,1020,480,1020,NaN,NaN,NaN,NaN,02-29598899#5101,25.0051815,121.4469212,板橋區
81,誠品生活板橋店,新北市板橋區中山路一段46號5樓,大型購物場所,新北市板橋區中山路一段46號5樓,660,1320,660,1320,660,1320,660,1320,660,1320,660,1350,660,1320,,25.0087551,121.4607384,板橋區
82,誠品生活新板店,新北市板橋區縣民大道二段66號1樓,大型購物場所,新北市板橋區縣民大道二段66號1樓,660,1320,660,1320,660,1320,660,1320,660,1320,660,1350,660,1320,02-22138485,25.012243,121.4630925,板橋區
83,元野運動事業有限公司,新北市新店區達觀路6號B2,學校、大型集會場所,休息區側邊,540,1320,540,1320,540,1320,540,1320,540,1320,540,1320,540,1320,,24.9426905,121.5051952,新店區
84,國立空中大學,新北市蘆洲區中正路172號,學校、大型集會場所,教學大樓一樓值日室門口,510,1050,510,1050,510,1050,510,1050,510,1050,NaN,NaN,NaN,NaN,912711968,25.0872662,121.4678848,蘆洲區
85,昕境廣場,新北市林口區文化三路一段402巷2號,大型購物場所,4F大廳等候區,600,1350,600,1350,600,1350,600,1350,600,1350,600,1350,600,1350,29182399-155,25.0736598,121.3689044,林口區
86,能仁學校財團法人新北市能仁高級家事商業職業學校,新北市新店區文中路53巷10號,學校、大型集會場所,戒光大樓學務處前,0,1439,0,1439,0,1439,0,1439,0,1439,0,1439,0,1439,02-26617678,24.9579558,121.5401358,新店區
87,明月溫泉會館,新北市烏來區烏來街85巷1號,大型公眾浴場或溫泉區,大廳走道,480,1410,480,1410,480,1410,480,1410,480,1410,480,1410,480,1410,23311567#3004,24.864007,121.551996,烏來區
88,臺灣臺北地方法院新店辦公大樓,新北市新店區中興路一段248號,學校、大型集會場所,一樓大門入口大廳,510,1050,510,1050,510,1050,510,1050,510,1050,510,1050,510,1050,0228013131#6224,24.9660927,121.5446245,新店區
89,聖約翰科技大學,新北市淡水區新北市淡水區淡金路4段499號,學校、大型集會場所,百齡堂一樓衛保組前中庭,480,1320,480,1320,480,1320,480,1320,480,1320,NaN,NaN,NaN,NaN,02-22319670,25.2266876,121.4480443,淡水區
90,新北市立永平高級中學,新北市永和區永平路205號,學校、大型集會場所,保健室,360,1020,360,1020,360,1020,360,1020,360,1020,420,1020,420,1020,02-22156789#132,25.0107227,121.5087076,永和區
91,中央印製廠安康廠區,新北市新店區安康路三段235號,其他,101廠房中庭,480,1010,480,1010,480,1010,480,1010,480,1010,NaN,NaN,NaN,NaN,(02)2272-6696,24.9496867,121.4870575,新店區
92,智慧財產及商業法院,新北市板橋區縣民大道2段7號3樓,學校、大型集會場所,西側3樓第4、5法庭區，北2A門口進入上電梯至三,0,1439,0,1439,0,1439,0,1439,0,1439,0,1439,0,1439,289941000,25.0143744,121.4639869,板橋區
93,翰品酒店新莊館,新北市新莊區中正路82號,旅宿場所,翰品酒店新莊館1樓大廳入口,NaN,1439,NaN,1439,NaN,1439,NaN,1439,NaN,1439,NaN,1439,NaN,1439,,25.0378738,121.4578193,新莊區
94,法鼓山世界佛教教育園區,新北市金山區法鼓路555號,其他,禪堂,540,960,540,960,540,960,540,960,540,960,540,960,540,960,26203850#340,25.2223616,121.6367773,金山區
95,新北市私立淡江高級中學,新北市淡水區真理街26號,學校、大型集會場所,小學部一樓辦公室門口,450,1110,450,1110,450,1110,450,1110,450,1110,NaN,NaN,NaN,NaN,02-26203820#119,25.1753045,121.4358159,淡水區
96,新北市私立淡江高級中學,新北市淡水區真理街26號,學校、大型集會場所,保健室走廊,450,1200,450,1200,450,1200,450,1200,450,1200,NaN,NaN,NaN,NaN,2909-9551分機1500,25.1753045,121.4358159,淡水區
97,新北市泰山區公所,新北市泰山區明志路一段322號,其他,1樓服務台前,480,1020,480,1020,480,1020,480,1020,480,1020,NaN,NaN,NaN,NaN,(02)2272-6696,25.0593165,121.4314358,泰山區
98,智慧財產及商業法院,新北市板橋區縣民大道2段7號3樓,學校、大型集會場所,東側三樓訴訟輔導科，北1A門口進入上電梯至三樓,510,1050,510,1050,510,1050,510,1050,510,1050,NaN,NaN,NaN,NaN,02-77388000#1350,25.0143744,121.4639869,板橋區
99,亞東科技大學,新北市板橋區四川路二段58號,學校、大型集會場所,前門警衛室,0,1380,0,1380,0,1380,0,1380,0,1380,0,1380,0,1380,983559200,24.9959521,121.4524027,板橋區
100,新北市五股國民運動中心,新北市五股區成泰路三段296號,大型休閒場所,1F游泳池,360,1320,360,1320,360,1320,360,1320,360,1320,360,1320,360,1320,26261891,25.0950545,121.448445,五股區
101,新北市淡水國民運動中心,新北市淡水區中山北路二段381巷2號,學校、大型集會場所,B1游泳池櫃台前,360,1320,360,1320,360,1320,360,1320,360,1320,360,1320,360,1320,26219645分機5403,25.1873619,121.4428503,淡水區
102,新北市淡水地政事務所,新北市淡水區中山北路二段375號5樓,其他,新北市淡水地政事務所5樓大廳,480,1050,480,1050,480,1050,480,1050,480,1050,NaN,NaN,NaN,NaN,0226221020#7207,25.1870643,121.4436934,淡水區
103,新北市淡水區公所,新北市淡水區中山北路2段375號1樓,其他,新北市淡水區市民聯合服務中心正門入口處左側,480,1200,480,1200,480,1200,480,1200,480,1200,480,720,NaN,NaN,26704177*205,25.1870643,121.4436934,淡水區
104,新北市鶯歌區永吉國民小學,新北市鶯歌區德昌二街2號,學校、大型集會場所,健康中心,480,960,480,960,480,960,480,960,480,960,NaN,NaN,NaN,NaN,939196519,24.9592694,121.3329473,鶯歌區
105,新北市鶯歌區鶯歌國民小學,新北市鶯歌區尖山埔路106號,學校、大型集會場所,校門口警衛室外牆,370,1110,370,1110,370,1110,370,1110,370,1110,480,1020,480,1020,0226033111#518,24.9510282,121.3461709,鶯歌區
106,新北市林口區公所,新北市林口區西林里仁愛路1段378號,其他,區公所1樓大廳服務台,480,1320,480,1320,480,1320,480,1320,480,1320,480,1200,480,1200,02-26415096,25.0763143,121.3928657,林口區
107,交通部臺灣鐵路管理局臺北運務段汐止站,新北市汐止區信望里信義路1號,交通要衝,汐止站2樓售票處,300,0,300,0,300,0,300,0,300,0,300,30,300,30,02-8522-7093,25.0690976,121.6627051,汐止區
108,行政院新莊聯合辦公大樓,新北市新莊區中平路439號,其他,"北棟10樓南側1015,1016會議室口",480,1140,480,1140,480,1140,480,1140,480,1140,NaN,NaN,NaN,NaN,02-23815226#4962,25.0566646,121.4435645,新莊區
109,國營臺灣鐵路股份有限公司臺北運務段鶯歌站,新北市鶯歌區東鶯里文化路68之1號,交通要衝,2樓大廳,300,1439,300,1439,300,1439,300,1439,300,1439,300,1439,300,1439,02-8522-7093,24.9540419,121.355247,鶯歌區
110,行政院新莊聯合辦公大樓,新北市新莊區中平路439號,其他,北棟1樓大廳郵局旁,480,1140,480,1140,480,1140,480,1140,480,1140,NaN,NaN,NaN,NaN,02-8522-7093,25.0566646,121.4435645,新莊區
111,行政院新莊聯合辦公大樓,新北市新莊區中平路439號,其他,B1F綠廊東北側,480,1140,480,1140,480,1140,480,1140,480,1140,NaN,NaN,NaN,NaN,02-24985965#326,25.0566646,121.4435645,新莊區
112,新北市金山區運動休閒廣場,新北市金山區五湖里南勢53號,大型休閒場所,門口正中央,480,1320,480,1320,480,1320,480,1320,480,1320,480,1320,480,1320,02-8522-7093,25.2120835,121.6197527,金山區
113,行政院新莊聯合辦公大樓,新北市新莊區中平路439號,其他,南棟1樓大廳,480,1140,480,1140,480,1140,480,1140,480,1140,NaN,NaN,NaN,NaN,02-8522-7093,25.0566646,121.4435645,新莊區
114,行政院新莊聯合辦公大樓,新北市新莊區中平路439號,其他,"南棟10樓南側1003,1004會議室口",480,1140,480,1140,480,1140,480,1140,480,1140,NaN,NaN,NaN,NaN,02-77386608#202,25.0566646,121.4435645,新莊區
115,板橋大遠百威秀影城,新北市板橋區新站路28號10F,大型休閒場所,"10F大廳販賣部對面,消防栓旁",600,60,600,60,600,60,600,60,600,60,570,150,570,120,02-26870391#119,25.013651,121.466765,板橋區
116,新北市私立樹人高級家事商業職業學校,新北市樹林區大安路216號,學校、大型集會場所,健康中心外,0,1439,0,1439,0,1439,0,1439,0,1439,0,1439,0,1439,963198499,24.9943874,121.4192267,樹林區
117,新北市裕德高級中等學校,新北市土城區擺接堡路1號,學校、大型集會場所,健康中心,480,1050,480,1050,480,1050,480,1050,480,1050,NaN,NaN,NaN,NaN,02-89786101,24.982633,121.4402181,土城區
118,新北市政府交通事件裁決處(服務中心),新北市板橋區中山路一段143號二樓,其他,新北市政府稅捐處二樓門口右邊,480,1080,480,1080,480,1080,480,1080,480,1080,NaN,NaN,NaN,NaN,02-29862345 #555,25.0116332,121.4641858,板橋區
119,新北市三重區公所,新北市三重區新北大道一段11號,其他,三重區公所10樓,0,1439,0,1439,0,1439,0,1439,0,1439,0,1439,0,1439,,25.061008,121.488284,三重區
120,新北市立聯合醫院附設護理之家,新北市板橋區英士路198號5樓,其他,新北市立聯合醫院附設護理之家,0,0,0,0,0,0,0,0,0,0,0,0,0,0,02-81958919,25.0232911,121.4574246,板橋區
121,新北市康橋國際學校青山校區,新北市新店區頂城五街80號,學校、大型集會場所,5樓健康中心門口,480,1140,480,1140,480,1140,480,1140,480,1140,480,1140,480,1140,2662-1567轉319,24.9537653,121.5173296,新店區
122,新北市深坑區衛生所,新北市深坑區深坑街165號,其他,1樓大廳進門右側,480,1020,480,1020,480,1020,480,1020,480,1020,NaN,NaN,NaN,NaN,29052673,25.0009135,121.6125718,深坑區
123,輔仁大學,新北市新莊區中正路510號,學校、大型集會場所,輔仁大學濟時樓2樓圖書館服務台,480,1320,480,1320,480,1320,480,1320,480,1320,540,1080,540,1080,28091557#127,25.0135671,121.4120828,新莊區
124,新北市立竹圍高級中學,新北市淡水區竹林路35號,學校、大型集會場所,新北市立竹圍高中,480,960,480,960,480,960,480,960,480,960,NaN,NaN,NaN,NaN,229052331,25.1461957,121.4627878,淡水區
125,輔仁大學,新北市新莊區中正路510號,學校、大型集會場所,公博樓圖書館一樓服務台,480,1290,480,1290,480,1290,480,1290,480,1290,540,1080,540,1080,02-89818909,25.0135671,121.4120828,新莊區
126,新北市政府警察局三重分局,新北市三重區重新路三段147號,其他,一樓大廳入門口左側,0,1439,0,1439,0,1439,0,1439,0,1439,0,1439,0,1439,2222-7146轉332,25.0591941,121.4901058,三重區
127,新北市立中和高級中學,新北市中和區連城路460號,學校、大型集會場所,行政大樓1樓健康中心旁,480,1020,480,1020,480,1020,480,1020,480,1020,480,1020,480,1020,32343388,24.9947574,121.4779674,中和區
128,CURVES女性30分鐘環狀運動中和員山店,新北市中和區新北市中和區中山路二段585號4樓,學校、大型集會場所,店鋪入口處,900,1260,900,1260,900,1260,900,1260,900,1260,600,780,NaN,NaN,02-29912391#112,25.005674,121.480174,中和區
129,新北市立新莊高級中學,新北市新莊區中平路135號,學校、大型集會場所,傳達室內,420,1260,420,1260,420,1260,420,1260,420,1260,480,1020,480,1020,,25.0483906,121.4438324,新莊區
130,新北市三重區綜合體育館,新北市三重區新北大道一段2號,其他,1樓大廳,480,1320,480,1320,480,1320,480,1320,480,1320,480,1320,480,1320,29777005,25.0618491,121.4914074,三重區
131,新北市三重區社教館,新北市三重區集美街60號,其他,社教館一樓展覽廳,540,1020,540,1020,540,1020,540,1020,540,1020,NaN,NaN,NaN,NaN,(02)2232-8000,25.0548349,121.4894608,三重區
132,香港商世界健身事業有限公司永和分公司,新北市永和區仁愛路309號B1,學校、大型集會場所,客服櫃檯旁,360,0,360,0,360,0,360,0,360,0,360,0,360,0,24985965-159,25.0078124,121.5034477,永和區
133,金包里公共浴室,新北市金山區大同里溫泉路2巷9號,大型公眾浴場或溫泉區,金包里公共浴室,300,1260,300,1260,300,1260,300,1260,300,1260,300,1260,300,1260,(02)22818536 分機126,25.2220101,121.6402693,金山區
134,新北市蘆洲戶政事務所,新北市蘆洲區集賢路245號8樓,其他,本所民眾等待區內,480,1200,480,1200,480,1200,480,1200,480,1200,NaN,NaN,NaN,NaN,02-89515090,25.0848027,121.4817925,蘆洲區
135,板橋凱撒大飯店,新北市板橋區縣民大道二段8號,旅宿場所,A棟1F大廳,0,1439,0,1439,0,1439,0,1439,0,1439,0,1439,0,1439,(02)29603456#5053,25.0117403,121.4627243,板橋區
136,中港大排控制中心,新北市新莊區中原路191號,其他,中港大排控制中心1樓大廳,0,1439,0,1439,0,1439,0,1439,0,1439,0,1439,0,1439,226621658,25.0541267,121.4522872,新莊區
137,新北市政府警察局新店分局深坑分駐所,新北市深坑區平埔街16號,其他,進大門左側,0,1439,0,1439,0,1439,0,1439,0,1439,0,1439,0,1439,29812291#104,25.0014418,121.6153915,深坑區
138,新北市三重戶政事務所,新北市三重區新北大道一段9號5樓,其他,5樓,480,1050,480,1050,480,1050,480,1050,480,1050,NaN,NaN,NaN,NaN,02-29715500,25.0609824,121.4891993,三重區
139,健身工廠三重廠,新北市三重區龍門路6號2-3F,學校、大型集會場所,新北市三重區龍門路6號2-3F,360,0,360,0,360,0,360,0,360,0,360,0,480,0,0937-985-561,25.0713682,121.4947081,三重區
140,新北市蘆洲區公所,新北市蘆洲區三民路95號,其他,一樓穿堂左側,480,1020,480,1020,480,1020,480,1020,480,1020,NaN,NaN,NaN,NaN,(02)7731-7999#7018,25.0846636,121.4736747,蘆洲區
141,環球購物中心股份有限公司中和分公司,新北市中和區中山路三段122號,大型購物場所,環球購物中心  4F 國賓影城,660,1320,660,1320,660,1320,660,1320,660,1320,660,1320,660,1320,(02)7731-7999#7018,25.0066731,121.4747785,中和區
142,環球購物中心股份有限公司中和分公司,新北市中和區中山路三段122號,大型購物場所,環球購物中心 2F服務台,660,1320,660,1320,660,1320,660,1320,660,1320,660,1320,660,1320,02-29855892,25.0066731,121.4747785,中和區
143,新北市私立格致高級中學,新北市三重區大智街260號,學校、大型集會場所,操場化學實驗室前走廊,420,1260,420,1260,420,1260,420,1260,420,1260,420,720,NaN,NaN,927012310,25.0734906,121.4885294,三重區
144,金山財神廟,新北市萬里區磺潭里公館崙52之2號,其他,金山財神廟服務台,420,1260,420,1260,420,1260,420,1260,420,1260,420,1260,420,1260,03-2623000ext29119,25.2063341,121.6266705,萬里區
145,台灣高速鐵路(股)公司,新北市板橋區縣民大道二段7號,交通要衝,台灣高速鐵路-板橋車站,360,1439,360,1439,360,1439,360,1439,360,1439,360,1439,360,1439,03-2623000ext29119,25.0143744,121.4639869,板橋區
146,台灣高速鐵路(股)公司,新北市板橋區縣民大道二段7號,交通要衝,台灣高速鐵路-板橋車站,360,1439,360,1439,360,1439,360,1439,360,1439,360,1439,360,1439,26812106分機1104,25.0143744,121.4639869,板橋區
147,新北市樹林區公所,新北市樹林區鎮前街93號,其他,一樓服務大廳,480,1020,480,1020,480,1020,480,1020,480,1020,NaN,NaN,NaN,NaN,02-29653061#12,24.9899295,121.4246427,樹林區
148,新北市文化局林本源園邸,新北市板橋區新北市板橋區西門街9號,觀光旅遊地區,定靜堂,540,1020,540,1020,540,1020,540,1020,540,1020,540,1020,540,1020,02-26656035,25.0107186,121.4551749,板橋區
149,新北市坪林茶業博物館,新北市坪林區水聳淒坑19-1號,大型休閒場所,新北市坪林茶業博物館,540,1020,540,1020,540,1020,540,1020,540,1020,540,1050,540,1050,02-2661-8162分機10,24.930807,121.714931,坪林區
150,新北市烏來泰雅民族博物館,新北市烏來區烏來街12號,大型休閒場所,新北市烏來泰雅民族博物館,570,1020,570,1020,570,1020,570,1020,570,1020,570,1080,570,1080,02-26015310分機1329,24.8641367,121.5514544,烏來區
151,醒吾學校財團法人醒吾科技大學,新北市林口區粉寮路一段101號,學校、大型集會場所,勤和樓學務處自動化服務區,0,1439,0,1439,0,1439,0,1439,0,1439,0,1439,0,1439,22859404#214,25.0832782,121.3955724,林口區
152,新北市政府環境保護局蘆洲區清潔隊,新北市五股區中興路3段與成泰路一段98巷口,其他,蘆洲區清潔隊資收場,480,1020,480,1020,480,1020,480,1020,480,1020,480,1020,480,1020,22812011*207,25.0795327,121.4489917,五股區
153,新北市蘆洲區衛生所,新北市蘆洲區中央路58號,其他,1F門診處,480,1080,480,1080,480,1080,480,1080,480,1080,NaN,NaN,NaN,NaN,0228013131#6224,25.0841717,121.473383,蘆洲區
154,聖約翰科技大學,新北市淡水區新北市淡水區淡金路4段499號,學校、大型集會場所,聖公樓一樓,0,1439,0,1439,0,1439,0,1439,0,1439,0,1439,0,1439,0228013131#6224,25.2266876,121.4480443,淡水區
155,聖約翰科技大學,新北市淡水區新北市淡水區淡金路4段499號,學校、大型集會場所,電資大樓一樓,480,1380,480,1380,480,1380,480,1380,480,1380,NaN,NaN,NaN,NaN,02-24962109,25.2266876,121.4480443,淡水區
156,時雨學校財團法人新北市私立時雨高級中學,新北市瑞芳區祈堂路217號,學校、大型集會場所,健康中心,480,1020,480,1020,480,1020,480,1020,480,1020,NaN,NaN,NaN,NaN,(02) 8991-5000,25.1096182,121.8553557,瑞芳區
157,香港商世界健身事業有限公司北新莊分公司,新北市新莊區幸福路778號B1,學校、大型集會場所,俱樂部大廳,360,0,360,0,360,0,360,0,360,0,360,0,360,0,24982778,25.0494318,121.4471942,新莊區
158,新北市金山區衛生所,新北市金山區大同里民生路59號,其他,衛生所1樓電梯大廳,480,1020,480,1020,480,1020,480,1020,480,1020,NaN,NaN,NaN,NaN,02-26287777,25.2205814,121.6411814,金山區
159,福容大飯店股份有限公司淡水漁人碼頭分公司,新北市淡水區觀海路83號,旅宿場所,門廳，大廳櫃檯旁,0,1439,0,1439,0,1439,0,1439,0,1439,0,1439,0,1439,,25.1824319,121.4151708,淡水區
160,泉世界社區,新北市樹林區大安路612號1樓,其他,社區大廳,0,1435,0,1435,0,1435,0,1435,0,1435,0,1435,0,1435,02-22225533#826,24.9833683,121.4113876,樹林區
161,新北市中和區積穗國民小學,新北市中和區員山路154號,學校、大型集會場所,會客室旁,360,1260,360,1260,360,1260,360,1260,360,1260,NaN,NaN,NaN,NaN,0921-801229,24.9990514,121.4815353,中和區
162,烏來遊客中心,新北市烏來區烏來街45-1號,觀光旅遊地區,烏來遊客中心櫃臺,480,1080,480,1080,480,1080,480,1080,480,1080,480,1080,480,1080,02-22996688,24.8648383,121.5520307,烏來區
163,新北市工商展覽中心,新北市五股區五權路1號,其他,大廳入口處,0,1439,0,1439,0,1439,0,1439,0,1439,0,1439,0,1439,02-26411111#249,25.0646993,121.4478263,五股區
164,新北市汐止區綜合運動場,新北市汐止區忠孝東路9號,學校、大型集會場所,新北市汐止運動場主建物看台棟,300,1320,300,1320,300,1320,300,1320,300,1320,300,1320,300,1320,02-24952749,25.0654186,121.6586112,汐止區
165,菁桐礦業生活館,新北市平溪區菁桐街115-117號,其他,菁桐礦業生活館展示館1樓,570,1020,570,1020,570,1020,570,1020,570,1020,570,1020,540,1020,,25.0239542,121.724348,平溪區
166,三峽分局三峽派出所,新北市三峽區民權街38號,其他,三峽派出所一樓大門,540,539,540,539,540,539,540,539,540,539,540,539,540,539,,24.9337006,121.3696444,三峽區
167,猴硐煤礦博物園區(旅遊資訊中心),新北市瑞芳區柴寮路(候硐火車站前),觀光旅遊地區,猴硐煤礦博物園區(遊客中心)櫃臺,480,1020,480,1020,480,1020,480,1020,480,1020,480,1020,480,1020,,25.087009,121.827423,瑞芳區
168,猴硐煤礦博物園區(旅遊資訊中心),新北市瑞芳區柴寮路(候硐火車站前),觀光旅遊地區,猴硐煤礦博物園區(烘砂室),540,1020,540,1020,540,1020,540,1020,540,1020,540,1020,540,1020,02-26015310分機1329,25.087009,121.827423,瑞芳區
169,醒吾學校財團法人醒吾科技大學,新北市林口區粉寮路一段101號,學校、大型集會場所,生活大樓1樓美食廣場門口,0,1439,0,1439,0,1439,0,1439,0,1439,0,1439,0,1439,2968-5588,25.0832782,121.3955724,林口區
170,板橋秀泰影城,新北市板橋區縣民大道 二段 3號,大型休閒場所,3樓電扶梯旁,600,180,600,180,600,180,600,180,600,180,570,180,570,180,8919-3669,25.0123547,121.4619601,板橋區
171,新北市三重區玫瑰平面停車場,新北市三重區集美街57號對面,其他,自動繳費機旁,0,1439,0,1439,0,1439,0,1439,0,1439,0,1439,0,1439,8919-3669,25.0545755,121.4887986,三重區
172,新北市新店區大豐公有地下停車場,新北市新店區民族路109號,其他,地下一樓服務支援站,0,1439,0,1439,0,1439,0,1439,0,1439,0,1439,0,1439,(02)22776599,24.9772415,121.5383941,新店區
173,建豐國際資產管理股份有限公司新莊客旅分公司,新北市新莊區中華路一段101號,旅宿場所,大廳,0,1439,0,1439,0,1439,0,1439,0,1439,0,1439,0,1439,,25.0438427,121.4524707,新莊區
174,法鼓山世界佛教教育園區,新北市金山區法鼓路555號,其他,2樓保健室,540,960,540,960,540,960,540,960,540,960,540,960,540,960,976155855,25.2223616,121.6367773,金山區
175,環球購物中心板橋店,新北市板橋區縣民大道二段7號2樓,大型購物場所,環球購物中心板橋店2樓服務台旁,660,1320,660,1320,660,1320,660,1320,660,1320,660,1320,660,1320,976682305,25.0141259,121.4637592,板橋區
176,中工雲宇宙產業園區新建工程,新北市土城區中山路75號,其他,勞工休息區,480,1020,480,1020,480,1020,480,1020,480,1020,480,1020,480,1020,02-29862345 #555,24.9662909,121.4276388,土城區
177,新北市三重區公所,新北市三重區新北大道一段11號,其他,三重區公所1樓,0,1439,0,1439,0,1439,0,1439,0,1439,0,1439,0,1439,02-29699446,25.061008,121.488284,三重區
178,新北市政府警察局板橋分局板橋派出所,新北市板橋區北門街17號,其他,派出所1樓志工服務台旁,0,1439,0,1439,0,1439,0,1439,0,1439,0,1439,0,1439,07-7851177,25.011049,121.4567522,板橋區
179,健身工廠新莊廠,新北市新莊區中和街157號,學校、大型集會場所,新北市新莊區中和街157號,360,0,360,0,360,0,360,0,360,0,360,0,480,0,(02)24951510分機111,25.0498632,121.4472241,新莊區
180,新北市平溪區公所,新北市平溪區平溪街45號,其他,新北市平溪區公所,480,1020,480,1020,480,1020,480,1020,480,1020,NaN,NaN,NaN,NaN,2641-1111#314,25.0265734,121.7382028,平溪區
181,新北市汐止區公所,新北市汐止區新台五路一段268號,其他,1樓哺乳室門口,480,1020,480,1020,480,1020,480,1020,480,1020,NaN,NaN,NaN,NaN,0285222862*205,25.0641183,121.6585693,汐止區
182,新北市立頭前國民中學,新北市新莊區中原路2號,學校、大型集會場所,新北市頭前國中,480,1200,480,1200,480,1200,480,1200,480,1200,480,1200,480,1200,(02)24962800轉2806,25.0546978,121.4590608,新莊區
183,九份昇平戲院,新北市瑞芳區輕便路137號,觀光旅遊地區,無障礙廁所旁,570,1020,570,1020,570,1020,570,1020,570,1020,570,1080,570,1080,2610-0305#740,25.1090768,121.8436847,瑞芳區
184,新北市永續環境教育中心,新北市八里區觀海大道36號,大型休閒場所,正門右側外面,570,1020,570,1020,570,1020,570,1020,570,1020,NaN,NaN,NaN,NaN,22725015-825,25.1606815,121.4302723,八里區
185,新北市立大觀國民中學,新北市板橋區僑中一街1號,學校、大型集會場所,健康中心門口右側牆上,480,1020,480,1020,480,1020,480,1020,480,1020,NaN,NaN,NaN,NaN,,25.0111215,121.4482954,板橋區
186,新北市政府警察局土城分局土城派出所,新北市土城區和平路22號1樓,其他,1樓正門右前方,0,1439,0,1439,0,1439,0,1439,0,1439,0,1439,0,1439,921989256,24.9732888,121.4429303,土城區
187,新北市政府警察局三峽分局北大派出所,新北市三峽區學成路396號,其他,本所值班台前,NaN,NaN,NaN,NaN,NaN,NaN,NaN,NaN,NaN,NaN,NaN,NaN,NaN,NaN,29745955,24.944084,121.3779265,三峽區
188,福德里辦公處,新北市三重區重新路四段244巷7弄20號,其他,福德里辦公處,0,1439,0,1439,0,1439,0,1439,0,1439,0,1439,0,1439,29745955,25.052864,121.487007,三重區
189,7-11便利商店,新北市三重區成功路106-2號1樓,大型購物場所,7-11便利商店門口,0,1439,0,1439,0,1439,0,1439,0,1439,0,1439,0,1439,,25.051533,121.4873114,三重區
190,新北市政府殯葬管理處三峽火化場,新北市三峽區介壽路3段260巷1號,學校、大型集會場所,火化場,420,1080,420,1080,420,1080,420,1080,420,1080,420,1080,420,1080,29745955,24.9489292,121.4074425,三峽區
191,全家便利商店,新北市三重區成功路145巷47號1樓,大型購物場所,全家便利商店門口,0,1439,0,1439,0,1439,0,1439,0,1439,0,1439,0,1439,930615685,25.0535185,121.4880546,三重區
192,品傳房屋仲介有限公司,新北市汐止區連興街69號,其他,店左側玻璃騎樓下,0,1435,0,1435,0,1435,0,1435,0,1435,0,1435,0,1435,226204280,25.0630302,121.6545629,汐止區
193,新北市政府警察局淡水分局中正路派出所,新北市淡水區中正路320號,其他,一樓大門右手邊,0,1439,0,1439,0,1439,0,1439,0,1439,0,1439,0,1439,226204280,25.1729334,121.4367021,淡水區
194,新北市政府警察局淡水分局水碓派出所,新北市淡水區中山北路1段160號,公眾服務單位設施,淡水分局水碓派出所,0,0,0,0,0,0,0,0,0,0,0,0,0,0,86852011,25.0526041,121.5226127,淡水區
195,新北市立樹林高級中學,新北市樹林區中華路8號,學校、大型集會場所,至善樓,480,990,480,990,480,990,480,990,480,990,NaN,NaN,NaN,NaN,(02)24982136,24.9843311,121.4259474,樹林區
196,新北市政府警察局金山分局中角派出所,新北市金山區永興里濆水7之2號,其他,派出所1樓,360,1320,360,1320,360,1320,360,1320,360,1320,360,1320,360,1320,02-24982009,25.2654056,121.6295072,金山區
197,新北市政府警察局金山分局金山派出所,新北市金山區民生路65號,其他,四樓禮堂,0,1439,0,1439,0,1439,0,1439,0,1439,0,1439,0,1439,02-26720121,25.2203031,121.6405491,金山區
198,新北市政府警察局三峽分局插角派出所,新北市三峽區插角里67-1號,其他,派出所一樓,360,1320,360,1320,360,1320,360,1320,360,1320,360,1320,360,1320,26789110,24.867158,121.4056153,三峽區
199,新北市政府警察局三峽分局鳳鳴派出所,新北市鶯歌區莒光街20號,其他,派出所一樓,0,1439,0,1439,0,1439,0,1439,0,1439,0,1439,0,1439,26683092,24.9661934,121.332523,鶯歌區
200,新北市政府警察局三峽分局北大派出所,新北市三峽區學成路396號,其他,派出所一樓,0,1439,0,1439,0,1439,0,1439,0,1439,0,1439,0,1439,936170513,24.944084,121.3779265,三峽區
201,新北市政府警察局金山分局老梅派出所,新北市金山區石門區老梅里老梅路26號,其他,派出所一樓,0,1439,0,1439,0,1439,0,1439,0,1439,0,1439,0,1439,02-24080470,25.2890298,121.5456978,金山區
202,新北市政府警察局金山分局重光派出所,新北市金山區茅埔頭8號,其他,新北市政府警察局金山分局重光派出所一樓,360,1320,360,1320,360,1320,360,1320,360,1320,360,1320,360,1320,02-26616400,24.919662,121.32608,金山區
203,新北市政府警察局新店分局哪哮派出所,新北市烏來區信福路11號,其他,進大門值班台右後方,0,1439,0,1439,0,1439,0,1439,0,1439,0,1439,0,1439,29112165,24.8381798,121.5263192,烏來區
204,新北市政府警察局新店分局江陵派出所,新北市新店區民族路7號,其他,1樓入所值班台右側,0,1439,0,1439,0,1439,0,1439,0,1439,0,1439,0,1439,,24.9786624,121.541873,新店區
205,新北市政府警察局淡水分局中正路派出所,新北市淡水區中正路320號,其他,ㄧ樓值班臺前,0,1439,0,1439,0,1439,0,1439,0,1439,0,1439,0,1439,912057212,25.1729334,121.4367021,淡水區
206,新北市政府警察局金山分局大鵬派出所,新北市萬里區大鵬里萬里加投81號,其他,大鵬派出所所長室,0,1439,0,1439,0,1439,0,1439,0,1439,0,1439,0,1439,02-24922510,25.214719,121.644585,萬里區
207,新北市政府警察局金山分局野柳派出所,新北市萬里區港西9號,其他,派出所一樓,0,1439,0,1439,0,1439,0,1439,0,1439,0,1439,0,1439,02-24922122,25.1676024,121.6397184,萬里區
208,新北市政府警察局金山分局萬里分駐所,新北市萬里區瑪鋉路153號,其他,分駐所1樓,0,1439,0,1439,0,1439,0,1439,0,1439,0,1439,0,1439,02-24922740,25.1779091,121.6894594,萬里區
209,新北市政府警察局金山分局崁腳派出所,新北市萬里區崁腳路38號,其他,派出所備勤室,360,1320,360,1320,360,1320,360,1320,360,1320,360,1320,360,1320,02-26381274,25.159862,121.647252,萬里區
210,新北市政府警察局金山分局乾華派出所,新北市石門區阿里荖14-1號,其他,新北市政府警察局金山分局乾華派出所一樓,0,1439,0,1439,0,1439,0,1439,0,1439,0,1439,0,1439,,25.2802951,121.6079409,石門區
211,三芝福成宮,新北市三芝區埔頭里中山路一段38號,其他,一樓管理室門口,360,1260,360,1260,360,1260,360,1260,360,1260,360,1260,360,1260,02-29054027,25.257048,121.5014465,三芝區
212,輔仁大學,新北市新莊區中正路510號,學校、大型集會場所,宜真宜善學苑,480,1020,480,1020,480,1020,480,1020,480,1020,NaN,NaN,NaN,NaN,29052265,25.0135671,121.4120828,新莊區
213,輔仁大學,新北市新莊區中正路510號,學校、大型集會場所,輔仁大學警衛室,480,1320,480,1320,480,1320,480,1320,480,1320,NaN,NaN,NaN,NaN,29054300,25.0135671,121.4120828,新莊區
214,輔仁大學,新北市新莊區中正路510號,學校、大型集會場所,輔仁大學宜美學苑,480,870,480,870,480,870,480,870,480,870,NaN,NaN,NaN,NaN,932315838,25.0135671,121.4120828,新莊區
215,輔仁大學,新北市新莊區中正路510號,學校、大型集會場所,輔仁大學,540,1320,540,1320,540,1320,540,1320,540,1320,540,1320,540,1320,982771097,25.0135671,121.4120828,新莊區
216,輔仁大學,新北市新莊區中正路510號,學校、大型集會場所,輔仁大學格物立言學苑,540,1350,540,1350,540,1350,540,1350,540,1350,540,1320,540,1320,02-28097661,25.0135671,121.4120828,新莊區
217,臺北基督學院,新北市淡水區自強路51號,學校、大型集會場所,行政大樓1F，保健中心外。,0,1439,0,1439,0,1439,0,1439,0,1439,0,1439,0,1439,921117880,25.1312699,121.4614203,淡水區
218,輔仁大學,新北市新莊區中正路510號,學校、大型集會場所,田徑場與籃球場管理室,480,1300,480,1300,480,1300,480,1300,480,1300,480,1300,480,1080,02-29054826,25.0135671,121.4120828,新莊區
219,輔仁大學,新北市新莊區中正路510號,學校、大型集會場所,文舍學苑,480,990,480,990,480,990,480,990,480,990,360,0,360,0,29052855,25.0135671,121.4120828,新莊區
220,輔仁大學,新北市新莊區中正路510號,學校、大型集會場所,輔仁大學進修部教學大樓,480,1350,480,1350,480,1350,480,1350,480,1350,480,1350,NaN,NaN,921117880,25.0135671,121.4120828,新莊區
221,輔仁大學,新北市新莊區中正路510號,學校、大型集會場所,輔仁大學中美堂,480,1320,480,1320,480,1320,480,1320,480,1320,480,1080,NaN,NaN,921117880,25.0135671,121.4120828,新莊區
222,輔仁大學,新北市新莊區中正路510號,學校、大型集會場所,輔仁大學體適能中心,490,1290,490,1290,490,1290,490,1290,490,1290,600,1050,NaN,NaN,24941304,25.0135671,121.4120828,新莊區
223,新北市政府警察局瑞芳分局貢寮分駐所,新北市貢寮區朝陽街56之1號,其他,進大門值班台左側,0,1439,0,1439,0,1439,0,1439,0,1439,0,1439,0,1439,963478889,25.021879,121.9100282,貢寮區
224,東科大樓管理委員會,新北市汐止區新台五路一段90-116號,其他,一樓服務台,540,1350,540,1350,540,1350,540,1350,540,1350,540,0,540,1350,02-2348-3009,25.0603727,121.6478659,汐止區
225,臺灣土地銀行汐止分行,新北市汐止區大同路一段306之3號,其他,1樓營業廳,540,1020,540,1020,540,1020,540,1020,540,1020,NaN,NaN,NaN,NaN,22498566,25.0581434,121.6361766,汐止區
226,新北市立錦和高級中學,新北市中和區錦和路163號,學校、大型集會場所,警衛室,420,1260,420,1260,420,1260,420,1260,420,1260,420,1020,420,1020,,24.992538,121.490953,中和區
227,Curves竹圍捷運店,新北市淡水區民族路30巷7號2樓,其他,新北市淡水區民族路30巷7號2樓,630,1260,630,1260,630,1260,630,1260,630,1260,600,780,NaN,NaN,02-29580977#118,25.1362872,121.4612922,淡水區
228,新北市板橋戶政事務所海山辦事處,新北市板橋區漢生東路195之1號,其他,大門旁,480,1050,480,1050,480,1050,480,1050,480,1050,NaN,NaN,NaN,NaN,0934-263-222,25.0114015,121.4700483,板橋區
229,交通部觀光局北海岸及觀音山國家風景區管理處-中角灣,新北市金山區海興路180-3號,觀光旅遊地區,中角灣遊客中心入口處左側,540,1020,540,1020,540,1020,540,1020,540,1020,540,1020,540,1020,,25.2401773,121.6330423,金山區
230,新北市新店區三民地下停車場,新北市新店區三民路20-1號,其他,管理室外,0,1439,0,1439,0,1439,0,1439,0,1439,0,1439,0,1439,,24.9710196,121.5373339,新店區
231,新北市蘆洲中山立體停車場,新北市蘆洲區得勝街107號,其他,管理室內,0,1439,0,1439,0,1439,0,1439,0,1439,0,1439,0,1439,02-22802065,25.0836081,121.4731633,蘆洲區
232,新北市政府警察局三重分局永福派出所,新北市三重區力行路二段162巷53號,其他,1樓進大門右側志工服務台前,0,1439,0,1439,0,1439,0,1439,0,1439,0,1439,0,1439,952780075,25.0765646,121.4813569,三重區
233,救國團金山青年活動中心,新北市金山區青年路1號,旅宿場所,中心接待櫃檯旁,390,1350,390,1350,390,1350,390,1350,390,1350,390,1380,390,1363,952780075,25.2254163,121.64199,金山區
234,救國團金山青年活動中心-溫泉館,新北市金山區青年路2號,大型公眾浴場或溫泉區,池區櫃檯,480,1320,480,1320,480,1320,480,1320,480,1320,480,1320,480,1320,82923789,25.2256849,121.642624,金山區
235,新北市政府警察局蘆洲分局德音派出所,新北市五股區水碓二路1號,其他,一樓大廳,0,1439,0,1439,0,1439,0,1439,0,1439,0,1439,0,1439,29655656,25.0713628,121.4303691,五股區
236,新北市板橋戶政事務所,新北市板橋區中正路6號,其他,服務臺旁,480,1050,480,1050,480,1050,480,1050,480,1050,540,720,NaN,NaN,26033111-608,25.0127073,121.4565942,板橋區
237,新北市林口區麗林市民活動中心,新北市林口區麗林里公園路59號3樓,其他,3樓進門左手邊,780,1320,780,1320,780,1320,780,1320,780,1320,540,1320,540,1320,921829004,25.071494,121.3676983,林口區
238,八里焚化廠(3樓中央控制室),新北市八里區中山路3段409號,其他,三樓中控室,480,1020,480,1020,480,1020,480,1020,480,1020,0,1439,0,1439,,25.1349022,121.3670749,八里區
239,復興停車場,新北市中和區復興路278號B1-B3,其他,地下一樓,0,1439,0,1439,0,1439,0,1439,0,1439,0,1439,0,1439,22188956#130,24.9905135,121.5024131,中和區
240,新北市私立莊敬高級工業家事職業學校,新北市新店區民生路45號,學校、大型集會場所,健康中心,420,1320,420,1320,420,1320,420,1320,420,1320,NaN,NaN,NaN,NaN,911189406,24.9854548,121.532482,新店區
241,雙溪平林休閒農場,新北市雙溪區平林里外平林35號,觀光旅遊地區,遊客中心內,540,1080,540,1080,540,1080,540,1080,540,1080,540,1080,540,1080,26295800,25.0344366,121.8413791,雙溪區
242,豐悅產後護理之家,新北市淡水區新市一路3段101巷16弄3號5樓,其他,豐悅產後護理之家,0,1439,0,1439,0,1439,0,1439,0,1439,0,1439,0,1439,26033111-608,25.1839134,121.4464034,淡水區
243,新北市林口區東勢市民活動中心,新北市林口區東勢里麗園一街35號3樓,學校、大型集會場所,3樓東勢市民羽球場進門左側,780,1320,780,1320,780,1320,780,1320,780,1320,780,1320,780,1320,2281-0338#221,25.0686654,121.3774802,林口區
244,新北市蘆洲國民運動中心,新北市蘆洲區長樂路235-1號,學校、大型集會場所,1樓大廳,360,1320,360,1320,360,1320,360,1320,360,1320,360,1320,360,1320,02-29214615,25.0911212,121.4620618,蘆洲區
245,新北市永和區永和國民小學,新北市永和區秀朗路1段120號,學校、大型集會場所,至善樓1樓,480,960,480,960,480,960,480,960,480,960,NaN,NaN,NaN,NaN,02-81958919,24.9989399,121.5213727,永和區
246,新北市康橋國際學校青山校區,新北市新店區頂城五街80號,學校、大型集會場所,游泳池門口,540,960,540,960,540,960,540,960,540,960,NaN,NaN,NaN,NaN,0286304104#209,24.9537653,121.5173296,新店區
247,新北市政府社會局委託天主教耕莘醫療財團法人永和耕莘醫院辦理新北市愛維養護中心,新北市八里區華富山35號,其他,3樓護理站,0,1439,0,1439,0,1439,0,1439,0,1439,0,1439,0,1439,29543001*306,25.1443896,121.3983016,八里區
248,新北市立重慶國民中學,新北市板橋區國慶路221號,學校、大型集會場所,中央川堂,330,1140,330,1140,330,1140,330,1140,330,1140,390,1080,390,1080,03-2623000ext29119,24.9981349,121.4628467,板橋區
249,台灣高速鐵路(股)公司,新北市板橋區縣民大道二段7號,交通要衝,台灣高速鐵路-板橋車站,360,1439,360,1439,360,1439,360,1439,360,1439,360,1439,360,1439,939371701,25.0143744,121.4639869,板橋區
250,交通部台灣鐵路管理局宜蘭運務段三貂嶺站,新北市瑞芳區碩仁里魚寮路1號,交通要衝,候車室,360,1439,360,1439,360,1439,360,1439,360,1439,360,1439,360,1439,02-22891193#105,25.0655746,121.8226413,瑞芳區
251,慈濟蘆洲靜思堂,新北市蘆洲區長樂路125號,其他,1樓總務辦公室門口,420,1320,420,1320,420,1320,420,1320,420,1320,420,1320,420,1320,0229810310分機105,25.0877041,121.4619194,蘆洲區
252,慈濟三重園區靜思堂,新北市三重區中正北路450號,其他,大門進入後，左邊諮詢台後方,480,1020,480,1020,480,1020,480,1020,480,1020,480,1020,480,1020,,25.071415,121.4736796,三重區
253,慈濟板橋園區,新北市板橋區大觀路2段2650巷15號,其他,靜思堂門廳東面,480,1320,480,1320,480,1320,480,1320,480,1320,480,1320,480,1320,02-82217410,25.008636,121.4506646,板橋區
254,慈濟雙和聯絡處,新北市中和區中山路三段41號,其他,值班櫃臺旁,480,1080,480,1080,480,1080,480,1080,480,1080,480,1080,480,1080,26711017分機810,25.0051428,121.4771621,中和區
255,新北市三峽區公所,新北市三峽區中山路17號,其他,1樓民眾休息區旁,480,1020,480,1020,480,1020,480,1020,480,1020,NaN,NaN,NaN,NaN,22732000,24.9341863,121.369083,三峽區
256,土城區公所,新北市土城區金城路1段101號,其他,土城區公所1樓,480,1080,480,1080,480,1080,480,1080,480,1080,NaN,NaN,NaN,NaN,02-24922064,24.986072,121.4638033,土城區
257,新北市萬里區公所,新北市萬里區瑪鋉路123號,其他,1樓大門入口右手邊地方特產展示中心,480,1080,480,1080,480,1080,480,1080,480,1080,NaN,NaN,NaN,NaN,,25.1781389,121.6896032,萬里區
258,新北市土城區綜合體育場,新北市土城區裕民路193-1號,大型休閒場所,新北市土城區綜合體育場,450,1290,450,1290,450,1290,450,1290,450,1290,450,1290,450,1290,02-8231-5555#2231,24.9842961,121.4536827,土城區
259,比漾廣場 (豐東興業股份有限公司),新北市永和區中山路一段238號,大型購物場所,B2F,660,1290,660,1290,660,1290,660,1290,660,1320,660,1320,660,1290,86301926,25.0077276,121.5071861,永和區
260,新北市八里區大崁老人活動中心,新北市八里區中山路一段21號,其他,新北市八里區大崁老人活動中心,505,1020,505,1020,505,1020,505,1020,505,1020,NaN,NaN,NaN,NaN,,25.1589275,121.421973,八里區
261,新北市八里區下庄市民活動中心,新北市八里區舊城路19號4樓,其他,新北市八里區下庄市民活動中心,480,1020,480,1020,480,1020,480,1020,480,1020,NaN,NaN,NaN,NaN,911919301,25.1465585,121.3997135,八里區
262,新北市八里區文化市民活動中心,新北市八里區中山路二段251號,其他,新北市八里區文化市民活動中心,480,1020,480,1020,480,1020,480,1020,480,1020,NaN,NaN,NaN,NaN,,25.1487431,121.4029181,八里區
263,新北市八里區龍米市民活動中心,新北市八里區龍米路一段223號,其他,活動中心,480,1020,480,1020,480,1020,480,1020,480,1020,NaN,NaN,NaN,NaN,26106747,25.1320811,121.451019,八里區
264,新北市八里區中庄市民活動中心,新北市八里區中山路一段109號,其他,新北市八里區中庄市民活動中心,480,1020,480,1020,480,1020,480,1020,480,1020,NaN,NaN,NaN,NaN,911955852,25.1596188,121.414243,八里區
265,新北市八里區大埤頂市民活動中心,新北市八里區中山路一段95號,其他,新北市八里區大埤頂市民活動中心,480,1020,480,1020,480,1020,480,1020,480,1020,NaN,NaN,NaN,NaN,(02)24931794,25.159092,121.4152556,八里區
266,新北市政府警察局瑞芳分局平林派出所,新北市雙溪區內平林47號,其他,辦公室,360,1320,360,1320,360,1320,360,1320,360,1320,360,1320,360,1320,224931059,25.0273383,121.8316857,雙溪區
267,新北市政府警察局瑞芳分局雙溪分駐所,新北市雙溪區太平路64號,其他,雙溪分駐所,0,1439,0,1439,0,1439,0,1439,0,1439,0,1439,0,1439,224972609,25.0358757,121.865251,雙溪區
268,新北市政府警察局瑞芳分局九份派出所,新北市瑞芳區豎崎路24號,其他,1樓值班台左前方,0,1439,0,1439,0,1439,0,1439,0,1439,0,1439,0,1439,,25.1096454,121.843251,瑞芳區
269,坪林區清潔隊,新北市坪林區坪林區北宜路8段558號,其他,坪林區北宜路8段558號,480,960,480,960,480,960,480,960,480,960,480,960,NaN,NaN,02-26656487,24.9195563,121.7069646,坪林區
270,新北市政府警察局新店分局金溪派出所,新北市坪林區粗窟里金瓜寮23-1號,其他,進大門左側,0,1439,0,1439,0,1439,0,1439,0,1439,0,1439,0,1439,02-22118023,24.917853,121.679979,坪林區
271,新北市政府警察局新店分局頂城派出所,新北市新店區碧潭路75號3樓,其他,頂城派出所,0,1439,0,1439,0,1439,0,1439,0,1439,0,1439,0,1439,226667439,24.9570479,121.5344187,新店區
272,新北市政府警察局新店分局屈尺派出所,新北市新店區屈尺路82號,其他,大門入口左側所長室旁,0,1439,0,1439,0,1439,0,1439,0,1439,0,1439,0,1439,02-26667560,24.922707,121.5461762,新店區
273,新北市政府警察局新店分局龜山派出所,新北市新店區新烏路三段152號,其他,進大門右側,0,1439,0,1439,0,1439,0,1439,0,1439,0,1439,0,1439,02-29251130,24.9026948,121.5517103,新店區
274,新北市政府警察局永和分局秀朗派出所,新北市永和區永利路322巷29號,其他,派出所一樓,0,1439,0,1439,0,1439,0,1439,0,1439,0,1439,0,1439,,25.0026034,121.5254923,永和區
275,野柳渡假村股份有限公司,新北市萬里區野柳里港東路162號之2,旅宿場所,A館,0,1439,0,1439,0,1439,0,1439,0,1439,0,1439,0,1439,,25.2044534,121.6900049,萬里區
276,新北市環保局稽查科第四分隊,新北市蘆洲區集賢路245號11樓,其他,集賢路245號11樓,480,1020,480,1020,480,1020,480,1020,480,1020,NaN,NaN,NaN,NaN,02-89720079,25.0848027,121.4817925,蘆洲區
277,新北市三重國民運動中心,新北市三重區集美街55號,學校、大型集會場所,一樓泳池置物櫃旁,360,1320,360,1320,360,1320,360,1320,360,1320,360,1320,360,1320,(02)2497-2608,25.0545693,121.4879779,三重區
278,新北市政府警察局瑞芳分局大寮派出所,新北市瑞芳區傑魚坑路278號,其他,一樓值班台前方牆壁,0,1439,0,1439,0,1439,0,1439,0,1439,0,1439,0,1439,2495-1379,25.106862,121.7873812,瑞芳區
279,新北市政府警察局瑞芳分局東勢格派出所,新北市平溪區東勢格1號,其他,一樓值班台後方,0,1439,0,1439,0,1439,0,1439,0,1439,0,1439,0,1439,02-24972141,25.005296,121.735761,平溪區
280,新北市政府警察局瑞芳分局瑞芳派出所,新北市瑞芳區明燈路三段25號1樓,其他,1樓辦公桌旁,0,1439,0,1439,0,1439,0,1439,0,1439,0,1439,0,1439,,25.1075427,121.8077602,瑞芳區
281,鴻欣護理之家,新北市三峽區三樹路168巷48號,其他,鴻欣護理之家A08房外,540,1080,540,1080,540,1080,540,1080,540,1080,540,1080,540,1080,02-29217119,24.9402541,121.3803486,三峽區
282,新北市政府警察局永和分局新生派出所,新北市永和區仁愛路187號,其他,新北市政府警察局永和分局新生派出所,0,1439,0,1439,0,1439,0,1439,0,1439,0,1439,0,1439,,25.0125996,121.5102751,永和區
283,臺北市私立南華高中,新北市板橋區國中路132巷11號3樓,學校、大型集會場所,南華高中,480,1260,480,1260,480,1260,480,1260,480,1260,NaN,NaN,NaN,NaN,(02)22732000*575,25.0075176,121.52374,板橋區
284,新北市土城區頂埔市民活動中心,新北市土城區中央路4段55-12號,其他,大門入口右側柱子邊,540,1260,540,1260,540,1260,540,1260,540,1260,540,1260,NaN,NaN,02-29815111,24.9583307,121.4176039,土城區
285,新北市政府警察局三重分局慈福派出所,新北市三重區仁愛街519號,其他,派出所一樓,0,1439,0,1439,0,1439,0,1439,0,1439,0,1439,0,1439,2620-3930-278,25.0822766,121.4872658,三重區
286,新北市立淡水高級商工職業學校,新北市淡水區商工路307號,學校、大型集會場所,校門口警衛室內,480,1020,480,1020,480,1020,480,1020,480,1020,NaN,NaN,NaN,NaN,,25.1867039,121.4558077,淡水區
287,新北市政府警察局三重分局重陽派出所,新北市三重區集賢路163號,其他,派出所一樓,0,1439,0,1439,0,1439,0,1439,0,1439,0,1439,0,1439,02-8985-1911,25.0892286,121.488027,三重區
288,新北市政府警察局三重分局大有派出所,新北市三重區中正北路402號,其他,進大門左側,0,1439,0,1439,0,1439,0,1439,0,1439,0,1439,0,1439,917894613,25.0703816,121.4755908,三重區
289,新北市三重區過圳市民活動中心,新北市三重區過圳街19號,其他,1樓活動場所,480,1260,480,1260,480,1260,480,1260,480,1260,480,1260,NaN,NaN,02-22879890#230,25.0601734,121.4883955,三重區
290,新北市立三和國民中學,新北市三重區三和路四段216號,學校、大型集會場所,警衛室門口,1050,1260,1050,1260,1050,1260,1050,1260,1050,1260,NaN,NaN,NaN,NaN,02-2995-5535*104,25.0763987,121.4867838,三重區
291,清傳學校財團法人新北市清傳高級商業職業學校,新北市三重區五谷王北街141巷1號,學校、大型集會場所,學校教學大樓1樓中廊,450,960,450,960,450,960,450,960,450,960,NaN,NaN,NaN,NaN,89193333轉850,25.0514434,121.4773536,三重區
292,家福股份有限公司台北新店分公司,新北市新店區中興路三段一號,大型購物場所,三樓服務中心,360,1380,360,1380,360,1380,360,1380,360,1380,360,1380,360,1380,(02)22732000*575,24.9817403,121.5439215,新店區
293,新北市土城區員林市民活動中心,新北市土城區員林街15號,其他,大門入口右側牆壁,540,1260,540,1260,540,1260,540,1260,540,1260,540,1260,540,1260,226810000,24.9781815,121.4429393,土城區
294,家福股份有限公司台北樹林分公司,新北市樹林區大安路118號,大型購物場所,3F結帳出口處,540,1380,540,1380,540,1380,540,1380,540,1380,540,60,540,1380,,24.9973154,121.4214216,樹林區
295,家樂福林口店,新北市林口區文化二路一段559號B1,大型購物場所,出收銀線左邊,540,1380,540,1380,540,1380,540,1380,540,1380,540,1380,540,1380,02-26011014*24,25.0773465,121.3744205,林口區
296,新北市立林口國民中學,新北市林口區民治路25號,學校、大型集會場所,901教室門口,360,1320,360,1320,360,1320,360,1320,360,1320,360,1320,360,1320,933229276,25.07685,121.3767075,林口區
297,新北市三重區興華市民活動中心,新北市三重區中華路5號,其他,興華活動中心側門旁,480,1260,480,1260,480,1260,480,1260,480,1260,480,1260,NaN,NaN,,25.060222,121.483396,三重區
298,華新花園,新北市板橋區文化路一段141-147號,其他,花新花園,0,1439,0,1439,0,1439,0,1439,0,1439,0,1439,0,1439,,25.0156356,121.4621263,板橋區
299,家樂福汐止店,新北市汐止區新台五路一段108號B1,大型購物場所,B1收銀20號機檯旁,540,1350,540,1350,540,1350,540,1350,540,1350,540,0,540,1350,(02)22732000*575,25.0607986,121.6483007,汐止區
300,新北市土城區廷寮市民活動中心,新北市土城區永豐路240之1號,其他,大門入口左側,540,1020,540,1020,540,1020,540,1020,540,1020,NaN,NaN,NaN,NaN,02-8992-5678,24.9808779,121.4671808,土城區
301,家樂福中平店,新北市新莊區中平路108號B1,大型購物場所,服務中心旁的圓柱,510,1380,510,1380,510,1380,510,1380,510,1380,510,1380,510,1380,939069956,25.045879,121.444993,新莊區
302,家福有限公司台北板橋分公司,新北市板橋區三民路二段31號B1,大型購物場所,收銀結帳機18號機,540,1380,540,1380,540,1380,540,1380,540,1380,540,60,540,1380,02-29488988,25.0177483,121.4794499,板橋區
303,遠百企業股份有限公司永和分公司,新北市永和區民生路46巷46號B1,大型購物場所,B1客服中心,510,1380,510,1380,510,1380,510,1380,510,1380,510,1380,510,1380,02-85228000轉3403,24.9967195,121.5223911,永和區
304,國家電影及視聽文化中心,新北市新莊區文藝路2號,大型休閒場所,三樓圖書館,NaN,NaN,NaN,NaN,660,1200,660,1200,660,1200,660,1200,660,1200,02-7703-3000,25.0563088,121.4473199,新莊區
305,宜鼎國際股份有限公司,新北市汐止區大同路一段237號5F,其他,5樓櫃台旁,540,1080,540,1080,540,1080,540,1080,540,1080,NaN,NaN,NaN,NaN,937405889,25.0587339,121.634344,汐止區
306,新北市林口水資源回收中心,新北市八里區長道坑36-3號,其他,控制中心一樓大廳門口,480,1050,480,1050,480,1050,480,1050,480,1050,NaN,NaN,NaN,NaN,29844132#330,24.9891847,121.4860545,八里區
307,新北市立明志國民中學,新北市三重區中正北路107號,學校、大型集會場所,警衛室,360,1290,360,1290,360,1290,360,1290,360,1290,480,1080,480,1080,89790643-6206,25.0643644,121.4888194,三重區
308,新北市永和區頂溪國民小學,新北市永和區文化路133號,學校、大型集會場所,學校入口警衛室,420,1320,420,1320,420,1320,420,1320,420,1320,420,1320,420,1320,02-22879890#230,25.0152952,121.5114852,永和區
309,新北市立三和國民中學,新北市三重區三和路四段216號,學校、大型集會場所,音樂廳大門入口處,1050,1260,1050,1260,1050,1260,1050,1260,1050,1260,NaN,NaN,NaN,NaN,02-29826272#200,25.0763987,121.4867838,三重區
310,新北市三重區重陽國民小學,新北市三重區中正北路113號,學校、大型集會場所,校內穿堂,420,1260,420,1260,420,1260,420,1260,420,1260,NaN,NaN,NaN,NaN,29753308#675,25.0671334,121.4844464,三重區
311,新北市三重區三光國民小學,新北市三重區大同南路157號,學校、大型集會場所,警衛室,480,1080,480,1080,480,1080,480,1080,480,1080,960,1080,960,1080,29715606#308,25.0563197,121.4964544,三重區
312,新北市立三重高級商工職業學校,新北市三重區中正北路163號,學校、大型集會場所,弘道樓1樓總務處旁側門(事務倉庫前),360,600,360,600,360,600,360,600,360,600,360,600,360,600,(02)22817565#8207,25.0689104,121.4808542,三重區
313,新北市私立徐匯高級中學,新北市蘆洲區中山一路1號,學校、大型集會場所,自強樓1樓中梯,480,1080,480,1080,480,1080,480,1080,480,1080,NaN,NaN,NaN,NaN,29715606#308,25.0802722,121.4799617,蘆洲區
314,新北市立三重高級商工職業學校,新北市三重區中正北路163號,學校、大型集會場所,警衛室,360,1320,360,1320,360,1320,360,1320,360,1320,360,1320,360,1320,987579242,25.0689104,121.4808542,三重區
315,私立康達老人長期照顧中心(養護型),新北市板橋區大觀路三段220巷22號2樓,其他,機構2樓辦公室,480,1380,480,1380,480,1380,480,1380,480,1380,480,1380,480,1380,02-26712523轉201,24.9927847,121.4296348,板橋區
316,新北市三峽區大埔國民小學,新北市三峽區大埔路130號,學校、大型集會場所,樂學樓1樓穿堂警衛室對面,420,960,420,960,420,960,420,960,420,960,NaN,NaN,NaN,NaN,(02)86764945*14,24.9047257,121.3653177,三峽區
317,新北市三峽區成福國民小學,新北市三峽區溪東路213號,學校、大型集會場所,圖書館室內,480,960,480,960,480,960,480,960,480,960,0,0,0,0,02-26726521*119,24.9332331,121.4055952,三峽區
318,新北市三峽區大成國民小學,新北市三峽區成福路251巷2號,學校、大型集會場所,校門口警衛室,420,1140,420,1140,420,1140,420,1140,420,1140,NaN,NaN,NaN,NaN,26726783#110,24.9250272,121.4278618,三峽區
319,新北市三峽區建安國民小學,新北市三峽區建安路67號,學校、大型集會場所,警衛室,450,1080,450,1080,450,1080,450,1080,450,1080,480,1080,480,1080,02-26720067#20,24.9266203,121.4473715,三峽區
320,新北市三峽區有木國民小學,新北市三峽區有木里131號,學校、大型集會場所,有木國小行政辦公室前,480,990,480,990,480,990,480,990,480,990,NaN,NaN,NaN,NaN,,24.8498583,121.4570447,三峽區
321,新北市瑞芳區瑞亭國民小學,新北市瑞芳區上天里四腳亭埔路23號,學校、大型集會場所,學校川堂,420,1080,420,1080,420,1080,420,1080,420,1080,480,960,480,960,933034682,25.1026102,121.777421,瑞芳區
322,新北市政府警察局,新北市板橋區府中路32號,其他,一樓大廳,0,1439,0,1439,0,1439,0,1439,0,1439,0,1439,0,1439,(02)29615964,25.0098947,121.4584339,板橋區
323,新北市政府警察局板橋分局後埔派出所,新北市板橋區成都街22號,其他,一樓,NaN,NaN,NaN,NaN,NaN,NaN,NaN,NaN,NaN,NaN,NaN,NaN,NaN,NaN,02-29574370,25.0047851,121.4608422,板橋區
324,新北市政府警察局海山分局海山派出所,新北市板橋區漢生東路195號,其他,一樓入口,0,1439,0,1439,0,1439,0,1439,0,1439,0,1439,0,1439,02-22499087,25.0114015,121.4700483,板橋區
325,新北市政府警察局中和分局,新北市中和區圓通路30號,其他,分局一樓,0,1439,0,1439,0,1439,0,1439,0,1439,0,1439,0,1439,02-22211721,24.998033,121.5010004,中和區
326,新北市政府警察局中和分局警備隊,新北市中和區民安街150號,其他,警備隊一樓,0,1439,0,1439,0,1439,0,1439,0,1439,0,1439,0,1439,02-29223119,25.0015146,121.4775777,中和區
327,新北市政府警察局永和分局,新北市永和區竹林路198號,其他,分局一樓,0,1439,0,1439,0,1439,0,1439,0,1439,0,1439,0,1439,953535951,25.0095966,121.5204734,永和區
328,新北市政府警察局勤務大樓,新北市中和區中正路1167號1樓,其他,一樓入口,0,1439,0,1439,0,1439,0,1439,0,1439,0,1439,0,1439,22823775,25.0092921,121.4813052,中和區
329,新北市政府警察局蘆洲分局三民派出所,新北市蘆洲區長榮路200號,其他,進大門右側值勤臺旁,0,1439,0,1439,0,1439,0,1439,0,1439,0,1439,0,1439,26011630,25.0853429,121.4609462,蘆洲區
330,新北市政府警察局林口分局林口派出所,新北市林口區中正路102號,其他,一樓入口,0,1439,0,1439,0,1439,0,1439,0,1439,0,1439,0,1439,26792024,25.0773607,121.3937548,林口區
331,新北市政府警察局三峽分局鶯歌分駐所,新北市鶯歌區中正一路195號,其他,派出所一樓,0,1439,0,1439,0,1439,0,1439,0,1439,0,1439,0,1439,02-22512588,24.9571731,121.3533157,鶯歌區
332,新北市政府警察局海山分局江翠派出所,新北市板橋區吳鳳路50巷36號,其他,派出所1樓(值班台旁),0,1439,0,1439,0,1439,0,1439,0,1439,0,1439,0,1439,02-29616814,25.0301407,121.4699336,板橋區
333,新北市政府警察局海山分局埔墘派出所,新北市板橋區中山路2段286號,其他,派出所1樓(值班台正後方),0,1439,0,1439,0,1439,0,1439,0,1439,0,1439,0,1439,02-24982009,25.0186663,121.4795899,板橋區
334,新北市政府警察局金山分局金山派出所,新北市金山區民生路65號,其他,金山派出所一樓左側,0,1439,0,1439,0,1439,0,1439,0,1439,0,1439,0,1439,02-24933317,25.2203031,121.6405491,金山區
335,新北市政府警察局瑞芳分局太平派出所,新北市雙溪區泰平里大平62號,其他,一樓備勤辦公室內,0,1439,0,1439,0,1439,0,1439,0,1439,0,1439,0,1439,02-22250966,24.970931,121.848403,雙溪區
336,新北市私立員山老人長期照顧中心(養護型),新北市中和區員山路506號6樓,其他,護理站旁,540,1320,540,1320,540,1320,540,1320,540,1320,540,1320,540,1320,02-29574112,25.0087954,121.4800073,中和區
337,新北市政府警察局交通警察大隊海山分隊,新北市板橋區民族路57號後棟1-3樓,其他,交通分隊1樓車處辦公室,0,1439,0,1439,0,1439,0,1439,0,1439,0,1439,0,1439,,25.0094874,121.4647214,板橋區
338,馬偕醫學院,新北市三芝區中正路三段46號,學校、大型集會場所,第一教研大樓,NaN,NaN,NaN,NaN,NaN,NaN,NaN,NaN,NaN,NaN,NaN,NaN,NaN,NaN,02-29722553,25.251791,121.4966056,三芝區
339,新北市政府警察局三重分局三重派出所,新北市三重區重新路1段43號,其他,派出所一樓,0,1439,0,1439,0,1439,0,1439,0,1439,0,1439,0,1439,26101315,25.0467166,121.4722764,三重區
340,新北市政府警察局蘆洲分局八里分駐所,新北市八里區訊塘路37號,其他,1樓會客室內,0,1439,0,1439,0,1439,0,1439,0,1439,0,1439,0,1439,02-22583956,25.1459749,121.3975478,八里區
341,新北市政府警察局海山分局文聖派出所,新北市板橋區大同街14號,其他,派出所1樓(大門左側),0,1439,0,1439,0,1439,0,1439,0,1439,0,1439,0,1439,26182245,25.0268405,121.4773102,板橋區
342,新北市政府警察局蘆洲分局龍源派出所,新北市八里區龍米路一段225號,其他,1樓入口左方辦公室旁,0,1439,0,1439,0,1439,0,1439,0,1439,0,1439,0,1439,82821991,25.1325222,121.4512518,八里區
343,新北市政府警察局蘆洲分局延平派出所,新北市蘆洲區長安街108巷2號,其他,1樓入口右側值班台旁,0,1439,0,1439,0,1439,0,1439,0,1439,0,1439,0,1439,,25.0817494,121.4614702,蘆洲區
344,新北市政府警察局土城分局清水分駐所,新北市土城區青雲路220號,其他,一樓入口,540,539,540,539,540,539,540,539,540,539,540,539,540,539,02-22586870,24.981271,121.4588729,土城區
345,新北市政府警察局海山分局新海派出所,新北市板橋區英士路151號,其他,派出所1樓(受理民眾報案區),0,1439,0,1439,0,1439,0,1439,0,1439,0,1439,0,1439,82832123,25.0238145,121.4600351,板橋區
346,新北市政府警察局蘆洲分局集賢派出所,新北市蘆洲區集賢路245號,其他,1樓值班台後方,0,1439,0,1439,0,1439,0,1439,0,1439,0,1439,0,1439,226616410,25.0848027,121.4817925,蘆洲區
347,新北市政府警察局新店分局烏來分駐所,新北市烏來區烏來街45號,其他,進大門值勤台左後方,0,1439,0,1439,0,1439,0,1439,0,1439,0,1439,0,1439,02-86424742,24.8648383,121.5520307,烏來區
348,新北市政府警察局汐止分局(含交通分隊),新北市汐止區大同路2段459號,其他,一樓正門入口,0,1439,0,1439,0,1439,0,1439,0,1439,0,1439,0,1439,26204280,25.0680178,121.6599477,汐止區
349,新北市政府警察局淡水分局興華派出所,新北市三芝區興華里田心子1號,公眾服務單位設施,鐵馬驛站,0,1439,0,1439,0,1439,0,1439,0,1439,0,1439,0,1439,(02)26860499,25.204538,121.501922,三芝區
350,新北市政府警察局樹林分局,新北市樹林區保安街1段283號,其他,一樓入口,0,1439,0,1439,0,1439,0,1439,0,1439,0,1439,0,1439,02-2499-1541,24.9815605,121.4198606,樹林區
351,新北市政府警察局瑞芳分局福隆派出所,新北市貢寮區福隆里福隆街19號,其他,福隆派出所一樓,0,1439,0,1439,0,1439,0,1439,0,1439,0,1439,0,1439,955131511,25.0165441,121.9446891,貢寮區
352,新店垃圾焚化廠(行政大樓1樓),新北市新店區新北市新店區薏仁坑路自強巷1樓,其他,行政大樓1樓,480,1080,480,1080,480,1080,480,1080,480,1080,NaN,NaN,NaN,NaN,928849760,24.9583222,121.4968505,新店區
353,新北市立石門實驗國民中學,新北市石門區中央路1-9號,學校、大型集會場所,中央穿堂,360,1320,360,1320,360,1320,360,1320,360,1320,480,960,480,960,02-22505958,25.2914128,121.5639371,石門區
354,大漢溪濕地生態廊道服務中心,新北市板橋區華江橋自行車教育園區(華江橋正下方，堤防外),其他,大漢溪濕地生態廊道服務中心內,NaN,NaN,NaN,NaN,NaN,NaN,NaN,NaN,NaN,NaN,540,1020,540,1020,26095766,25.035488,121.4821138,板橋區
355,新北市政府警察局林口分局文化派出所,新北市林口區麗園一街5號,其他,一樓大廳,0,1439,0,1439,0,1439,0,1439,0,1439,0,1439,0,1439,22813358,25.0720881,121.3763793,林口區
356,新北市政府警察局蘆洲分局蘆洲派出所,新北市蘆洲區蘆洲區中山二路92號,其他,大廳值班臺後方,0,1439,0,1439,0,1439,0,1439,0,1439,0,1439,0,1439,935914577,25.082059,121.4729778,蘆洲區
357,新北市政府環境保護局中和區清潔隊停車場,新北市中和區和城路一段271巷1號,其他,員工休息室內,480,1020,480,1020,480,1020,480,1020,480,1020,480,1020,0,0,986138736,24.9929069,121.4852535,中和區
358,誼成生物科技股份有限公司準休閒農場分公司,新北市五股區新五路二段70號,觀光旅遊地區,童話屋(辦公室),570,1020,570,1020,570,1020,570,1020,570,1020,570,1020,570,1020,,25.0733279,121.4373103,五股區
359,新北市政府環境保護局(蘆洲重陽大樓5樓),新北市蘆洲區集賢路245號5樓,其他,新北市政府環境保護局(蘆洲重陽大樓11樓),0,1439,0,1439,0,1439,0,1439,0,1439,0,1439,0,1439,,25.0848446,121.4816872,蘆洲區
360,新北市私立慈嘉老人長期照顧中心,新北市樹林區大安路323巷10弄18號,其他,機構大廳,0,1439,0,1439,0,1439,0,1439,0,1439,0,1439,0,1439,,24.9909705,121.4170684,樹林區
361,新北市私立慈泰老人長期照顧中心,新北市樹林區中正路632巷1號,交通要衝,機構大廳,0,1439,0,1439,0,1439,0,1439,0,1439,0,1439,0,1439,,25.0165645,121.4102927,樹林區
362,新北市私立嘉恩長期老人照顧中心,新北市樹林區大安路516號3樓,交通要衝,機構大廳,0,1439,0,1439,0,1439,0,1439,0,1439,0,1439,0,1439,02-29922112,24.9861403,121.4135108,樹林區
363,新北市政府警察局新莊分局中港派出所,新北市新莊區中港路352號,其他,派出所一樓,0,0,NaN,NaN,NaN,NaN,NaN,0,NaN,NaN,NaN,NaN,NaN,NaN,229017434,25.0466042,121.4517492,新莊區
364,新北市政府警察局新莊分局福營派出所,新北市新莊區福營路101號,其他,一樓值班台,NaN,NaN,NaN,NaN,NaN,NaN,NaN,NaN,NaN,NaN,NaN,NaN,NaN,NaN,02-22237295,25.0322145,121.434281,新莊區
365,新北市政府警察局中和分局員山派出所,新北市中和區員山路235巷1號,其他,員山派出所一樓,0,1439,0,1439,0,1439,0,1439,0,1439,0,1439,0,1439,02-22213029,24.998334,121.4808702,中和區
366,新北市政府警察局中和分局中原派出所,新北市中和區立德街60號,其他,本所大廳,0,1439,0,1439,0,1439,0,1439,0,1439,0,1439,0,1439,02-29264139,25.0075843,121.4883742,中和區
367,新北市政府警察局中和分局安平派出所,新北市中和區中安街175號,公眾服務單位設施,一樓交通事故處理區前方,NaN,NaN,NaN,NaN,NaN,NaN,NaN,NaN,NaN,NaN,NaN,NaN,NaN,NaN,02-29419445,24.9999317,121.5112725,中和區
368,新北市政府警察局中和分局南勢派出所,新北市中和區南山路322號,其他,派出所一樓,0,1439,0,1439,0,1439,0,1439,0,1439,0,1439,0,1439,02-29924018,24.9864928,121.507938,中和區
369,新北市政府警察局新莊分局新莊派出所,新北市新莊區中正路1之1號,其他,一樓大廳,0,1439,0,1439,0,1439,0,1439,0,1439,0,1439,0,1439,02-22764968,25.0115079,121.4131162,新莊區
370,新北市政府警察局新莊分局頭前派出所,新北市新莊區化成路312號,其他,一樓入口,540,539,540,539,540,539,540,539,540,539,540,539,540,539,229924034,25.0482478,121.4657978,新莊區
371,新北市政府警察局新莊分局警備隊,新北市新莊區中正路150號1樓,其他,一樓大廳,0,1439,0,1439,0,1439,0,1439,0,1439,0,1439,0,1439,02-22268955,25.0362325,121.4516439,新莊區
372,新北市政府警察局中和分局積穗派出所,新北市中和區員山路471號,其他,派出所一樓,0,1439,0,1439,0,1439,0,1439,0,1439,0,1439,0,1439,02-22492624,25.004802,121.48011,中和區
373,新北市政府警察局中和分局中和派出所,新北市中和區中和路102-1號,其他,一樓進大門右側,0,1439,0,1439,0,1439,0,1439,0,1439,0,1439,0,1439,02-29569805,24.9995475,121.5023446,中和區
374,新北市政府警察局中和分局國光派出所,新北市中和區莒光路168號,其他,派出所一樓,0,1439,0,1439,0,1439,0,1439,0,1439,0,1439,0,1439,02-29402114,24.9996904,121.4725313,中和區
375,新北市政府警察局中和分局秀山派出所,新北市中和區成功路139號,其他,派出所一樓,0,1439,0,1439,0,1439,0,1439,0,1439,0,1439,0,1439,226204280,24.990494,121.525987,中和區
376,新北市政府警察局淡水分局水源派出所,新北市淡水區北新路2段19號,公眾服務單位設施,淡水分局水源派出所內,0,1439,0,1439,0,1439,0,1439,0,1439,0,1439,0,1439,26204280,25.1858207,121.4780766,淡水區
377,新北市政府警察局淡水分局興仁派出所,新北市淡水區興仁路93號,公眾服務單位設施,淡水分局興仁派出所內,0,1435,0,1435,0,1435,0,1435,0,1435,0,1435,0,1435,,25.2177148,121.4518135,淡水區
378,新北市政府警察局瑞芳分局瑞芳派出所,新北市瑞芳區明燈路三段25號1樓,其他,派出所內,0,1439,0,1439,0,1439,0,1439,0,1439,0,1439,0,1439,,25.1075427,121.8077602,瑞芳區
379,鴻欣護理之家,新北市三峽區三樹路168巷48號,其他,鴻欣護理之家,540,540,540,540,540,540,540,540,540,540,540,540,540,540,02-29215119,24.9402541,121.3803486,三峽區
380,新北市政府警察局永和分局中正橋派出所,新北市永和區永和路2段303號,其他,派出所一樓,0,1439,0,1439,0,1439,0,1439,0,1439,0,1439,0,1439,229217119,25.0164182,121.515792,永和區
381,新北市政府警察局永和分局新生派出所,新北市永和區仁愛路187號,其他,派出所一樓,0,0,0,0,0,0,0,0,0,0,0,0,0,0,02-2689-4108,25.0125996,121.5102751,永和區
382,新北市政府警察局樹林分局三多派出所,新北市樹林區三福街72號,其他,1樓入口,0,1439,0,1439,0,1439,0,1439,0,1439,0,1439,0,1439,02-22482551,25.0163191,121.4046915,樹林區
383,新北市政府警察局中和分局錦和派出所,新北市中和區安邦街20號,其他,派出所一樓,0,1439,0,1439,0,1439,0,1439,0,1439,0,1439,0,1439,02-29451017,24.9976986,121.4960966,中和區
384,新北市政府警察局永和分局得和派出所,新北市永和區民權路51號,其他,派出所一樓,0,1439,0,1439,0,1439,0,1439,0,1439,0,1439,0,1439,02-29214229,24.9971092,121.5200573,永和區
385,新北市政府警察局永和分局永和派出所,新北市永和區安樂路344號,其他,進大門入口左側文書整理區印表機旁,0,1439,0,1439,0,1439,0,1439,0,1439,0,1439,0,1439,02-2680-1075,25.006284,121.5145258,永和區
386,新北市政府警察局樹林分局柑園派出所,新北市樹林區佳園路三段20號,其他,一樓入口,0,1439,0,1439,0,1439,0,1439,0,1439,0,1439,0,1439,(02)22117337,24.9542886,121.3878277,樹林區
387,新北市政府警察局新店分局安康派出所,新北市新店區安康路二段70號,其他,一樓值班台後樓梯旁,0,1439,0,1439,0,1439,0,1439,0,1439,0,1439,0,1439,289919755,24.9637215,121.5144515,新店區
388,新北市政府警察局新莊分局中平派出所,新北市新莊區中平路288號,其他,一樓入口,0,1439,0,1439,0,1439,0,1439,0,1439,0,1439,540,NaN,(02)89528339,25.0510761,121.4449008,新莊區
389,新北市政府稅捐稽徵處,新北市板橋區中山路1段143號,其他,本處7樓電梯左側,510,1050,510,1050,510,1050,510,1050,510,1050,NaN,NaN,NaN,NaN,(02)22771300分機287,25.0114095,121.4618415,板橋區
390,新北市政府稅捐稽徵處新莊分處,新北市新莊區仁愛街56號,其他,本分處1樓公共區域右側第一根柱子,480,1080,480,1080,480,1080,480,1080,480,1080,NaN,NaN,NaN,NaN,02-24951063,25.0372022,121.4444936,新莊區
391,新北市政府警察局瑞芳分局平溪分駐所,新北市平溪區平溪街43號,其他,1樓副所長室門口,0,1439,0,1439,0,1439,0,1439,0,1439,0,1439,0,1439,26412065#1201,25.0262949,121.7384506,平溪區
392,新北市立汐止國民中學,新北市汐止區大同路2段394號,學校、大型集會場所,健康中心,480,1020,480,1020,480,1020,480,1020,480,1020,NaN,NaN,NaN,NaN,22859404#214,25.06662,121.658433,汐止區
393,新北市政府環境保護局蘆洲區清潔隊(廚餘場),新北市五股區疏洪六路往5號越堤道,其他,辦公室打卡機斜前方,420,1020,420,1020,420,1020,420,1020,420,1020,420,1020,NaN,NaN,22836225,25.0794048,121.4498542,五股區
394,新北市政府警察局交通警察大隊蘆洲分隊,新北市蘆洲區中山二路92號3樓,其他,3樓,0,1439,0,1439,0,1439,0,1439,0,1439,0,1439,0,1439,26812741,25.082059,121.4729778,蘆洲區
395,新北市政府警察局板橋分局沙崙派出所,新北市板橋區溪北路111號,其他,值班台旁,0,1439,0,1439,0,1439,0,1439,0,1439,0,1439,0,1439,(02)29513588,24.9885628,121.4305516,板橋區
396,新北市政府警察局交通警察大隊板橋分隊,新北市板橋區區運路一號,其他,值班台旁,0,1439,0,1439,0,1439,0,1439,0,1439,0,1439,0,1439,02-22993050,25.0114095,121.4618415,板橋區
397,新北市政府警察局新莊分局五工派出所,新北市新莊區五工路95-1號,其他,一樓辦公區,0,1439,0,1439,0,1439,0,1439,0,1439,0,1439,0,1439,29711126,25.0633498,121.4577176,新莊區
398,新北市政府警察局蘆洲分局更寮派出所,新北市五股區中興路二段147號,其他,更寮派出所,0,1439,0,1439,0,1439,0,1439,0,1439,0,1439,0,1439,22921296,25.0778854,121.4585085,五股區
399,新北市政府警察局蘆洲分局成州派出所,新北市五股區新五路3段342號,其他,1樓所內後方第二辦公室,0,1439,0,1439,0,1439,0,1439,0,1439,0,1439,0,1439,03-9905160#116,25.0916924,121.4477199,五股區
400,新北市新店區雙峰國民小學,新北市新店區北宜路三段66號,學校、大型集會場所,穿堂,360,1320,360,1320,360,1320,360,1320,360,1320,540,1020,540,1020,29125432轉825,24.9506841,121.5753521,新店區
401,新北市新店區中正國民小學,新北市新店區三民路36號,學校、大型集會場所,健康中心門口,420,1140,420,1140,420,1140,420,1140,420,1140,420,1140,420,1140,02-22159013分機333,24.9722527,121.5371787,新店區
402,新北市立達觀國民中小學,新北市新店區僑信路1號,學校、大型集會場所,C棟健康中心門口,480,960,480,960,480,960,480,960,480,960,NaN,NaN,NaN,NaN,02-2626-2141*119,24.953605,121.4999598,新店區
403,新北市淡水區新市國民小學,新北市淡水區中山北路二段200號,學校、大型集會場所,學校川堂,420,1020,420,1020,420,1020,420,1020,420,1020,NaN,NaN,NaN,NaN,26091061-725,25.1866192,121.4446946,淡水區
404,新北市林口區麗園國民小學,新北市林口區忠孝路591號,學校、大型集會場所,健康中心,480,960,480,960,480,960,480,960,480,960,480,960,480,960,02-26742666#308,25.0689378,121.3759616,林口區
405,新北市立北大高級中學,新北市三峽區大義路277號,學校、大型集會場所,北大高中行政大樓-健康中心前,480,1020,480,1020,480,1020,480,1020,480,1020,NaN,NaN,NaN,NaN,02-2600-8457-555,24.9481837,121.375747,三峽區
406,新北市林口區麗林國民小學,新北市林口區公園路46號,學校、大型集會場所,校內總務處旁,360,1080,360,1080,360,1080,360,1080,360,1080,360,1080,360,1080,02-26297121轉127,25.0686877,121.3678993,林口區
407,新北市淡水區鄧公國民小學,新北市淡水區學府路99號,學校、大型集會場所,新北市淡水區鄧公國小警衛室,390,1290,390,1290,390,1290,390,1290,390,1290,510,1050,510,1050,0226009482轉306,25.1719805,121.4490252,淡水區
408,新北市立林口高級中學,新北市林口區仁愛路2段173號,學校、大型集會場所,林口高中行政大樓一樓電梯口,420,1320,420,1320,420,1320,420,1320,420,1320,NaN,NaN,NaN,NaN,937190938,25.0732046,121.3807484,林口區
409,新北市樹林區山佳國民小學,新北市樹林區中山路3段5號,學校、大型集會場所,健康中心外走廊,420,1200,420,1200,420,1200,420,1200,420,1200,420,720,NaN,NaN,26812475#822或825,24.9753553,121.4018486,樹林區
410,新北市樹林區武林國民小學,新北市樹林區保安街二段151號,學校、大型集會場所,健康中心,480,960,480,960,480,960,480,960,480,960,NaN,NaN,NaN,NaN,02-26802507-226,25.0016717,121.4154134,樹林區
411,新北市樹林區柑園國民小學,新北市樹林區柑園街一段353號一樓,學校、大型集會場所,川堂,360,1080,360,1080,360,1080,360,1080,360,1080,360,1080,360,1080,02-26711018*826,24.9557365,121.3899522,樹林區
412,新北市三峽區三峽國民小學,新北市三峽區中山路16號,學校、大型集會場所,校門口入口行政大樓1樓川堂,450,1050,450,1050,450,1050,450,1050,450,1050,NaN,NaN,NaN,NaN,02-28058476-2938,24.9351618,121.368815,三峽區
413,富基漁港魚產品銷售中心,新北市石門區楓林15-16號,其他,富基漁港遊客服務中心,600,1080,600,1080,600,1080,600,1080,600,1080,600,1140,645,1140,(02)29592317,25.2878032,121.5403466,石門區
414,新北市政府警察局板橋分局信義派出所,新北市板橋區廣權路28號,其他,駐地內民眾協調服務區,0,1439,0,1439,0,1439,0,1439,0,1439,0,1439,0,1439,22916948,24.9912758,121.461783,板橋區
415,新北市政府警察局蘆洲分局五股分駐所,新北市五股區中興路四段67號,其他,五股分駐所1樓第二辦公室,0,1439,0,1439,0,1439,0,1439,0,1439,0,1439,0,1439,02-29557936分機826,25.0835371,121.4368288,五股區
416,新北市中和區自強國民小學,新北市中和區莒光路200號,學校、大型集會場所,國小部健康中心外面,480,960,480,960,480,960,480,960,480,960,NaN,NaN,NaN,NaN,89790643-6206,24.9987757,121.470791,中和區
417,新北市永和區頂溪國民小學,新北市永和區文化路133號,學校、大型集會場所,健康中心,420,1320,420,1320,420,1320,420,1320,420,1320,420,1320,420,1320,22319670,25.0152952,121.5114852,永和區
418,新北市立永平高級中學,新北市永和區永平路205號,學校、大型集會場所,警衛室,0,1439,0,1439,0,1439,0,1439,0,1439,0,1439,0,1439,(02)89528339,25.0107227,121.5087076,永和區
419,新北市政府稅捐稽徵處,新北市板橋區中山路1段143號,其他,正門直走1樓總收文處,510,1050,510,1050,510,1050,510,1050,510,1050,NaN,NaN,NaN,NaN,(02)2298-3639*115,25.0114095,121.4618415,板橋區
420,新北市勞工活動中心,新北市五股區新北市五股區五工六路9號,其他,新北市勞工活動中心,510,1290,510,1290,510,1290,510,1290,510,1290,510,990,510,990,89712345#366,25.0613939,121.4507353,五股區
421,新北市政府稅捐稽徵處三重分處,新北市三重區重陽路一段115號,其他,本分處大門入口左側,510,1050,510,1050,510,1050,510,1050,510,1050,NaN,NaN,NaN,NaN,226204280,25.0601351,121.4869948,三重區
422,新北市政府警察局淡水分局後厝派出所,新北市三芝區后厝里北勢子45之32號,公眾服務單位設施,淡水分局後厝派出所,0,1439,0,1439,0,1439,0,1439,0,1439,0,1439,0,1439,22479495--214,25.2503518,121.4672841,三芝區
423,新北市中和區錦和國民小學,新北市中和區圓通路292號,學校、大型集會場所,警衛室,480,1080,480,1080,480,1080,480,1080,480,1080,480,720,480,720,02-22472993#228,24.9899552,121.4891318,中和區
424,新北市中和區復興國民小學,新北市中和區復興路301巷6號,學校、大型集會場所,警衛室裡面,360,1260,360,1260,360,1260,360,1260,360,1260,360,960,360,960,（02）29422270＃224,24.9896377,121.5018865,中和區
425,新北市立中和國民中學,新北市中和區興南路二段3巷17號,學校、大型集會場所,健康中心,480,1020,480,1020,480,1020,480,1020,480,1020,NaN,NaN,NaN,NaN,26212755#108,24.9862084,121.5086901,中和區
426,新北市淡水區淡水國民小學,新北市淡水區中山路160號,學校、大型集會場所,淡水國小警衛室,480,990,480,990,480,990,480,990,480,990,NaN,NaN,NaN,NaN,29980443,25.1731664,121.4415111,淡水區
427,新北市新莊區思賢國民小學,新北市新莊區自立街229號,學校、大型集會場所,思賢樓穿堂左邊(學務處旁),300,1080,300,1080,300,1080,300,1080,300,1080,810,1080,810,1080,26745666*825,25.0460385,121.4566876,新莊區
428,新北市三峽區龍埔國民小學,新北市三峽區大學路6號,學校、大型集會場所,展演廳門口右側,480,1020,480,1020,480,1020,480,1020,480,1020,NaN,NaN,NaN,NaN,86866589轉211,24.9412302,121.3774415,三峽區
429,新北市樹林區彭福國民小學,新北市樹林區忠孝街30號,學校、大型集會場所,學校穿堂內走廊右側,480,960,480,960,480,960,480,960,480,960,NaN,NaN,NaN,NaN,975162988,24.9815208,121.4239614,樹林區
430,新北市立三多國民中學,新北市樹林區三多路101號,學校、大型集會場所,警衛室,360,1290,360,1290,360,1290,360,1290,360,1290,360,1290,360,1290,952484575,25.0058239,121.4138605,樹林區
431,新北市坪林區坪林國民小學,新北市坪林區坪林街114號,學校、大型集會場所,新北市坪林區坪林國民小學警衛室(值勤室),480,960,480,960,480,960,480,960,480,960,NaN,NaN,NaN,NaN,(02)2253-4417#122,24.9363439,121.7110847,坪林區
432,新北市藝文中心,新北市板橋區莊敬路62號,大型休閒場所,藝文中心B1第三展覽室門口,540,1020,540,1020,540,1020,540,1020,540,1020,540,1020,540,1020,02-22530782*632,25.0256921,121.4715387,板橋區
433,新北市板橋區文聖國民小學,新北市板橋區文聖街86號,學校、大型集會場所,守衛室右側牆上,480,990,480,990,480,990,480,990,480,990,NaN,NaN,NaN,NaN,(02)22752477,25.0292385,121.4774588,板橋區
434,新北市政府警察局板橋分局大觀派出所,新北市板橋區大觀路2段127號,其他,一樓值班台旁,0,1439,0,1439,0,1439,0,1439,0,1439,0,1439,0,1439,86480944分機242,25.0012245,121.4459549,板橋區
435,新北市汐止區長安國民小學,新北市汐止區長興街一段80號,學校、大型集會場所,校門口警衛室,300,1320,300,1320,300,1320,300,1320,300,1320,300,1170,300,1170,(02)29682324,25.0791492,121.6712641,汐止區
436,新北市政府警察局刑事警察大隊板橋偵查隊,新北市板橋區文化路一段52號,其他,二樓樓梯口,0,0,0,0,0,0,0,0,0,0,0,0,0,0,22968551#113,25.0123195,121.4601612,板橋區
437,新北市泰山區同榮國民小學,新北市泰山區公園路33號,學校、大型集會場所,學務處入口處外圍牆,480,1020,480,1020,480,1020,480,1020,480,1020,NaN,NaN,NaN,NaN,22526880#223,25.0544035,121.4284716,泰山區
438,新北市板橋區江翠國民小學,新北市板橋區文化路二段413號,學校、大型集會場所,警衛室外牆,360,1080,360,1080,360,1080,360,1080,360,1080,NaN,NaN,NaN,NaN,（02）26102217-1110,25.0322229,121.4732596,板橋區
439,新北市八里區八里國民小學,新北市八里區中山路2段338號,學校、大型集會場所,至善樓一樓幼兒園走廊,480,960,480,960,480,960,480,960,480,960,NaN,NaN,NaN,NaN,29565592分機205,25.1502446,121.4037903,八里區
440,新北市板橋區重慶國民小學,新北市板橋區廣和街31號,學校、大型集會場所,重慶國小1樓川堂,480,960,480,960,480,960,480,960,480,960,NaN,NaN,NaN,NaN,22707801*342,24.9936212,121.4627141,板橋區
441,新北市立清水高級中學,新北市土城區明德路一段72號,學校、大型集會場所,健康中心前走廊,480,1020,480,1020,480,1020,480,1020,480,1020,NaN,NaN,NaN,NaN,2267-5135#304,24.98245,121.4654014,土城區
442,新北市立土城國民中學,新北市土城區新北市土城區永寧路18號,學校、大型集會場所,新北市土城國中健康中心,NaN,NaN,NaN,NaN,NaN,NaN,NaN,NaN,NaN,NaN,NaN,NaN,NaN,NaN,22859404#214,24.9623542,121.4300718,土城區
443,新北市政府環境保護局蘆洲區清潔隊(地勤辦公室),新北市蘆洲區三民路611號1樓,其他,辦公室入門口正前方,420,1020,420,1020,420,1020,420,1020,420,1020,420,1020,NaN,NaN,933130344,25.0941464,121.4600058,蘆洲區
444,新北市政府環境保護局中和區清潔隊資源回收場,新北市中和區圓通路435號之1,其他,辦公室內,480,1020,480,1020,480,1020,480,1020,480,1020,480,1020,0,0,26806114,24.9877048,121.4864589,中和區
445,新北市政府警察局樹林分局山佳派出所,新北市樹林區中山路三段38號,其他,1樓入口,0,1439,0,1439,0,1439,0,1439,0,1439,0,1439,0,1439,02-24579346,24.9727687,121.3948441,樹林區
446,交通部臺灣鐵路管理局宜蘭運務段四腳亭站,新北市瑞芳區新北市瑞芳區中央路65號,交通要衝,四腳亭火車站候車室,0,1439,0,1439,0,1439,0,1439,0,1439,0,1439,0,1439,02-24991800,25.1025503,121.7617966,瑞芳區
447,交通部臺灣鐵路局宜蘭運務段福隆站,新北市貢寮區福隆里福隆街2號,交通要衝,剪收票口旁,420,1260,420,1260,420,1260,420,1260,420,1260,420,1260,420,1260,929330058,25.0159512,121.9445868,貢寮區
448,交通部臺灣鐵路管理局宜蘭運務段猴硐站,新北市瑞芳區柴寮路70號,交通要衝,二樓大廳,330,1380,330,1380,330,1380,330,1380,330,1380,330,1380,330,1380,26381263#18,25.0869417,121.8271475,瑞芳區
449,新北市石門區石門國民小學,新北市石門區尖鹿里中央路9號,學校、大型集會場所,川堂,360,1320,360,1320,360,1320,360,1320,360,1320,480,960,480,960,82450148,25.2921482,121.5672777,石門區
450,新北市政府稅捐稽徵處中和分處,新北市中和區復興路278號1樓,其他,1樓大門右側,480,1020,480,1020,480,1020,480,1020,480,1020,NaN,NaN,NaN,NaN,02-29069881,24.9905135,121.5024131,中和區
451,新北市政府警察局林口分局明志派出所,新北市泰山區明志路2段426號,其他,一樓大廳,0,1439,0,1439,0,1439,0,1439,0,1439,0,1439,0,1439,02-24958158,25.0438151,121.4248099,泰山區
452,新北市政府警察局瑞芳分局十分派出所,新北市平溪區十分街283號,其他,進大門值班台右側,0,1439,0,1439,0,1439,0,1439,0,1439,0,1439,0,1439,226204280,25.045625,121.7788603,平溪區
453,新北市政府警察局淡水分局三芝分駐所,新北市三芝區埔頭里育英街27號,公眾服務單位設施,淡水分局三芝分駐所,0,1439,0,1439,0,1439,0,1439,0,1439,0,1439,0,1439,(02)2961-5161#223,25.2574407,121.5011345,三芝區
454,天主教光仁學校財團法人新北市光仁高級中學,新北市板橋區中山路二段255巷18號,學校、大型集會場所,健康中心走廊,420,1260,420,1260,420,1260,420,1260,420,1260,NaN,NaN,NaN,NaN,29715606#308,25.0184272,121.4762544,板橋區
455,新北市立三重高級商工職業學校,新北市三重區中正北路163號,學校、大型集會場所,商科大樓4樓 國貿科辦公室,420,1320,420,1320,420,1320,420,1320,420,1320,420,1320,420,1320,974199978,25.0689104,121.4808542,三重區
456,馬偕學校財團法人馬偕醫護管理專科學校(三芝校區),新北市三芝區中正路三段42號,學校、大型集會場所,三芝校區護理大樓1F,8,17,8,17,8,17,8,17,8,17,NaN,NaN,NaN,NaN,,25.2509168,121.498136,三芝區
457,矽谷大樓一期15樓,新北市新店區北新路三段207-5號15樓,其他,15樓電梯口,0,1439,0,1439,0,1439,0,1439,0,1439,0,1439,0,1439,24931111#110,24.9848766,121.5399642,新店區
458,新北市雙溪區公所,新北市雙溪區東榮街25號,其他,1樓辦公室,480,1020,480,1020,480,1020,480,1020,480,1020,NaN,NaN,NaN,NaN,22628456,25.0337322,121.8657341,雙溪區
459,新北市立中正國民中學,新北市土城區金城路二段247號,學校、大型集會場所,本校中央穿堂,360,1320,360,1320,360,1320,360,1320,360,1320,420,1140,420,1140,(02)22817565#8207,24.9837353,121.4566653,土城區
460,新北市私立徐匯高級中學,新北市蘆洲區中山一路1號,學校、大型集會場所,教務處旁,480,1080,480,1080,480,1080,480,1080,480,1080,NaN,NaN,NaN,NaN,909862381,25.0802722,121.4799617,蘆洲區
461,新北市土城國民運動中心,新北市土城區金城路二段247之1號,學校、大型集會場所,中心一樓大廳側門出入口邊,360,1320,360,1320,360,1320,360,1320,360,1320,360,1320,360,1320,,24.9835823,121.4567102,土城區
462,臺灣新北地方法院,新北市土城區金城路二段249號,其他,法警室,917,917,917,917,917,917,917,917,917,917,NaN,NaN,NaN,NaN,,24.9847126,121.4578636,土城區
463,財團法人世界宗教博物館發展基金會附設台北館,新北市永和區中山路1段236號7樓,觀光旅遊地區,財團法人世界宗教博物館發展基金會附設台北館,600,1020,600,1020,600,1020,600,1020,600,1020,600,1020,600,NaN,26631254,25.0103251,121.5145353,永和區
464,新北市政府警察局新店分局中民派出所,新北市石碇區靜安路一段236號,其他,進大門右側值班台旁,360,1080,360,1080,360,1080,360,1080,360,1080,360,1080,360,1080,02-2681-2034,25.0081946,121.6728691,石碇區
465,新北市政府警察局樹林分局樹林派出所,新北市樹林區鎮前街35號,其他,1樓入口,0,1439,0,1439,0,1439,0,1439,0,1439,0,1439,0,1439,26631975,24.991918,121.4255444,樹林區
466,新北市政府警察局新店分局豐田派出所,新北市石碇區碇坪路2段22號,其他,值勤台後方,0,1439,0,1439,0,1439,0,1439,0,1439,0,1439,0,1439,02-8686-8077,24.9762537,121.6837797,石碇區
467,新北市政府警察局樹林分局彭厝派出所,新北市樹林區國凱街65號,其他,1樓入口,0,1439,0,1439,0,1439,0,1439,0,1439,0,1439,0,1439,226651835,24.9799977,121.4220804,樹林區
468,新北市政府警察局新店分局碧山派出所,新北市石碇區北宜路五段42號,其他,值班台左側,0,1439,0,1439,0,1439,0,1439,0,1439,0,1439,0,1439,29825233,24.9516964,121.6317874,石碇區
469,新北市三重區衛生所,新北市三重區新北大道一段1號,其他,1樓寫字台旁,480,1020,480,1020,480,1020,480,1020,480,1020,NaN,NaN,NaN,NaN,02-29099921,25.06103,121.4915413,三重區
470,新北市泰山區衛生所,新北市泰山區全興路212號3樓,其他,三樓大廳,480,1050,480,1050,480,1050,480,1050,480,1050,NaN,NaN,NaN,NaN,02-26102137,25.0562788,121.4336296,泰山區
471,新北巿八里區衛生所,新北市八里區舊城路16號,其他,1樓侯診區,480,1020,480,1020,480,1020,480,1020,480,1020,NaN,NaN,NaN,NaN,02-29113984轉341,25.1470689,121.4000292,八里區
472,新北市新店區衛生所,新北市新店區北新路一段86號12樓,其他,新北市新店區衛生所,480,1020,480,1020,480,1020,480,1020,480,1020,NaN,NaN,NaN,NaN,26711592,24.96737,121.5420849,新店區
473,新北市三峽區衛生所,新北市三峽區光明路71號3樓(三峽行政大樓),其他,衛生所2號診間內,480,1080,480,1080,480,1080,480,1080,480,1080,NaN,NaN,NaN,NaN,922381595,24.9283135,121.3761245,三峽區
474,新北市鶯歌區衛生所,新北市鶯歌區文化路389號,其他,新北市鶯歌區衛生所填寫區,480,1050,480,1050,480,1050,480,1050,480,1050,NaN,NaN,NaN,NaN,926743225,24.9504204,121.3524958,鶯歌區
475,新北市樹林區衛生所,新北市樹林區樹新路40-7號,其他,門診走道,480,1020,480,1020,480,1020,480,1020,480,1020,NaN,NaN,NaN,NaN,26412030#203,24.9963198,121.428854,樹林區
476,新北市汐止區衛生所,新北市汐止區新台五路一段266號,其他,一樓入口處右邊,480,1020,480,1020,480,1020,480,1020,480,1020,NaN,NaN,NaN,NaN,920389177,25.0636194,121.6586581,汐止區
477,新北市五股區衛生所,新北市五股區新城三路11號,其他,五股區衛生所,480,1050,480,1050,480,1050,480,1050,480,1050,NaN,NaN,NaN,NaN,226204280,25.0940597,121.44775,五股區
478,新北市政府警察局淡水分局中山路派出所,新北市淡水區中正東路40號,公眾服務單位設施,淡水分局中山路派出所,0,1439,0,1439,0,1439,0,1439,0,1439,0,1439,0,1439,226204280,25.1651957,121.4497468,淡水區
479,新北市政府警察局淡水分局竹圍派出所,新北市淡水區竹圍里民權路32號,公眾服務單位設施,派出所1樓,0,1439,0,1439,0,1439,0,1439,0,1439,0,1439,0,1439,26068760#130,25.1374262,121.4597677,淡水區
480,新北市林口區衛生所,新北市林口區忠孝二路55號1樓,其他,衛生所1樓,480,1050,480,1050,480,1050,480,1050,480,1050,NaN,NaN,NaN,NaN,22917171,25.0696435,121.3640802,林口區
481,新北市私立尚承護理之家,新北市五股區成泰路四段10號3樓之1,其他,大門入口左轉護理站旁,480,480,480,480,480,480,480,480,480,480,480,480,480,480,2996-7123#331,25.1064611,121.4533062,五股區
482,新北市新莊區衛生所,新北市新莊區中華路1段2號,其他,1樓大門內側,480,1050,480,1050,480,1050,480,1050,480,1050,NaN,NaN,NaN,NaN,02-26215620,25.0363397,121.4519024,新莊區
483,新北市淡水區衛生所,新北市淡水區中山路158號,其他,新北市淡水區衛生所服務台,480,1080,480,1080,480,1080,480,1080,480,1080,NaN,NaN,NaN,NaN,22491936#328,25.1727381,121.4409754,淡水區
484,新北市中和區衛生所,新北市中和區南山路4巷3號,其他,中和區衛生所一樓門診區入口右側,480,1050,480,1050,480,1050,480,1050,480,1050,NaN,NaN,NaN,NaN,(02)22732000*575,24.9985288,121.5017142,中和區
485,新北市土城區永寧市民活動中心,新北市土城區永寧路32巷10弄10號2樓,其他,大門入口門邊,540,1260,540,1260,540,1260,540,1260,540,1260,540,1020,NaN,NaN,02-26462564,24.961463,121.4292985,土城區
486,新北市政府警察局汐止分局烘內派出所,新北市汐止區汐萬路2段230號,其他,汐止分局烘內派出所,0,1439,0,1439,0,1439,0,1439,0,1439,0,1439,0,1439,02-22436955,25.0883989,121.6467432,汐止區
487,新北市政府警察局中和分局景安派出所,新北市中和區復興路276號,其他,派出所一樓,0,1439,0,1439,0,1439,0,1439,0,1439,0,1439,0,1439,02-26415841,24.9904424,121.502524,中和區
488,新北市政府警察局汐止分局東山派出所,新北市汐止區汐平路二段68號,其他,汐止分局東山派出所,480,1439,480,1439,480,1439,480,1439,480,1439,480,1439,480,1439,02-24932980,25.0607022,121.6989063,汐止區
489,交通部臺灣鐵路管理局宜蘭運務段雙溪站,新北市雙溪區朝陽街1號,交通要衝,候車室剪票口旁,0,1439,0,1439,0,1439,0,1439,0,1439,0,1439,0,1439,02-86482618,25.0386969,121.8668868,雙溪區
490,新北市政府警察局汐止分局長安派出所,新北市汐止區大同路3段99號,其他,1樓入口處右方(於值班台前側),0,1439,0,1439,0,1439,0,1439,0,1439,0,1439,0,1439,22626782#304,25.0776202,121.6681601,汐止區
491,新北市土城區廣福國民小學,新北市土城區學府路一段127號,學校、大型集會場所,中央川堂,420,1020,420,1020,420,1020,420,1020,420,1020,0,1439,0,1439,02-29111665,24.9868416,121.4547795,土城區
492,新北市政府警察局新店分局碧潭派出所,新北市新店區北新路一段86號一樓,其他,一樓進大門左側,0,1439,0,1439,0,1439,0,1439,0,1439,0,1439,0,1439,906812957,24.9674651,121.5421147,新店區
493,福容大飯店股份有限公司深坑分公司,新北市深坑區北深路三段236號,旅宿場所,一樓大廳櫃檯前方,0,1439,0,1439,0,1439,0,1439,0,1439,0,1439,0,1439,02-26412827,25.0042053,121.6003505,深坑區
494,新北市政府警察局汐止分局汐止派出所,新北市汐止區民生街1號,其他,汐止分局汐止派出所,0,1439,0,1439,0,1439,0,1439,0,1439,0,1439,0,1439,公司：2242-92217 手機：0925372066,25.0684722,121.6601917,汐止區
495,新北市中和國民運動中心,新北市中和區錦和路350之1號,學校、大型集會場所,游泳館1樓,360,1320,360,1320,360,1320,360,1320,360,1320,360,1320,360,1320,29616690#233,24.9925766,121.4870424,中和區
496,新北市板橋區埔墘國民小學,新北市板橋區永豐街42-8號,學校、大型集會場所,警衛室,480,960,480,960,480,960,480,960,480,960,NaN,NaN,NaN,NaN,02-26451281,25.0185053,121.4743612,板橋區
497,新北市政府警察局汐止分局長青派出所,新北市汐止區長青路188巷1之1號,其他,新北市政府警察局汐止分局長青派出所,360,1439,360,1439,360,1439,360,1439,360,1439,360,1439,360,1439,02-8647-7058,25.1110055,121.6054405,汐止區
498,新北市私立崇義高級中學,新北市汐止區大同路三段68號,學校、大型集會場所,學校川堂會議室,480,1320,480,1320,480,1320,480,1320,480,1320,540,1320,540,1320,22577193-55,25.0773605,121.6699493,汐止區
499,新北市板橋區文德國民小學,新北市板橋區英士路179號,學校、大型集會場所,健康中心外走廊,480,960,480,960,480,960,480,960,480,960,NaN,NaN,NaN,NaN,02-32332780,25.0233902,121.4589005,板橋區
500,新北市永和區衛生所,新北市永和區秀朗路一段137號,其他,衛生所大廳,480,1050,480,1050,480,1050,480,1050,480,1050,NaN,NaN,NaN,NaN,02-22586606*334,25.0049524,121.5162521,永和區
501,新北市板橋區衛生所,新北市板橋區英士路192號,其他,1樓大廳1號全功能服務台旁,NaN,NaN,NaN,NaN,NaN,NaN,NaN,NaN,NaN,NaN,NaN,NaN,NaN,NaN,937505909,25.023207,121.4582051,板橋區
502,沐舍國際股份有限公司-沐舍溫泉渡假酒店,新北市萬里區萬里加投166-1號,大型公眾浴場或溫泉區,沐舍國際股份有限公司,0,59,0,59,0,59,0,59,0,59,0,59,0,59,02-66377900,25.214719,121.644585,萬里區
503,翌朔股份有限公司,新北市三重區光復路二段196巷8號之一,其他,廠房,NaN,NaN,NaN,NaN,NaN,NaN,NaN,NaN,NaN,NaN,NaN,NaN,NaN,NaN,02-66377900,25.0625709,121.4697152,三重區
504,翌朔股份有限公司,新北市三重區光復路二段196巷8號之一,其他,1樓,540,1020,540,1020,540,1020,540,1020,540,1020,NaN,NaN,NaN,NaN,89699596,25.0625709,121.4697152,三重區
505,新店陽光運動園區,新北市新店區停車場,其他,停車場票亭,420,1080,420,1080,420,1080,420,1080,420,1080,420,1080,420,1080,89699596,24.978282,121.5394822,新店區
506,新店親情河濱公園,新北市新店區停車場票亭,其他,停車場票亭,420,1080,420,1080,420,1080,420,1080,420,1080,420,1080,0,1080,89699596,24.978282,121.5394822,新店區
507,永和綠光河岸公園,新北市永和區光河岸停車場票亭,其他,停車場票亭,420,1080,420,1080,420,1080,420,1080,420,1080,420,1080,420,1080,89699596,25.0184016,121.5160388,永和區
508,三重淡水河畔停車場,新北市三重區停車場票亭,其他,停車場票亭,420,1080,420,1080,420,1080,420,1080,420,1080,420,1080,420,1080,89699596,25.0614534,121.4867114,三重區
509,新莊西盛環保河濱公園,新北市新莊區停車場票亭,其他,停車場票亭,420,1080,420,1080,420,1080,420,1080,420,1080,420,1080,420,1080,(02)2608-5707,25.0265985,121.4178347,新莊區
510,竹城松賀社區,新北市林口區源泉街62號,其他,社區大廳,0,1439,0,1439,0,1439,0,1439,0,1439,0,1439,0,1439,23815226,25.0727427,121.3567997,林口區
511,交通部臺灣鐵路管理局臺北運務段樹林站,新北市樹林區鎮前街112號,交通要衝,第二月臺第5車位置,300,0,300,0,300,0,300,0,300,0,300,0,300,0,23815226,24.9913202,121.4244453,樹林區
512,交通部臺灣鐵路管理局臺北運務段樹林站,新北市樹林區鎮前街112號,交通要衝,第三月臺第7車位置,300,0,300,0,300,0,300,0,300,0,300,0,300,0,23815226,24.9913202,121.4244453,樹林區
513,交通部臺灣鐵路管理局臺北運務段樹林站,新北市樹林區鎮前街112號,交通要衝,第一月臺第5車位置,300,0,300,0,300,0,300,0,300,0,300,0,300,0,02-23815226#4962,24.9913202,121.4244453,樹林區
514,國營臺灣鐵路股份有限公司臺北運務段鶯歌站,新北市鶯歌區東鶯里文化路68之1號,交通要衝,第一月台值班站長室門前,300,1439,300,1439,300,1439,300,1439,300,1439,300,1439,300,1435,02-29220908,24.9540419,121.355247,鶯歌區
515,鴻源汽車股份有限公司永和分公司,新北市永和區成功路1段80號,其他,永和區成功 路1段80號,480,1200,480,1200,480,1200,480,1200,480,1200,480,1200,540,1020,226100212,25.0103251,121.5145353,永和區
516,新北市八里垃圾焚化廠溫水游泳池(喬力達休閒管理有限公司),新北市八里區中山路三段413號,其他,入口處櫃檯旁,540,1260,540,1260,540,1260,540,1260,540,1260,540,1260,540,1260,2809-6266,25.1349399,121.3688815,八里區
517,國都汽車股份有限公司淡水服務廠,新北市淡水區中正東路二段59號,其他,顧客休息區,480,1200,480,1200,480,1200,480,1200,480,1200,480,1020,480,1020,26874518,25.1550463,121.4596249,淡水區
518,國都汽車股份有限公司樹林服務廠,新北市樹林區大安路40號,其他,客休室,480,1200,480,1200,480,1200,480,1200,480,1200,480,1020,480,1020,02-82122000轉2081,25.0027146,121.4270148,樹林區
519,景文科技大學,新北市新店區安忠路99號,學校、大型集會場所,圖資大樓,480,1260,480,1260,480,1260,480,1260,480,1260,720,1080,0,0,226657041,24.9521782,121.5105933,新店區
520,新北市政府警察局新店分局闊瀨派出所,新北市坪林區漁光里坪雙路3段6號,其他,闊瀨派出所1樓辦公室,0,1439,0,1439,0,1439,0,1439,0,1439,0,1439,0,1439,2283-5302,24.9656325,121.7712287,坪林區
521,國都汽車股份有限公司蘆洲服務廠,新北市蘆洲區正和街23號,其他,營業所展示間,510,1260,510,1260,510,1260,510,1260,510,1260,510,1260,510,1260,920736845,25.0821087,121.4699879,蘆洲區
522,北都汽車股份有限公司安坑服務廠,新北市新店區安和路二段251號,其他,結帳櫃檯旁,480,1200,480,1200,480,1200,480,1200,480,1200,480,1050,480,1020,927011107,24.9775094,121.5165124,新店區
523,智光學校財團法人新北市智光高級商工職業學校,新北市永和區中正路100號,學校、大型集會場所,健康中心門內,470,1325,470,1325,470,1325,470,1325,470,1325,NaN,NaN,NaN,NaN,02-82122000轉2550,24.9956412,121.5143155,永和區
524,景文科技大學,新北市新店區安忠路99號,學校、大型集會場所,電資館一樓電梯口,0,1435,0,1435,0,1435,0,1435,0,1435,0,1435,0,1435,,24.9521782,121.5105933,新店區
525,新北市立聯合醫院板橋院區,新北市板橋區英士路198號,其他,9樓陽光學堂,0,1439,0,1439,0,1439,0,1439,0,1439,0,1439,0,1439,02-86487808,25.0232911,121.4574246,板橋區
526,北都汽車股份有限公司汐止服務廠,新北市汐止區大同路3段110號,其他,1樓客休室,510,1050,510,1050,510,1050,510,1050,510,1050,NaN,NaN,NaN,NaN,(02)2661-6533,25.0770855,121.6710193,汐止區
527,新北市政府警察局新店分局桶壁派出所,新北市烏來區新烏路四段23號,其他,大門進來左手邊,0,1439,0,1439,0,1439,0,1439,0,1439,0,1439,0,1439,978695161,24.8754407,121.5457474,烏來區
528,新北市立聯合醫院,新北市三重區新北市三重區新北大道1段3號,其他,新北大道1段3號後棟2樓牙科門診對面,480,1020,480,1020,480,1020,480,1020,480,1020,480,720,NaN,NaN,(02)26381721分機203,25.0470319,121.4838873,三重區
529,新北市石門區公所,新北市石門區尖鹿里中山路66號,其他,行政大樓入口右側,480,1020,480,1020,480,1020,480,1020,480,1020,NaN,NaN,NaN,NaN,226876363,25.2912481,121.5677719,石門區
530,祥寶尊榮護理之家,新北市板橋區大觀路三段236號6樓,其他,新北市板橋區大觀路三段236號6F,480,1080,480,1080,480,1080,480,1080,480,1080,480,1080,480,1080,28968011#311,24.9922026,121.4296291,板橋區
531,國都汽車股份有限公司三重服務廠,新北市三重區溪尾街22號,其他,2樓客戶休息室,480,1200,480,1200,480,1200,480,1200,480,1200,480,1020,480,1020,28968011#311,25.0757306,121.491184,三重區
532,國都汽車股份有限公司土城服務廠,新北市土城區中央路三段4號,其他,國都豐田土城所廠一樓展示間,480,1200,480,1200,480,1200,480,1200,480,1200,480,1020,480,1020,2986-8011#311,24.970159,121.438756,土城區
533,國都汽車股份有限公司三重營業所,新北市三重區三重區重陽路一段10號,其他,營業所展示間,510,1200,510,1200,510,1200,510,1200,510,1200,480,1020,480,1020,931789085,25.0576073,121.4864958,三重區
534,新北市立聯合醫院,新北市三重區新北市三重區新北大道1段3號,其他,新北市立聯合醫院5樓健檢中心大門左側,480,1020,480,1020,480,1020,480,1020,480,1020,480,720,NaN,NaN,29960745-311,25.0470319,121.4838873,三重區
535,新北市立新泰國民中學,新北市新莊區新泰路359號,學校、大型集會場所,新泰國中健康中心旁穿堂,300,1110,300,1110,300,1110,300,1110,300,1110,360,1110,360,1110,02-26182287#129,25.0423785,121.4432967,新莊區
536,新北市私立聖心女子高級中學,新北市八里區龍米路一段263號,學校、大型集會場所,行政大樓,480,960,480,960,480,960,480,960,480,960,NaN,NaN,NaN,NaN,,25.1354563,121.4488318,八里區
537,輔仁大學,新北市新莊區中正路510號,學校、大型集會場所,國璽樓,0,1439,0,1439,0,1439,0,1439,0,1439,0,1439,0,1439,926322572,25.0135671,121.4120828,新莊區
538,家樂福淡新店,新北市淡水區中山北路二段383號,大型購物場所,二樓收銀線出口,540,1380,540,1380,540,1380,540,1380,540,1380,540,1380,540,1380,226616139,25.1879709,121.4436338,淡水區
539,新北市政府警察局新店分局孝義派出所,新北市烏來區孝義里阿玉路2號,其他,值班台旁,0,1439,0,1439,0,1439,0,1439,0,1439,0,1439,0,1439,8221-8618,24.8500698,121.5712935,烏來區
540,國都L中和廠,新北市中和區中山路2段546號,其他,服務廠客休室,510,1050,510,1050,510,1050,510,1050,510,1050,510,1050,510,1050,,25.0051463,121.4849388,中和區
541,世界健身中心新店店,新北市新店區中興路三段1號5樓,其他,大門入口明顯處,360,0,360,0,360,0,360,0,360,0,360,0,360,0,02-26667216#1671,24.9769964,121.5461308,新店區
542,台灣電力股份有限公司訓練所,新北市新店區新烏路3段81號,其他,守衛室,0,1439,0,1439,0,1439,0,1439,0,1439,0,1439,0,1439,29233316,24.9031259,121.553342,新店區
543,CURVES女性30分鐘環狀運動永和福合店,新北市永和區中正路608號4F,學校、大型集會場所,運動圓弧區,660,1260,660,1260,660,1260,660,1260,660,1260,600,810,NaN,NaN,02-85225030,25.0072135,121.5172223,永和區
544,鴻源汽車股份有限公司新莊分公司,新北市新莊區新北大道2段318號,其他,新莊區新北大道2段318號,480,1200,480,1200,480,1200,480,1200,480,1200,480,1200,540,1020,02-22210258,25.0611379,121.463663,新莊區
545,鴻源汽車股份有限公司中和分公司,新北市中和區中正路1155號,其他,中和區中正路1155號,480,1200,480,1200,480,1200,480,1200,480,1200,480,1200,540,1020,02-29926655,25.0082696,121.482067,中和區
546,裕信汽車股份有限公司 新莊分公司,新北市新莊區思源路40-1號,其他,客戶休息區,510,1140,510,1140,510,1140,510,1140,510,1140,510,1050,510,1050,26624453,25.0431818,121.4603873,新莊區
547,新北市政府環境保護局深坑區清潔隊,新北市深坑區深南路51-1號,其他,資源回收場休息室,480,1020,480,1020,480,1020,480,1020,480,1020,480,1020,NaN,NaN,29243919,25.0098708,121.6213628,深坑區
548,新北市私立竹林國民小學,新北市永和區竹林路34號,學校、大型集會場所,辦公室門口,480,1020,480,1020,480,1020,480,1020,480,1020,NaN,NaN,NaN,NaN,22811571#220,25.0145895,121.5170835,永和區
549,新北市立蘆洲國民中學,新北市蘆洲區中正路265號,學校、大型集會場所,健康中心外走廊,480,1320,480,1320,480,1320,480,1320,480,1320,480,1320,480,1320,26413300,25.0875048,121.4671226,蘆洲區
550,新北市汐止忠厚公共托育中心,新北市汐止區樟樹一路137巷26號2樓,其他,門口,450,1230,450,1230,450,1230,450,1230,450,1230,540,1020,510,750,2679-2474,25.0659879,121.640863,汐止區
551,新北市政府警察局三峽分局湖山派出所,新北市鶯歌區大湖路371號,其他,派出所一樓,0,1439,0,1439,0,1439,0,1439,0,1439,0,1439,0,1439,,24.9784496,121.3307632,鶯歌區
552,新北市政府警察局三峽分局橫溪派出所,新北市三峽區介壽路3段49號,其他,派出所一樓,0,1439,0,1439,0,1439,0,1439,0,1439,0,1439,0,1439,,24.9373571,121.3954828,三峽區
553,新北市政府警察局三峽分局吉埔派出所,新北市三峽區中正路二段451號,其他,新北市三峽區中正路二段451號,0,1439,0,1439,0,1439,0,1439,0,1439,0,1439,0,1439,,24.9064077,121.362271,三峽區
554,華藏教學園區,新北市深坑區大崙尾9號,其他,行政中心,480,1050,480,1050,480,1050,480,1050,480,1050,480,1050,480,1050,02-26182202#225,24.974763,121.616664,深坑區
555,新北市八里區米倉國民小學,新北市八里區龍米路2段129巷1號,學校、大型集會場所,禮堂門口,360,1080,360,1080,360,1080,360,1080,360,1080,NaN,NaN,NaN,NaN,982034632,25.1469458,121.4455037,八里區
556,環球購物中心股份有限公司林口第二分公司,新北市林口區文化三路一段2號,大型購物場所,三樓ATM旁,660,1320,660,1320,660,1320,660,1320,660,1320,660,1320,660,1320,02-24922064#336,25.0665822,121.3616718,林口區
557,萬里加投公共浴室,新北市萬里區加投路205-5號左側,大型公眾浴場或溫泉區,公共浴室階梯入口牆壁上,480,1200,480,1200,480,1200,480,1200,480,1200,480,1200,480,1200,2678-6063,25.2158716,121.6432855,萬里區
558,國都汽車股份有限公司鶯歌服務廠,新北市鶯歌區文化路146號,其他,服務廠客休室,480,1200,480,1200,480,1200,480,1200,480,1200,480,1020,480,1020,2809-3930,24.9507674,121.3520503,鶯歌區
559,國都汽車股份有限公司淡水營業所,新北市淡水區中正東路2段91號,其他,營業所展間,480,1200,480,1200,480,1200,480,1200,480,1200,480,1020,480,1020,2660-2288,25.1678474,121.4458912,淡水區
560,新北市汐止區農會橫科辦事處,新北市汐止區宜興街26號,其他,進門營業廳左手邊牆面上,510,960,510,960,510,960,510,960,510,960,NaN,NaN,NaN,NaN,,25.04166,121.6215801,汐止區
561,下罟市民活動中心,新北市八里區中山路一段175號,其他,下罟市民活動中心,480,1020,480,1020,480,1020,480,1020,480,1020,NaN,NaN,NaN,NaN,,25.1585731,121.4121427,八里區
562,CURVES女性30分鐘環狀運動蘆洲長樂店,新北市蘆洲區長樂路106-1號3樓,學校、大型集會場所,店舖內右側牆面,780,1260,780,1260,780,1260,780,1260,780,1260,570,780,NaN,NaN,26628767,25.0890778,121.4619443,蘆洲區
563,北都汽車股份有限公司深坑服務廠,新北市深坑區北深路三段47號,其他,顧客休息室,510,1050,510,1050,510,1050,510,1050,510,1050,510,1050,510,1050,26090977,25.0012153,121.6079844,深坑區
564,國都汽車股份有限公司丹鳳服務廠,新北市新莊區中正路717號,其他,服務廠客休室,480,1200,480,1200,480,1200,480,1200,480,1200,480,1020,480,1020,26090977,25.0289701,121.4242343,新莊區
565,國都汽車股份有限公司林口服務廠,新北市林口區文化一路一段35號,其他,服務廠客休室,480,1020,480,1020,480,1020,480,1020,480,1020,480,1020,480,1020,980883815,25.0693644,121.3703262,林口區
566,新北市中和國民運動中心,新北市中和區錦和路350之1號,學校、大型集會場所,主場館4樓,360,1320,360,1320,360,1320,360,1320,360,1320,360,1320,360,1320,2641-3333,24.9925766,121.4870424,中和區
567,新北市汐止區農會中正辦事處,新北市汐止區中正路106號2樓,其他,二樓進門營業廳左手邊牆面上,510,960,510,960,510,960,510,960,510,960,NaN,NaN,NaN,NaN,（02）26102217-1110,25.0695413,121.6610343,汐止區
568,新北市八里區八里國民小學,新北市八里區中山路2段338號,學校、大型集會場所,明德樓健康中心,480,960,480,960,480,960,480,960,480,960,NaN,NaN,NaN,NaN,2242-9222 分機111,25.1502446,121.4037903,八里區
569,新北市中和國民運動中心,新北市中和區錦和路350之1號,學校、大型集會場所,主場館2樓,360,1320,360,1320,360,1320,360,1320,360,1320,360,1320,360,1320,02-2911-3861#6229,24.9925766,121.4870424,中和區
570,台灣通用器材股份有限公司,新北市新店區寶橋路233號,其他,一樓餐廳停車場,960,960,960,960,960,960,960,960,960,960,960,960,960,960,(02)2622-6600,24.9789949,121.5509034,新店區
571,香港商世界健身事業有限公司淡水分公司,新北市淡水區大忠街89號2樓,學校、大型集會場所,2F客服櫃台旁,360,1439,360,1439,360,1439,360,1439,360,1439,360,1439,360,1439,02-2911-3861#6229,25.1776963,121.4463823,淡水區
572,台灣通用器材股份有限公司,新北市新店區寶橋路233號,其他,二樓提款機旁,960,960,960,960,960,960,960,960,960,960,960,960,960,960,2640-2200,24.9789949,121.5509034,新店區
573,新北市汐止區農會白雲辦事處,新北市汐止區力行街5號,其他,進門營業廳左手邊牆面上,510,960,510,960,510,960,510,960,510,960,NaN,NaN,NaN,NaN,2695-2621,25.051124,121.617295,汐止區
574,新北市汐止區農會社后辦事處,新北市汐止區康寧街412號,其他,進門營業廳左手邊牆面上,510,960,510,960,510,960,510,960,510,960,NaN,NaN,NaN,NaN,02-2911-3861#6229,25.0679582,121.6302937,汐止區
575,台灣通用器材股份有限公司,新北市新店區寶橋路233號,其他,一樓作業區,900,900,900,900,900,900,900,900,900,900,900,900,900,900,2643-2222,24.9789949,121.5509034,新店區
576,新北市汐止區農會大新辦事處,新北市汐止區忠孝東路240號,其他,進門營業廳左手邊牆面上,510,960,510,960,510,960,510,960,510,960,NaN,NaN,NaN,NaN,2694-6560,25.0670442,121.6626583,汐止區
577,新北市汐止區農會中興辦事處,新北市汐止區福德一路258號,其他,進門營業廳左手邊牆面上,510,960,510,960,510,960,510,960,510,960,NaN,NaN,NaN,NaN,2648-0842,25.0645641,121.633188,汐止區
578,新北市汐止區農會大同辦事處,新北市汐止區建成路78號,其他,進門營業廳左手邊牆面上,510,960,510,960,510,960,510,960,510,960,NaN,NaN,NaN,NaN,2226-0782,25.0729131,121.6631762,汐止區
579,國都汽車股份有限公司中和服務廠,新北市中和區健康路70號,其他,服務廠客休室,480,1200,480,1200,480,1200,480,1200,480,1200,480,1020,480,1020,930899388,25.0004027,121.4923048,中和區
580,台灣通用器材股份有限公司,新北市新店區寶橋路233號,其他,三樓飲水機旁,960,960,960,960,960,960,960,960,960,960,960,960,960,960,2647-8899,24.9789949,121.5509034,新店區
581,新北市汐止區農會附設幼兒園,新北市汐止區長江街39巷26號,其他,入園後右手邊牆面上,480,990,480,990,480,990,480,990,480,990,NaN,NaN,NaN,NaN,26416666#252,25.072369,121.655324,汐止區
582,新北市汐止區農會休閒中心,新北市汐止區汐萬路三段246號,其他,進門營業廳右手邊牆面上,540,960,540,960,540,960,540,960,540,960,NaN,NaN,NaN,NaN,02-2911-3861#6229,25.097422,121.642402,汐止區
583,台灣通用器材股份有限公司,新北市新店區寶橋路233號,其他,二樓飲水機旁,960,960,960,960,960,960,960,960,960,960,960,960,960,960,28968011#311,24.9789949,121.5509034,新店區
584,國都汽車股份有限公司北板橋服務廠,新北市板橋區中山路2段427號,其他,服務廠客休室,510,1140,510,1140,510,1140,510,1140,510,1140,510,1140,510,1140,02-29180887,25.0199787,121.4810399,板橋區
585,北都汽車股份有限公司新店服務廠,新北市新店區寶橋路233-1號,其他,客戶休息室入口,450,1230,450,1230,450,1230,450,1230,450,1230,510,1050,510,1050,2647-6976,24.9807206,121.5511456,新店區
586,新北市汐止區農會樟樹辦事處,新北市汐止區樟樹一路156號,其他,進大門右手邊牆面上,510,960,510,960,510,960,510,960,510,960,NaN,NaN,NaN,NaN,25158747,25.0656283,121.6423262,汐止區
587,國都汽車股份有限公司新莊服務廠,新北市新莊區中正路70-2號,其他,服務廠客休室,510,1050,510,1050,510,1050,510,1050,510,1050,510,1050,510,1050,02-86682020,25.0383653,121.4591795,新莊區
588,香港商世界健身事業有限公司景平分公司,新北市中和區景平路182號,學校、大型集會場所,客服櫃台,360,0,360,0,360,0,360,0,360,0,360,0,360,0,26416666,24.9924062,121.5164357,中和區
589,新北市汐止區農會信用部,新北市汐止區新台五路一段207號,其他,營業廳左手邊牆面上,510,960,510,960,510,960,510,960,510,960,NaN,NaN,NaN,NaN,02-2911-3861#6229,25.0637253,121.6567136,汐止區
590,台灣通用器材股份有限公司,新北市新店區寶橋路233號,其他,一樓倉庫外,960,960,960,960,960,960,960,960,960,960,960,960,960,960,,24.9789949,121.5509034,新店區
591,新北市立金山高級中學,新北市金山區文化二路2號,學校、大型集會場所,教務處內,450,1020,450,1020,450,1020,450,1020,450,1020,NaN,NaN,NaN,NaN,0289703225-119,25.2245744,121.6369778,金山區
592,新北市立桃子腳國民中小學,新北市樹林區學勤路555號,學校、大型集會場所,k棟圓庭,360,1260,360,1260,360,1260,360,1260,360,1260,360,1140,360,1140,22725015-825,24.9489786,121.3829584,樹林區
593,新北市立大觀國民中學,新北市板橋區僑中一街1號,學校、大型集會場所,校門口旁警衛室,480,1020,480,1020,480,1020,480,1020,480,1020,NaN,NaN,NaN,NaN,02-2248-2688#189,25.0111215,121.4482954,板橋區
594,新北市中和區公所,新北市中和區景平路634-2號,其他,一樓服務中心旁,480,1020,480,1020,480,1020,480,1020,480,1020,NaN,NaN,NaN,NaN,02-89519119*6418,24.9986295,121.5007544,中和區
595,新北市政府消防局,新北市板橋區南雅南路二段15號,其他,收發室前,480,1080,480,1080,480,1080,480,1080,480,1080,NaN,NaN,NaN,NaN,29545725#526,25.0009771,121.4541434,板橋區
596,新北市板橋區海山國民小學,新北市板橋區漢生東路280號,學校、大型集會場所,穿堂,480,960,480,960,480,960,480,960,480,960,NaN,NaN,NaN,NaN,988652337,25.0094765,121.4708245,板橋區
597,新北市新店區安坑國民小學,新北市新店區安忠路36號(安坑國民小學),學校、大型集會場所,林來樓(仁愛樓)校門旁之警衛室,480,1260,480,1260,480,1260,480,1260,480,1260,480,1260,480,1260,2958-3363,24.9610066,121.5135319,新店區
598,國都汽車股份有限公司北永和服務廠,新北市永和區保生路55號,其他,服務廠展間,480,1200,480,1200,480,1200,480,1200,480,1200,480,1020,480,1020,,25.0102004,121.5044097,永和區
599,迪卡儂中和店,新北市中和區中山路二段228號1-3樓,大型購物場所,2樓服務台前,570,1320,570,1320,570,1320,570,1320,570,1320,570,1350,570,1320,26213783#621,25.0029163,121.4989253,中和區
600,新北市淡水區興仁國民小學,新北市淡水區興仁路101巷10號,學校、大型集會場所,穿堂,360,1140,360,1140,360,1140,360,1140,360,1140,480,1110,480,1110,26211347-17,25.2174106,121.4507958,淡水區
601,新北市淡水區水源國民小學,新北市淡水區北新路2段15號,學校、大型集會場所,警衛室(從北新路2段17巷進入),360,1110,360,1110,360,1110,360,1110,360,1110,480,960,480,960,(02)22732000*575,25.1859005,121.4761463,淡水區
602,新北市土城區頂新市民活動中心,新北市土城區中央路四段283之1號,其他,大門入口左側牆壁,540,1260,540,1260,540,1260,540,1260,540,1260,NaN,NaN,NaN,NaN,(02)29103483轉725,24.9527305,121.4118191,土城區
603,新北市新店區新店國民小學,新北市新店區新店路2號,學校、大型集會場所,健康中心外面,420,1290,420,1290,420,1290,420,1290,420,1290,420,1290,420,1290,928135144,24.9529007,121.5401528,新店區
604,福華電子股份有限公司,新北市三峽區中正路一段393號,其他,醫務室外,470,1070,470,1070,470,1070,470,1070,470,1070,NaN,NaN,NaN,NaN,932689719,24.9216319,121.3706682,三峽區
605,全真概念健康事業股份有限公司中和分館,新北市中和區中山路二段291號8-9樓,學校、大型集會場所,9樓樓梯口右手邊,360,0,360,0,360,0,360,0,360,0,360,0,360,0,928846103,25.0018849,121.4957431,中和區
606,新北市五股區公所,新北市五股區中興路四段50號,其他,服務台對面,480,1080,480,1080,480,1080,480,1080,480,1080,NaN,NaN,NaN,NaN,980116186,25.0830835,121.4380729,五股區
607,CURVES女性30分鐘環狀運動三峽店,新北市三峽區文化路65巷8號3樓,學校、大型集會場所,新北市三峽區文化路65巷8號3樓,870,1230,870,1230,870,1230,870,1230,870,1230,600,780,NaN,NaN,987149111,24.935738,121.3720564,三峽區
608,土城秀泰影城股份有限公司,新北市土城區學府路2段210號,大型休閒場所,1樓驗票口後方,570,120,570,120,570,120,570,120,570,120,540,120,540,120,02-22724979,24.9788137,121.445079,土城區
609,臺北捷運板橋站BL07,新北市板橋區站前路5號,交通要衝,B1通道層靠近桌球區,360,1439,360,1439,360,1439,360,1439,360,1439,360,1439,360,1439,02-86625852,25.0143209,121.463561,板橋區
610,東南科技大學,新北市深坑區北深路3段152號,學校、大型集會場所,中山樓一樓夢初體育館門口,0,1439,0,1439,0,1439,0,1439,0,1439,0,1439,0,1439,229105577,25.0031,121.6048287,深坑區
611,合環御寶社區B棟,新北市新店區寶強路18號,其他,B棟一樓大廳,0,1439,0,1439,0,1439,0,1439,0,1439,0,1439,0,1439,229105577,24.9790187,121.5447339,新店區
612,合環御寶社區A棟,新北市新店區寶強路8號,其他,A棟一樓大廳,0,1439,0,1439,0,1439,0,1439,0,1439,0,1439,0,1439,229105577,24.9786071,121.5439828,新店區
613,合環御景社區,新北市新店區寶橋路78巷11號,其他,社區大廳,0,0,0,0,0,0,0,0,0,0,0,0,0,0,921817076,24.9748065,121.5476394,新店區
614,財團法人旺英衛教基金會,新北市新店區永新街30號1樓,其他,財團法人旺英衛教基金會,510,1065,510,1065,510,1065,510,1065,510,1065,NaN,NaN,NaN,NaN,0229062242#311,24.9751868,121.544097,新店區
615,財團法人天主教主顧修女會附設新北市私立泰山奇蹟之家綜合長照機構（泰山奇蹟之家公共托老中心）,新北市泰山區新生路4號,其他,日照無障礙廁所前,450,1080,450,1080,450,1080,450,1080,450,1080,NaN,NaN,NaN,NaN,02-29262121#267,25.0449261,121.4281693,泰山區
616,新北市私立復興高級商工職業學校,新北市永和區秀朗路一段201號,學校、大型集會場所,西側門口會客室(警衛室)內,420,1350,420,1350,420,1350,420,1350,420,1350,NaN,NaN,NaN,NaN,(02)2208-3333,25.0037409,121.5185334,永和區
617,香港商世界健身事業有限公司新莊分公司,新北市新莊區民安路188巷5號,學校、大型集會場所,World gym-3樓有氧教室,360,1439,360,1439,360,1439,360,1439,360,1439,360,1439,360,1439,989104633,25.0230568,121.4247951,新莊區
618,健身工廠中和廠,新北市中和區景平路188號4樓,學校、大型集會場所,健身房入口處牆面上方,360,1439,360,1439,360,1439,360,1439,360,1439,360,1439,480,1439,978371396,24.9923771,121.5165815,中和區
619,愛悅養護中心,新北市三重區光復路二段126巷6號,其他,一樓大廳,0,1439,0,1439,0,1439,0,1439,0,1439,0,1439,0,1439,02-22075911分機759,25.0586855,121.4710019,三重區
620,新北市政府違章建築拆除大隊(新北市新豐綜合行政大樓7樓),新北市新莊區樹新路222號7樓,其他,新北市新豐綜合行政大樓7樓,510,1050,510,1050,510,1050,510,1050,510,1050,NaN,NaN,NaN,NaN,939998379,25.0003262,121.4312436,新莊區
621,遠百愛買南雅分公司,新北市板橋區貴興路101號,大型購物場所,客服中心,510,1380,510,1380,510,1380,510,1380,510,1380,510,1380,510,1380,(02)2258-8886#207,25.0017697,121.4569554,板橋區
622,新北市板橋國民運動中心,新北市板橋區智樂路6號,學校、大型集會場所,一樓泳池外,360,1320,360,1320,360,1320,360,1320,360,1320,360,1320,360,1320,02-26808001,25.022699,121.4577278,板橋區
623,新北市樹林地政事務所,新北市樹林區地政街12號,其他,本所1樓樓梯旁,NaN,NaN,NaN,NaN,NaN,NaN,NaN,NaN,NaN,NaN,NaN,NaN,NaN,NaN,(02)2258-8886#207,24.9715947,121.3946979,樹林區
624,新北市板橋國民運動中心,新北市板橋區智樂路6號,學校、大型集會場所,三樓體適能中心外,360,1320,360,1320,360,1320,360,1320,360,1320,360,1320,360,1320,0226651715轉20,25.022699,121.4577278,板橋區
625,新北市石碇區雲海國民小學,新北市石碇區北宜路五段坑內巷1號,學校、大型集會場所,一樓體育教室前,420,1020,420,1020,420,1020,420,1020,420,1020,420,1020,420,1020,958242598,24.9530475,121.6367772,石碇區
626,新北市貢寮區貢寮國民小學,新北市貢寮區學苑街7號,學校、大型集會場所,校門口警衛室,420,1199,420,1199,420,1199,420,1199,420,1199,420,1140,420,1140,24903727*142,25.0216217,121.9142796,貢寮區
627,新北市立豐珠中學,新北市貢寮區美豐里雞母嶺街6之6號,學校、大型集會場所,健康中心,480,960,480,960,480,960,480,960,480,960,600,840,NaN,NaN,24080417#18,25.0638753,121.9018178,貢寮區
628,新北市金山區三和國民小學,新北市金山區重和里六股林口38號,學校、大型集會場所,健康中心旁,360,1080,360,1080,360,1080,360,1080,360,1080,480,960,480,960,22722181#1351,25.222103,121.610791,金山區
629,國立臺灣藝術大學,新北市板橋區大觀路一段59號,學校、大型集會場所,學生第一女宿舍,720,720,720,720,720,720,720,720,720,720,720,720,720,720,,25.005238,121.4475927,板橋區
630,二叭子植物園,新北市新店區新北市新店區雙城路279號,觀光旅遊地區,二叭子植物園,420,1020,420,1020,420,1020,420,1020,420,1020,420,1020,420,1020,,24.9382136,121.5009223,新店區
631,新店建國游泳池,新北市新店區新北市新店區建國路58號,其他,新店建國遊泳池,330,1260,330,1260,330,1260,330,1260,330,1260,330,1260,330,1260,02-2636-0303#1138,24.9752995,121.5406915,新店區
632,馬偕醫學院,新北市三芝區中正路三段46號,學校、大型集會場所,女宿AB棟,NaN,NaN,NaN,NaN,NaN,NaN,NaN,NaN,NaN,NaN,NaN,NaN,NaN,NaN,,25.251791,121.4966056,三芝區
633,新北市新店區大豐社福館,新北市新店區民族路110號,其他,1樓服務櫃臺,480,1260,480,1260,480,1260,480,1260,480,1260,480,1260,480,1020,0229112281分機1108,24.9770732,121.53746,新店區
634,新北市新店區公所,新北市新店區北新路1段86號8樓,其他,電梯出口右方,480,1050,480,1050,480,1050,480,1050,480,1050,NaN,NaN,NaN,NaN,26884366分機816,25.1793394,121.4507516,新店區
635,交通部公路總局臺北區監理所,新北市樹林區中正路248巷7號,其他,進大門右側動保辦公室旁,480,1020,480,1020,480,1020,480,1020,480,1020,NaN,NaN,NaN,NaN,02-26616260,25.0091559,121.4189102,樹林區
636,新北市政府警察局新店分局德拉楠派出所,新北市烏來區福山里李茂岸30號,其他,值班台後方,0,1439,0,1439,0,1439,0,1439,0,1439,0,1439,0,1439,(02)2217-1146,24.7622062,121.5141615,烏來區
637,新北市政府警察局新店分局青潭派出所,新北市新店區北宜路2段417號,其他,派出所1樓,0,1439,0,1439,0,1439,0,1439,0,1439,0,1439,0,1439,02-26631285,24.9545715,121.560142,新店區
638,新北市政府警察局新店分局楓子林派出所,新北市石碇區豐林里楓子林32號,其他,1樓進大門右側,0,1439,0,1439,0,1439,0,1439,0,1439,0,1439,0,1439,02-29053731#108,25.009234,121.642001,石碇區
639,輔仁大學,新北市新莊區中正路510號,學校、大型集會場所,舒德樓1樓,540,1290,540,1290,540,1290,540,1290,540,1290,540,1080,NaN,NaN,22159265,25.0135671,121.4120828,新莊區
640,新北市政府警察局新店分局雙城派出所,新北市新店區安康路三段209號,其他,值班台左側,0,1439,0,1439,0,1439,0,1439,0,1439,0,1439,0,1439,02-29640332,24.9516217,121.4877759,新店區
641,新北市政府警察局海山分局偵查隊,新北市板橋區漢生東路195號4樓,其他,分局4樓偵查隊,0,1439,0,1439,0,1439,0,1439,0,1439,0,1439,0,1439,02-22968860,25.0114015,121.4700483,板橋區
642,新北市泰山國民運動中心,新北市泰山區全興路167號,學校、大型集會場所,3樓球場入口,360,1320,360,1320,360,1320,360,1320,360,1320,360,1320,360,1320,02-22968860,25.0559019,121.4345001,泰山區
643,新北市泰山國民運動中心,新北市泰山區全興路167號,學校、大型集會場所,一樓大廳左邊,360,1320,360,1320,360,1320,360,1320,360,1320,360,1320,360,1320,(02)2253-4417#122,25.0559019,121.4345001,泰山區
644,新北市藝文中心,新北市板橋區莊敬路62號,大型休閒場所,演藝廳大廳男廁旁,540,1020,540,1020,540,1020,540,1020,540,1020,540,1020,540,1020,26028555*350,25.0256921,121.4715387,板橋區
645,新北市立佳林國民中學,新北市林口區中山路268號,學校、大型集會場所,佳林國中健康中心內，進門右前方牆上,480,990,480,990,480,990,480,990,480,990,NaN,NaN,NaN,NaN,(02)2610-2621#361,25.0803973,121.3842176,林口區
646,新北市八里區公所,新北市八里區八里大道18號,其他,行政大樓1F大廳,480,1020,480,1020,480,1020,480,1020,480,1020,NaN,NaN,NaN,NaN,,25.1537592,121.4064305,八里區
647,台北矽谷二期,新北市新店區北新路3段219號15樓,其他,15樓電梯旁,0,1439,0,1439,0,1439,0,1439,0,1439,0,1439,0,1439,0928-094-933,24.9856896,121.5400033,新店區
648,台北新板希爾頓酒店,新北市板橋區民權路88號,旅宿場所,三樓圓滿廳外,0,1439,0,1439,0,1439,0,1439,0,1439,0,1439,0,1439,02-8671-4596,25.0113936,121.4624905,板橋區
649,悅灣悠悅社區,新北市三峽區民生街1巷6-1號,其他,悅灣悠悅社區接待大廳,0,1439,0,1439,0,1439,0,1439,0,1439,0,1439,0,1439,02-29509750#118,24.9364997,121.3773372,三峽區
650,新板藝廊,新北市板橋區漢生東路166號3樓,大型休閒場所,新板藝廊3樓,600,1080,600,1080,600,1080,600,1080,600,1080,600,1080,600,1080,29298830,25.01472,121.467015,板橋區
651,美麗永安藝文中心,新北市中和區中和路390號2樓,大型休閒場所,2樓第二閱覽室置物櫃旁,540,1020,540,1020,540,1020,540,1020,540,1020,540,1020,540,1020,972126508,25.0024385,121.5110921,中和區
652,彰化商業銀行中和分行,新北市中和區中和路182號,其他,一樓營業廳大門進入右側柱子旁,540,930,540,930,540,930,540,930,540,930,NaN,NaN,NaN,NaN,02-22191131#5322,24.999564,121.5049732,中和區
653,新北市耕莘健康管理專科學校,新北市新店區民族路112號,學校、大型集會場所,聖母樓1F右側廁所外,0,1439,0,1439,0,1439,0,1439,0,1439,0,1439,0,1439,2281-0338#221,24.978097,121.5390352,新店區
654,新北市蘆洲國民運動中心,新北市蘆洲區長樂路235-1號,學校、大型集會場所,3樓健身房,360,1320,360,1320,360,1320,360,1320,360,1320,360,1320,360,1320,22259469分機511,25.0911212,121.4620618,蘆洲區
655,新北市立自強國民中學,新北市中和區莒光路191號,學校、大型集會場所,警衛室,420,1080,420,1080,420,1080,420,1080,420,1080,480,1020,480,1020,,24.9988883,121.4726542,中和區
656,AnytimeFitness板橋店,新北市板橋區雙十路二段235號1樓,學校、大型集會場所,AnytimeFitness板橋店2F,540,1320,540,1320,540,1320,540,1320,540,1320,540,1320,540,1320,909862381,25.0294516,121.4728368,板橋區
657,新北市土城國民運動中心,新北市土城區金城路二段247之1號,學校、大型集會場所,3樓綜合球場，進門右手邊角落處,360,1320,360,1320,360,1320,360,1320,360,1320,360,1320,360,1320,,24.9835823,121.4567102,土城區
658,新北市新莊勞工中心,新北市新莊區新樹路222號,其他,中心大門入口左側,510,1290,510,1290,510,1290,510,1290,510,1290,510,990,510,990,29683600#275,25.0202479,121.4336092,新莊區
659,府中15場館,新北市板橋區府中路15號,大型休閒場所,館舍4樓電梯口,570,1020,570,1020,570,1020,570,1020,570,1020,570,1020,570,1020,02-22191131#5322,25.0093886,121.4596142,板橋區
660,新北市耕莘健康管理專科學校,新北市新店區民族路112號,學校、大型集會場所,聖母樓9F交誼廳外,0,1439,0,1439,0,1439,0,1439,0,1439,0,1439,0,1439,983216933,24.978097,121.5390352,新店區
661,法務部調查局幹部訓練所,新北市新店區北宜路二段295號,其他,展抱樓籃球場B2,360,1320,360,1320,360,1320,360,1320,360,1320,510,1290,510,1290,,24.9538169,121.5556876,新店區
662,法務部調查局新北市調查處,新北市板橋區漢生東路193巷2號,其他,新北市調查處,960,960,960,960,960,960,960,960,960,960,960,960,960,960,2248-9826,25.011929,121.4709846,板橋區
663,景安護理之家,新北市中和區景安路50號4樓,其他,新北市中和區景安路50號4樓,0,1380,0,1380,0,1380,0,1380,0,1380,0,1380,0,1380,02-2226-1881,24.9980037,121.506804,中和區
664,皇家護理之家,新北市中和區中山路2段562號5樓,其他,護理站前,0,1439,0,1439,0,1439,0,1439,0,1439,0,1439,0,1439,(02)26186953,25.005198,121.4830081,中和區
665,新北市私立聖心國民小學,新北市八里區龍米路一段261號,學校、大型集會場所,總務處門口,480,955,480,955,480,955,480,955,480,955,NaN,NaN,NaN,NaN,26255000,25.1344302,121.4504646,八里區
666,健身工廠淡水廠,新北市淡水區北新路182巷16號B1,學校、大型集會場所,重訓區,360,0,360,0,360,0,360,0,360,0,360,0,480,0,(02) 2972-8222,25.1779953,121.4490459,淡水區
667,香港商世界健身事業有限公司三重分公司,新北市三重區重新路二段78號1樓,學校、大型集會場所,1樓客服櫃台旁,360,0,360,0,360,0,360,0,360,0,360,0,360,0,02-86657733,25.0617709,121.4974781,三重區
668,香港商世界健身事業有限公司新店分公司,新北市新店區中興路三段1號5樓,學校、大型集會場所,入口處右側,360,0,360,0,360,0,360,0,360,0,360,0,360,0,02-29945801,24.9769964,121.5461308,新店區
669,竹城新東京社區管理委員會,新北市新莊區頭前路116-148號,其他,保全櫃檯旁牆邊,420,1380,420,1380,420,1380,420,1380,420,1380,420,1380,420,1380,0226819966#212,25.0527832,121.4625791,新莊區
670,新北市樹林國民運動中心,新北市樹林區中正路188-6號,學校、大型集會場所,1樓游泳池,360,1320,360,1320,360,1320,360,1320,360,1320,360,1320,360,1320,0226819966#212,25.0034382,121.4235758,樹林區
671,新北市樹林國民運動中心,新北市樹林區中正路188-6號,學校、大型集會場所,一樓棋藝閱覽區,360,1320,360,1320,360,1320,360,1320,360,1320,360,1320,360,1320,0226819966#212,25.0034382,121.4235758,樹林區
672,新北市樹林國民運動中心,新北市樹林區中正路188-6號,學校、大型集會場所,2樓球場櫃台,360,1320,360,1320,360,1320,360,1320,360,1320,360,1320,360,1320,,25.0034382,121.4235758,樹林區
673,三和護理之家,新北市三重區三和路4段103-2號6樓,其他,新北市三重區三和路4段103-2號6樓,NaN,NaN,NaN,NaN,NaN,NaN,NaN,NaN,NaN,NaN,NaN,NaN,NaN,NaN,226371887,25.0768498,121.4869018,三重區
674,懷仁國際股份有限公司,新北市三芝區圓山里石曹子坑32-4,其他,懷仁聖殿,540,1020,540,1020,540,1020,540,1020,540,1020,540,1020,540,1020,(02)26623116分機310,25.2170856,121.5427093,三芝區
675,新北市深坑區公所,新北市深坑區深坑街10號2樓,其他,2樓值星檯,480,1080,480,1080,480,1080,480,1080,480,1080,NaN,NaN,NaN,NaN,8285-3333,25.0025707,121.6159314,深坑區
676,財團法人新北市大樹社會福利基金會新北市蘆洲集賢公共托老中心,新北市蘆洲區集賢路245號3樓,其他,公共托老中心門口進入，面對櫃台之右邊。,480,1080,480,1080,480,1080,480,1080,480,1080,NaN,NaN,NaN,NaN,2910-7336,25.0848229,121.4816937,蘆洲區
677,寶興市民活動中心,新北市新店區寶中路65巷59號,其他,寶興市民活動中心,480,1260,480,1260,480,1260,480,1260,480,1260,480,1020,480,1020,937434440,24.9813932,121.5457078,新店區
678,上將食品有限公司,新北市新莊區幸福東路86號,其他,90號3樓員工教育訓練場所,480,1020,480,1020,480,1020,480,1020,480,1020,NaN,NaN,NaN,NaN,82821087,25.0495089,121.4643757,新莊區
679,新北市蘆洲區永安兒童公園市民活動中心,新北市蘆洲區永安北路二段42-6號,其他,銀髮族室,480,1020,480,1020,480,1020,480,1020,480,1020,480,1020,NaN,NaN,,25.0815628,121.481851,蘆洲區
680,魔力夢工廠親子健身房,新北市板橋區中山路一段一號23樓之一,其他,魔力夢工廠親子健身房,570,1320,570,1320,570,1320,570,1320,570,1320,570,1080,570,1080,02-26687071#2314,25.0072513,121.4596175,板橋區
681,大智通文化行銷股份有限公司,新北市樹林區佳園路二段70-1號,其他,玻璃門玄關處,0,1439,0,1439,0,1439,0,1439,0,1439,0,1439,0,1439,02-2261-2666,24.9600762,121.3905563,樹林區
682,香港商世界健身事業有限公司土城中央分公司,新北市土城區中央路二段191號,學校、大型集會場所,一樓大廳,360,0,360,0,360,0,360,0,360,0,360,0,360,0,82828294,24.9753886,121.44227,土城區
683,新北市蘆洲區溪墘湧蓮市民活動中心,新北市蘆洲區信義路65號,其他,管理員室外,480,1020,480,1020,480,1020,480,1020,480,1020,480,1020,NaN,NaN,02-2285-9885,25.0796471,121.4765368,蘆洲區
684,新北市蘆洲區水湳老人活動中心,新北市蘆洲區民族路426巷17號,其他,2樓閱覽室左側壁上,480,990,480,990,480,990,480,990,480,990,NaN,NaN,NaN,NaN,02-86625852,25.0927069,121.4730411,蘆洲區
685,東南科技大學,新北市深坑區北深路3段152號,學校、大型集會場所,志平樓5樓 電梯口外正前方,0,1439,0,1439,0,1439,0,1439,0,1439,0,1439,0,1439,02-8966-2926,25.0031,121.6048287,深坑區
686,財團法人台灣兒童暨家庭扶助基金會附設新北市私立家扶發展學園,新北市板橋區四川路二段245巷119號,學校、大型集會場所,園所大廳,480,1080,480,1080,480,1080,480,1080,480,1080,NaN,NaN,NaN,NaN,2673-3523,24.992763,121.4531391,板橋區
687,新北市立八里愛心教養院三峽日間托育中心,新北市三峽區新北市三峽區光明路71號7樓,其他,辦公室入口內左側,480,990,480,990,480,990,480,990,480,990,0,0,0,0,,24.9284222,121.3761849,三峽區
688,財團法人創世社會福利基金會附設新北市私立板橋創世清寒植物人安養院,新北市板橋區板橋區四川路2段16巷10號3樓,其他,新北市板橋區四川路2段16巷10號3樓,420,1380,420,1380,420,1380,420,1380,420,1380,420,1380,420,1380,28617294,24.997261,121.45627,板橋區
689,陽明山國家公園二子坪遊客服務站,新北市三芝區興華里車埕53-3號,觀光旅遊地區,二子坪遊客服務站入口左側,540,990,540,990,540,990,540,990,540,990,540,990,540,990,26362007#107,25.1877134,121.5218514,三芝區
690,新北市三芝區衛生所,新北市三芝區中山路一段12號,其他,入口處右側,480,1020,480,1020,480,1020,480,1020,480,1020,NaN,NaN,NaN,NaN,02-29053005,25.2584021,121.5007618,三芝區
691,輔仁大學,新北市新莊區中正路510號,學校、大型集會場所,淨心堂一樓,480,1290,480,1290,480,1290,480,1290,480,1290,NaN,NaN,480,720,02-26808874,25.0135671,121.4120828,新莊區
692,交通部臺灣鐵路管理局臺北運務段山佳站,新北市樹林區中山路三段108號,交通要衝,2樓大廳剪收票旁,300,1439,300,1439,300,1439,300,1439,300,1439,300,1439,300,1439,926610777,24.9725052,121.391917,樹林區
693,國賓影城(股)公司新莊分公司,新北市新莊區五工路66號3樓,大型休閒場所,三樓大廳近一廳旁,540,1439,540,1439,540,1439,540,1439,540,1439,540,1439,540,1439,(02)2201-9811分機125,25.0639992,121.4589388,新莊區
694,新北市政府環境保護局新莊區清潔隊,新北市新莊區瓊林路34號1樓,其他,新莊區清潔隊大樓1樓,480,1020,480,1020,480,1020,480,1020,480,1020,480,1020,NaN,NaN,(02)2636-8160,25.0310613,121.4487764,新莊區
695,新北市政府環境保護局三芝區清潔隊(廚餘場),新北市三芝區埔頭段234地號 (原:新小基隆段埔頭坑小段68-2地號_整編),其他,"大門入口正前方,地磅室內",390,1020,390,1020,390,1020,390,1020,390,1020,390,1020,NaN,NaN,022643-0403,25.256973,121.5014848,三芝區
696,新北市政府環境保護局汐止區清潔隊,新北市汐止區康寧街901號,其他,新北市政府環境保護局汐止區清潔隊,480,1020,480,1020,480,1020,480,1020,480,1020,480,1020,NaN,NaN,0972-178-371,25.0750905,121.6512902,汐止區
697,新北市政府環境保護局鶯歌區清潔隊,新北市鶯歌區新北市鶯歌區環河路175-18號,其他,停車場(國道3號高架橋下),480,1020,480,1020,480,1020,480,1020,480,1020,480,1020,480,1020,2924-1885,24.9355846,121.3459318,鶯歌區
698,新北市政府環境保護局永和區清潔隊資源回收場,新北市永和區保生路55-3號,其他,辦公室,420,1320,420,1320,420,1320,420,1320,420,1320,420,1320,NaN,NaN,24942221#201,25.0106781,121.5041903,永和區
699,新北市政府環境保護局貢寮區清潔隊,新北市貢寮區朝陽街1之2號,其他,貢寮區清潔隊車庫打卡機旁,420,960,420,960,420,960,420,960,420,960,420,960,NaN,NaN,,25.021618,121.9108921,貢寮區
700,新北市政府環境保護局淡水區清潔隊,新北市淡水區中正路2段18號對面,其他,淡水區清潔隊(停車場),480,1380,480,1380,480,1380,480,1380,480,1380,480,1380,NaN,NaN,24975496*20,25.181214,121.4204546,淡水區
701,新北市政府環境保護局瑞芳區清潔隊,新北市瑞芳區明燈路3段2號2樓,其他,瑞芳第一市場2樓,480,1020,480,1020,480,1020,480,1020,480,1020,480,1020,0,0,0979-396-530,25.1076136,121.8089135,瑞芳區
702,新北市政府環境保護局樹林區清潔隊,新北市樹林區八德街339號,其他,樹林區清潔隊,480,1080,480,1080,480,1080,480,1080,480,1080,480,1080,NaN,NaN,,24.9744033,121.4199705,樹林區
703,新北市政府環境保護局土城區清潔隊,新北市土城區永寧路高速公路橋下旁,其他,永寧場休息室,360,960,360,960,360,960,360,960,360,960,360,960,360,960,0956-667-688,24.9599759,121.4290506,土城區
704,新北市政府環境保護局三峽區清潔隊,新北市三峽區隆恩街243號,其他,辦公室1樓樓梯口,480,1020,480,1020,480,1020,480,1020,480,1020,480,1020,NaN,NaN,02-22723900-15,24.9407856,121.3576632,三峽區
705,新北市政府環境保護局直屬區清潔隊,新北市板橋區文化路一段18號,其他,新北市政府環境保護局直屬隊大樓1樓,480,1020,480,1020,480,1020,480,1020,480,1020,NaN,NaN,NaN,NaN,24951751,25.0107815,121.4586094,板橋區
706,新北市政府環境保護局平溪區清潔隊,新北市平溪區石筍尖18號附近屠宰場莊敬橋附近,其他,資收場休息室內,480,1020,480,1020,480,1020,480,1020,480,1020,480,1020,NaN,NaN,02-29018274分機2525,25.0254726,121.7341835,平溪區
707,勞動部勞動力發展署北基宜花金馬分署泰山職業訓練場,新北市泰山區貴子里致遠新村55之1號,其他,泰山職業訓練場,420,1350,420,1350,420,1350,420,1350,420,1350,420,1350,420,1020,,25.0317344,121.4120097,泰山區
708,勞動力發展署北基宜花金馬分署五股訓練場,新北市五股區五工五路47號一樓,學校、大型集會場所,五工五路47號五樓A503,480,600,480,600,480,600,480,600,480,600,480,600,480,600,226204280,25.066279,121.4494147,五股區
709,新北市政府警察局淡水分局警備隊,新北市淡水區中正路229號,公眾服務單位設施,淡水分局警備隊,0,1435,0,1435,0,1435,0,1435,0,1435,0,1435,0,1435,02-26204280,25.1725004,121.436635,淡水區
710,新北市政府警察局淡水分局賢孝派出所,新北市淡水區淡金路5段72號,公眾服務單位設施,淡水分局賢孝派出所,0,1439,0,1439,0,1439,0,1439,0,1439,0,NaN,0,1439,226204280,25.2335454,121.4546774,淡水區
711,新北市政府警察局淡水分局交通分隊,新北市淡水區中正東路40號,公眾服務單位設施,淡水分局交通分隊,0,1439,0,1439,0,1439,0,1439,0,1439,0,1439,0,1439,(02)2991-5111,25.1651957,121.4497468,淡水區
712,新光人壽新莊大樓,新北市新莊區中正路149號,其他,一樓大門口室內,480,1140,480,1140,480,1140,480,1140,480,1140,NaN,NaN,NaN,NaN,932163416,25.0366152,121.4562532,新莊區
713,新北市政府警察局新店分局警備隊,新北市新店區北新路一段86號6樓,其他,值勤臺左側,0,1439,0,1439,0,1439,0,1439,0,1439,0,1439,0,1439,02-26667324,24.9674651,121.5421147,新店區
714,新北市政府警察局新店分局直潭派出所,新北市新店區直潭十街27號,其他,一樓面向值班台左後方支柱上。,0,1439,0,1439,0,1439,0,1439,0,1439,0,1439,0,1439,02-29467780,24.9386062,121.5345505,新店區
715,新北市政府警察局新店分局安和派出所,新北市新店區安和路三段一號,其他,一樓民眾休息室入口左側牆面,0,1439,0,1439,0,1439,0,1439,0,1439,0,1439,0,1439,978853978,24.9828371,121.5179435,新店區
716,新北市政府警察局新店分局漁光派出所,新北市坪林區大舌湖24號,其他,進大門左側,0,1439,0,1439,0,1439,0,1439,0,1439,0,1439,0,1439,0982-515723,24.968063,121.730538,坪林區
717,新北市政府警察局交通警察大隊新店分隊,新北市新店區北新路一段86號7樓,其他,3樓值班台左前方牆壁旁,0,1439,0,1439,0,1439,0,1439,0,1439,0,1439,0,1439,02-29083119,24.9676021,121.5417551,新店區
718,新北市政府警察局新莊分局丹鳳派出所,新北市新莊區新北市新莊區雙鳳路75號,其他,ㄧ樓大廳,0,1439,0,1439,0,1439,0,1439,0,1439,0,1439,0,1439,222022677,25.0275359,121.4148147,新莊區
719,新北市政府警察局新莊分局光華派出所,新北市新莊區新北市新莊區民安西路141號,其他,ㄧ樓大廳,0,1439,0,1439,0,1439,0,1439,0,1439,0,1439,0,1439,(02)2909-7947,25.0170181,121.4264313,新莊區
720,新北市政府警察局林口分局泰山分駐所,新北市泰山區泰林路2段214號,其他,ㄧ樓大廳,0,1439,0,1439,0,1439,0,1439,0,1439,0,1439,0,1439,(02)2605-2724,25.0616719,121.4331537,泰山區
721,新北市政府警察局林口分局瑞平派出所,新北市林口區瑞平里10鄰44號,其他,ㄧ樓大廳後方置物櫃旁,360,1439,360,1439,360,1439,360,1439,360,1439,360,1439,360,1439,(02)2606-2835,25.0983791,121.3874717,林口區
722,新北市政府警察局林口分局下福派出所,新北市林口區下福里99之1號,其他,ㄧ樓大廳值勤臺後方,360,1439,360,1439,360,1439,360,1439,360,1439,360,1439,360,1439,937846007,25.1150664,121.3095808,林口區
723,新北市三重區重新橋下計程車司機休息中心,新北市三重區疏洪十六路3-1號,其他,司機休息中心辦公室,540,1020,540,1020,540,1020,540,1020,540,1020,NaN,NaN,NaN,NaN,(02) 2961-2666,25.0508122,121.4822743,三重區
724,香港商世界健身事業有限公司板橋中山分公司,新北市板橋區中山路二段326號1樓,學校、大型集會場所,1樓大廳飲料機旁,360,0,360,0,360,0,360,0,360,0,360,0,360,0,22766326#223,25.0196221,121.4811534,板橋區
725,新北市立新莊國民中學,新北市新莊區中正路211號,學校、大型集會場所,學生活動中心與操場交接處開放空間,450,1290,450,1290,450,1290,450,1290,450,1290,480,1020,480,1020,911705573,25.0350605,121.451867,新莊區
726,好市多股份有限公司汐止分公司,新北市汐止區大同路一段158號,大型購物場所,1樓員休室樓梯口(育嬰室旁),600,1320,600,1320,600,1320,600,1320,600,1320,600,1320,600,1320,02-77312112,25.0562271,121.6335611,汐止區
727,好市多股份有限公司中和分公司,新北市中和區中山路二段347號2樓,大型購物場所,商品提貨區旁,600,1290,600,1290,600,1290,600,1290,600,1290,600,1290,600,1290,,25.0025603,121.4924664,中和區
728,淡江大學,新北市淡水區英專路151號,學校、大型集會場所,工學大樓3樓,480,1020,480,1020,480,1020,480,1020,480,1020,NaN,NaN,NaN,NaN,0970-256-799,25.1731907,121.448457,淡水區
729,林口MITSUI OUTLET PARK威秀影城,新北市林口區文化三路一段356號3F,大型休閒場所,3F大廳,600,60,600,60,600,60,600,60,600,60,570,150,570,150,,25.0713425,121.3653309,林口區
730,淡江大學,新北市淡水區英專路151號,學校、大型集會場所,商管大樓4樓,480,1020,480,1020,480,1020,480,1020,480,1020,NaN,NaN,NaN,NaN,,25.1731907,121.448457,淡水區
731,淡江大學,新北市淡水區英專路151號,學校、大型集會場所,松濤二館2樓,480,1020,480,1020,480,1020,480,1020,480,1020,NaN,NaN,NaN,NaN,919200462,25.1731907,121.448457,淡水區
732,大潤發流通事業股份有限公司中和分公司,新北市中和區景平路182號B1,大型購物場所,大潤發股份有限公司中和分公司B2入口右邊服務中心,450,1380,450,1380,450,1380,450,1380,450,1380,450,1380,450,1380,22286033,24.9924085,121.5164033,中和區
733,新北市政府警察局婦幼警察隊,新北市中和區中正路1167號8樓,其他,婦幼警察隊,0,1439,0,1439,0,1439,0,1439,0,1439,0,1439,0,1439,02-29219944,25.0092921,121.4813052,中和區
734,新北市政府警察局永和分局交通分隊,新北市永和區新生路36號,其他,分隊二樓,0,1439,0,1439,0,1439,0,1439,0,1439,0,1439,0,1439,02-22211890,25.0157654,121.5080331,永和區
735,新北市政府警察局交通警察大隊中和分隊,新北市中和區民安街158號,其他,交通分隊一樓,0,1439,0,1439,0,1439,0,1439,0,1439,0,1439,0,1439,(02)2225-5999轉4525,25.002455,121.4777782,中和區
736,新北市政府警察局交通警察大隊,新北市中和區中正路1167號4樓,其他,新北市政府警察局勤務大樓4樓交通警察大隊,0,1439,0,1439,0,1439,0,1439,0,1439,0,1439,0,1439,26746493,25.0092921,121.4813052,中和區
737,新北市政府警察局三峽分局偵查隊,新北市三峽區中正路一段48號,其他,偵查隊一樓辦公室,0,1439,0,1439,0,1439,0,1439,0,1439,0,1439,0,1439,26716955,24.9305324,121.3752242,三峽區
738,新北市政府警察局三峽分局警備隊,新北市三峽區中正路一段48號2樓,其他,新北市三峽區中正路一段48號2樓,0,1439,0,1439,0,1439,0,1439,0,1439,0,1439,0,1439,26710229,24.9305324,121.3752242,三峽區
739,新北市政府警察局交通警察大隊三峽分隊,新北市三峽區中正路二段451號2樓,其他,分隊2樓,0,1439,0,1439,0,1439,0,1439,0,1439,0,1439,0,1439,02-26781225,24.9064822,121.3622618,三峽區
740,新北市政府警察局三峽分局二橋派出所,新北市鶯歌區中正三路6號,其他,派出所一樓,0,1439,0,1439,0,1439,0,1439,0,1439,0,1439,0,1439,02-26720283,24.9423283,121.3389245,鶯歌區
741,新北市政府警察局三峽分局五寮派出所,新北市三峽區五寮路154號,其他,派出所一樓,360,1320,360,1320,360,1320,360,1320,360,1320,360,1320,360,1320,229723261,24.859283,121.359666,三峽區
742,新北市政府警察局三重分局大同派出所,新北市三重區大同南路155號,其他,派出所1樓,0,1439,0,1439,0,1439,0,1439,0,1439,0,1439,0,1439,02-29860655,25.0566991,121.4965624,三重區
743,新北市政府警察局三重分局光明派出所,新北市三重區過圳街46號,其他,派出所一樓,0,1439,0,1439,0,1439,0,1439,0,1439,0,1439,0,1439,,25.0607781,121.4871769,三重區
744,新北市政府警察局三重分局二重派出所,新北市三重區重新路五段406號,其他,所長辦公室外面,NaN,NaN,NaN,NaN,NaN,NaN,NaN,NaN,NaN,NaN,NaN,NaN,NaN,NaN,02-29955550,25.0474851,121.4759565,三重區
745,新北市政府警察局交通警察大隊三重分隊,新北市三重區光復路二段175號,其他,一樓進大門左側,0,1439,0,1439,0,1439,0,1439,0,1439,0,1439,0,1439,,25.061379,121.4724048,三重區
746,三重分局厚德派出所,新北市三重區三和路三段186號,其他,三重分局厚德派出所,0,1439,0,1439,0,1439,0,1439,0,1439,0,1439,0,1439,229789513,25.0735014,121.4920312,三重區
747,新北市政府警察局三重分局中興橋派出所,新北市三重區成功路21號,其他,派出所一樓,0,1439,0,1439,0,1439,0,1439,0,1439,0,1439,0,1439,02-29735094,25.0506181,121.4921812,三重區
748,新北市政府警察局三重分局長泰派出所,新北市三重區仁愛街15號,其他,新北市政府警察局三重分局長泰派出所一樓,0,1439,0,1439,0,1439,0,1439,0,1439,0,1439,0,1439,,25.0708628,121.4972509,三重區
749,社團法人台灣全民計程車司機協會,新北市三重區光復路二段168之2號,其他,服務中心內部,540,1020,540,1020,540,1020,540,1020,540,1020,NaN,NaN,NaN,NaN,24977468,25.0610842,121.4719886,三重區
750,新北市政府警察局交通警察大隊瑞芳分隊,新北市瑞芳區大寮路43號,其他,進大門左側,0,1439,0,1439,0,1439,0,1439,0,1439,0,1439,0,1439,02-24931340,25.0983752,121.7822209,瑞芳區
751,新北市政府警察局瑞芳分局牡丹派出所,新北市雙溪區牡丹路106號,其他,派出所一樓近所長室門口左側,360,1320,360,1320,360,1320,360,1320,360,1320,360,1320,360,1320,02-24576947,24.9971842,121.822098,雙溪區
752,新北市政府警察局瑞芳分局四腳亭派出所,新北市瑞芳區瑞竹路124號,其他,派出所一樓,0,1439,0,1439,0,1439,0,1439,0,1439,0,1439,0,1439,02-24901074,25.10419,121.7619372,瑞芳區
753,新北市政府警察局瑞芳分局澳底派出所,新北市貢寮區延平街36號,其他,進辦公室門口左側,0,1439,0,1439,0,1439,0,1439,0,1439,0,1439,0,1439,24903252,25.0564031,121.9245887,貢寮區
754,新北市政府警察局交通大隊澳底車禍處理小組,新北市貢寮區仁和路18-1號,其他,小組一樓,0,1439,0,1439,0,1439,0,1439,0,1439,0,1439,0,1439,02-24961528,25.0488738,121.9229355,貢寮區
755,新北市政府警察局瑞芳分局金瓜石派出所,新北市瑞芳區金光路51號,其他,一樓內休憩區旁。,0,1439,0,1439,0,1439,0,1439,0,1439,0,1439,0,1439,(02)24062608#9,25.1082477,121.8577975,瑞芳區
756,新北市政府警察局瑞芳分局偵查隊,新北市瑞芳區明燈路3段25號,其他,一樓偵查隊入口左側,0,1439,0,1439,0,1439,0,1439,0,1439,0,1439,0,1439,02-24941534,25.1075427,121.8077602,瑞芳區
757,新北市政府警察局瑞芳分局吉林派出所,新北市貢寮區吉林里枋腳街4號,其他,吉林派出所一樓,0,1439,0,1439,0,1439,0,1439,0,1439,0,1439,0,1439,02-24911579,25.0046336,121.8869574,貢寮區
758,新北市政府警察局瑞芳分局鼻頭派出所,新北市瑞芳區鼻頭路101號,其他,派出所1樓,0,1439,0,1439,0,1439,0,1439,0,1439,0,1439,0,1439,2266-5750#5053,25.1238229,121.9161502,瑞芳區
759,新北市政府警察局少年警察隊,新北市土城區和平路22號5樓,其他,少年警察隊,0,1439,0,1439,0,1439,0,1439,0,1439,0,1439,0,1439,(02)22789696#2173,24.973286,121.442932,土城區
760,藍天大樓,新北市三重區興德路129號,其他,藍天大樓一樓接待櫃檯旁,0,1380,0,1380,0,1380,0,1380,0,1380,0,1380,0,1380,,25.0533833,121.4703395,三重區
761,300壯士跨時代健身中心(三重店),新北市三重區正義北路154號B1,學校、大型集會場所,健身房入口處,0,1439,0,1439,0,1439,0,1439,0,1439,0,1439,0,1439,934168659,25.066275,121.496469,三重區
762,天鏡科技股份有限公司,新北市新莊區復興路一段3號五樓,其他,公司大廳入口處右側,570,1020,570,1020,570,1020,570,1020,570,1020,NaN,NaN,NaN,NaN,02-29111819*13,25.0416364,121.445502,新莊區
763,新北市政府社會局文山社會福利服務中心,新北市新店區中正路263巷16號5樓,其他,新北市政府文山社會福利服務中心,480,1080,480,1080,480,1080,480,1080,480,1080,NaN,NaN,NaN,NaN,02-22180866,24.9728789,121.537986,新店區
764,小胖威利病友關懷協會北區小作所,新北市新店區中正路512號2樓,其他,小作所玄關,510,1020,510,1020,510,1020,510,1020,510,1020,0,0,0,0,,24.983255,121.533963,新店區
765,新北市新泰社會福利服務中心,新北市新莊區福營路277號4樓,其他,新泰社福中心牆上,480,1080,480,1080,480,1080,480,1080,480,1080,NaN,NaN,NaN,NaN,02-2805-5731*102,25.0293364,121.4278179,新莊區
766,新北市政府社會局委託辦理淡水沙崙身心障礙者日間照顧中心,新北市淡水區沙崙路300號1樓,其他,新北市政府社會局委託辦理淡水沙崙身心障礙者日間照顧中心,480,1050,480,1050,480,1050,480,1050,480,1050,NaN,NaN,NaN,NaN,0226805868分機530,25.1869792,121.4277064,淡水區
767,尖點科技股份有限公司,新北市樹林區佳園路三段203號,其他,一樓大廳,510,1050,510,1050,510,1050,510,1050,510,1050,NaN,NaN,NaN,NaN,919488717,24.9471591,121.3852641,樹林區
768,柏文健康事業股份有限公司永和分公司,新北市永和區福和路103號B1,其他,柏文健康事業股份有限公司永和分公司,360,0,360,0,360,0,360,0,360,0,360,0,480,0,937180830,25.00774,121.521863,永和區
769,新北市坪林區公所,新北市坪林區坪林街101號,其他,大門右側,480,1020,480,1020,480,1020,480,1020,480,1020,NaN,NaN,NaN,NaN,0916-195-319,24.9360521,121.7116191,坪林區
770,健身工廠新店廠,新北市新店區北宜路一段2號2樓,學校、大型集會場所,健身工廠新店廠私人教練區,360,1439,360,1439,360,1439,360,1439,360,1439,360,1439,480,1439,02-32342186#234,24.9582109,121.5377593,新店區
771,埔墘行有限公司,新北市中和區員山路502號4樓之1,其他,女廁前,480,1030,480,1030,480,1030,480,1030,480,1030,NaN,NaN,NaN,NaN,(02) 8668-3600,25.0076495,121.4799841,中和區
772,香港商世界健身事業有限公司永和民權分公司,新北市永和區民權路53號B1,學校、大型集會場所,健身中心大門入口處,360,0,360,0,360,0,360,0,360,0,360,0,360,0,,24.9967049,121.5201964,永和區
773,新莊生命紀念館,新北市新莊區壽山路162之1號,其他,家屬休息區,480,1020,480,1020,480,1020,480,1020,480,1020,480,1020,480,1020,02-29929891#131,25.031117,121.4158433,新莊區
774,新北市新莊區公所,新北市新莊區中正路176號,其他,10樓禮堂,480,1020,480,1020,480,1020,480,1020,480,1020,NaN,NaN,NaN,NaN,02-24972250#1505,25.0358282,121.4503822,新莊區
775,新北市瑞芳區公所,新北市瑞芳區逢甲路82號,其他,一樓左側靠近公文收發處,480,1020,480,1020,480,1020,480,1020,480,1020,NaN,NaN,NaN,NaN,933234759,25.1088525,121.809907,瑞芳區
776,富弘家電股份有限公司,新北市五股區五權六路11號,其他,辦公室外,480,1050,480,1050,480,1050,480,1050,480,1050,0,0,0,0,965165237,25.0646078,121.4496956,五股區
777,法商台灣迪卡儂瑞芳倉庫,新北市瑞芳區楓子瀨路1巷9號F棟,其他,1F大廳,360,1320,360,1320,360,1320,360,1320,360,1320,360,1320,360,1320,965165237,25.1026587,121.7744872,瑞芳區
778,法商台灣迪卡儂瑞芳倉庫,新北市瑞芳區楓子瀨路1巷9號F棟,其他,2F餐廳,360,1320,360,1320,360,1320,360,1320,360,1320,360,1320,360,1320,(02)2264-2666,25.1026587,121.7744872,瑞芳區
779,香港商世界健身事業有限公司土城分公司,新北市土城區青雲路152號5樓,學校、大型集會場所,迪斯尼購物廣場5樓,360,0,360,0,360,0,360,0,360,0,360,0,360,0,982118222,24.9831458,121.4585622,土城區
780,香港商世界健身事業有限公司土城海山分公司,新北市土城區明德路二段62號B1,學校、大型集會場所,客服櫃台前方,360,1439,360,1439,360,1439,360,1439,360,1439,360,1439,360,1439,(02)2254-5000,24.9831786,121.4484579,土城區
781,香港商世界健身事業有限公司板橋雙十分公司,新北市板橋區雙十路二段143號B1,學校、大型集會場所,B1飲料販賣機旁,360,0,360,0,360,0,360,0,360,0,360,0,360,0,918920785,25.0280316,121.4746955,板橋區
782,香港商世界健身事業有限公司三重五華分公司,新北市三重區五華街282號4樓(世界健身),學校、大型集會場所,洽談區,360,0,360,1439,360,1439,360,1439,360,1439,360,1439,360,1439,(03)283-8888分機51004,25.0879576,121.4865522,三重區
783,桃園捷運A2三重站,新北市三重區捷運路36號,交通要衝,穿堂層詢問處附近(非付費區),360,1380,360,1380,360,1380,360,1380,360,1380,360,1380,360,1380,(03)283-8888分機51004,25.0552076,121.4831524,三重區
784,桃園捷運A6泰山貴和站,新北市泰山區新北大道六段460號,交通要衝,穿堂層公共男廁前(付費區),360,1380,360,1380,360,1380,360,1380,360,1380,360,1380,360,1380,933919676,25.0336124,121.4226432,泰山區
785,桃園捷運A3新北產業園區站,新北市新莊區五工路37號,交通要衝,穿堂層,360,1380,360,1380,360,1380,360,1380,360,1380,360,1380,360,1380,02-77159038,25.0616718,121.4589458,新莊區
786,好市多股份有限公司新莊分公司,新北市新莊區建國一路138號一樓,大型購物場所,賣場BI收銀機台前方,600,1290,600,1290,600,1290,600,1290,600,1290,600,1290,600,1290,02-77159038,25.0271307,121.4341972,新莊區
787,好市多股份有限公司新莊分公司,新北市新莊區建國一路138號一樓,大型購物場所,賣場一樓手扶梯上方,600,1290,600,1290,600,1290,600,1290,600,1290,600,1290,600,1290,226087165,25.0271307,121.4341972,新莊區
788,新北市政府警察局林口分局忠孝派出所,新北市林口區忠孝二路57號,其他,志工台旁,0,1439,0,1439,0,1439,0,1439,0,1439,0,1439,0,1439,2968-8299*21,25.070071,121.3633121,林口區
789,新北市立板橋幼兒園本園,新北市板橋區中正路375巷48號,其他,公共活動區域走廊,480,960,480,960,480,960,480,960,480,960,NaN,NaN,NaN,NaN,(02)86844111#4122,25.0202003,121.4535186,板橋區
790,中國砂輪企業股份有限公司樹林廠,新北市樹林區中山路二段151巷16號,其他,1樓大廳門口右手邊,480,1020,480,1020,480,1020,480,1020,480,1020,NaN,NaN,NaN,NaN,981656500,24.9769708,121.4078361,樹林區
791,艾克斯股份有限公司,新北市中和區新生街122號1樓及B1,學校、大型集會場所,B1大教室門外。,540,1439,540,1439,540,1439,540,1439,540,1439,540,1439,540,1439,920799896,25.001521,121.4834502,中和區
792,新北市立三重幼兒園,新北市三重區新北大道一段9號2樓,其他,幼兒園辦公室2樓,480,1020,480,1020,480,1020,480,1020,480,1020,NaN,NaN,NaN,NaN,(02)7749-3117,25.0611074,121.4891317,三重區
793,國立臺灣師範大學林口校區,新北市林口區仁愛路1段2號,學校、大型集會場所,體育館1樓,480,1020,480,1020,480,1020,480,1020,480,1020,NaN,NaN,NaN,NaN,02-26940000,25.0790108,121.3881378,林口區
794,香港商世界健身事業有限公司汐止分公司,新北市汐止區中興路168號2樓,學校、大型集會場所,客服櫃檯前方二樓往三樓手扶梯旁,360,0,360,0,360,0,360,0,360,0,360,0,360,0,02-2679-1931#4300,25.0652979,121.632174,汐止區
795,中國砂輪企業(股)有限公司-鶯歌廠,新北市鶯歌區中山路64號,其他,警衛室後方,0,1439,0,1439,0,1439,0,1439,0,1439,0,1439,0,1439,02-22765006 分機1008,24.957209,121.3514834,鶯歌區
796,新北市鶯歌區公有零售市場,新北市鶯歌區建國路108號,其他,休息室旁邊,480,780,480,780,480,780,480,780,480,780,480,780,480,780,02-22765006 分機1008,24.9543091,121.3531831,鶯歌區
797,新北市五股區公有零售市場,新北市五股區工商路3號,大型購物場所,一樓飲食區旁,NaN,NaN,NaN,NaN,NaN,NaN,NaN,NaN,NaN,NaN,NaN,NaN,NaN,NaN,02-22765006 分機1008,25.082923,121.4392282,五股區
798,新北市三峽區公有零售市場,新北市三峽區民生街186號,其他,市場1樓廁所旁,420,780,420,780,420,780,420,780,420,780,420,780,420,780,02-22765006 分機1008,24.934952,121.3710488,三峽區
799,新北市新莊區第一公有零售市場,新北市新莊區新莊路315號,其他,市場2樓管理室,240,720,240,720,240,720,240,720,240,720,240,720,240,720,02-22765006 分機1008,25.034009,121.4533746,新莊區
800,新北市板橋區黃石公有零售市場,新北市板橋區宮口街37號,其他,市場公告欄旁,0,1439,0,1439,0,1439,0,1439,0,1439,0,1439,0,1439,02-22765006 分機1008,25.0106871,121.4570245,板橋區
801,新北市淡水區中山公有零售市場,新北市淡水區中山路77號,其他,市場1樓管理室,360,780,360,780,360,780,360,780,360,780,360,780,360,780,02-22765006 分機1008,25.170338,121.4426546,淡水區
802,新北市泰山區公有零售市場,新北市泰山區全興路212號,其他,市場1樓電子看板旁,390,930,390,930,390,930,390,930,390,930,360,930,360,930,02-22765006 分機1008,25.0562788,121.4336296,泰山區
803,新北市樹林區保安攤集場,新北市樹林區保安街一段14巷,其他,管理室,360,720,360,720,360,720,360,720,360,720,360,720,360,720,02-22765006 分機1008,24.9949523,121.429016,樹林區
804,新北市板橋區湳興公有零售市場,新北市板橋區中興路63號,其他,市場1樓樓梯旁,0,1439,0,1439,0,1439,0,1439,0,1439,0,1439,0,1439,02-22765006 分機1008,25.0075829,121.4556158,板橋區
805,新北市新店區碧潭公有零售市場,新北市新店區新店路159號,其他,市場1樓樓梯旁,480,1020,480,1020,480,1020,480,1020,480,1020,480,1020,480,1020,02-22765006 分機1008,24.9553271,121.5370134,新店區
806,新北市汐止區林森攤集場,新北市汐止區汐止國道高速公路高架橋下（15K+265至15K+397處）,其他,市場管理室,420,780,420,780,420,780,420,780,420,780,420,780,420,780,02-22765006 分機1008,25.0818163,121.6685335,汐止區
807,新北市金山區第一公有零售市場,新北市金山區中山路188號,其他,市場1樓布告欄,360,780,360,780,360,780,360,780,360,780,360,780,360,780,02-22765006 分機1008,25.2214999,121.6380331,金山區
808,新北市汐止區中正市場,新北市汐止區中正路206號,其他,市場2樓管理室神龕旁,480,720,480,720,480,720,480,720,480,720,480,720,480,720,02-22765006 分機1008,25.0690631,121.6584601,汐止區
809,新北市新店區中央公有零售市場,新北市新店區中央5街60號,其他,市場1樓廁所旁,540,1080,540,1080,540,1080,540,1080,540,1080,540,1080,540,1080,02-22765006 分機1008,24.9752936,121.5278215,新店區
810,新北市蘆洲區永平公有零售市場,新北市蘆洲區永平街1號,其他,市場1樓側門(往廣場門)旁,360,780,360,780,360,780,360,780,360,780,360,780,360,780,02-22765006 分機1008,25.0903409,121.459313,蘆洲區
811,新北市淡水區中正美食廣場,新北市淡水區中正路115號,其他,市場1樓大門旁,660,1200,660,1200,660,1200,660,1200,660,1200,660,1200,660,1200,02-22765006 分機1008,25.1700261,121.4397925,淡水區
812,新北市貢寮區澳底公有零售市場,新北市貢寮區仁愛路79號,其他,市場1樓,360,720,360,720,360,720,360,720,360,720,360,720,360,720,02-22765006 分機1008,25.0546659,121.9268279,貢寮區
813,新北市瑞芳區第一公有零售市場,新北市瑞芳區明燈路3段2號,其他,市場1樓廁所旁,0,1439,0,1439,0,1439,0,1439,0,1439,0,1439,0,1439,02-22765006 分機1008,25.1076136,121.8089135,瑞芳區
814,新北市汐止區忠厚公有零售市場,新北市汐止區樟樹一路137巷26號,其他,市場1樓共食區旁,420,780,420,780,420,780,420,780,420,780,420,780,420,780,02-22765006 分機1008,25.0661257,121.6407433,汐止區
815,新北市汐止區金龍公有零售市場,新北市汐止區中興路250號,其他,市場1樓管理室,420,780,420,780,420,780,420,780,420,780,420,780,420,780,02-22765006 分機1008,25.0683778,121.629517,汐止區
816,新北市三重區重新公有零售市場,新北市三重區重新路一段87-6號,其他,市場1樓後門旁,540,1260,540,1260,540,1260,540,1260,540,1260,540,1260,540,1260,02-22765006 分機1008,25.063706,121.501212,三重區
817,新北市汐止區秀豐市場,新北市汐止區汐止火車站旁台鐵橋下,其他,市場辦公室,900,1140,900,1140,900,1140,900,1140,900,1140,900,1140,900,1140,02-22765006 分機1008,25.068315,121.661734,汐止區
818,新北市三重區中央公有零售市場,新北市三重區中央北路26號,其他,市場1樓後門佈告欄旁,480,780,480,780,480,780,480,780,480,780,480,780,480,780,02-22765006 分機1008,25.0644304,121.5006347,三重區
819,新北市蘆洲區蘆洲公有零售市場,新北市蘆洲區成功路160號,其他,市場1樓攤位共食區旁,660,1200,660,1200,660,1200,660,1200,660,1200,660,1200,660,1200,02-22765006 分機1008,25.0832562,121.4716408,蘆洲區
820,新北市三重區光明公有零售市場,新北市三重區重安街70號,大型購物場所,市場1樓前側出入口左側柱,540,900,540,900,540,900,540,900,540,900,540,900,540,900,02-22765006 分機1008,25.0569573,121.4916519,三重區
821,新北市永和區永安公有零售市場,新北市永和區安樂路431號,其他,市場1樓辦公室旁,420,840,420,840,420,840,420,840,420,840,420,840,420,840,02-22765006 分機1008,25.0044799,121.5142842,永和區
822,新北市中和區枋寮公有零售市場,新北市中和區中和路74號,其他,市場1樓樓梯旁,480,1140,480,1140,480,1140,480,1140,480,1140,480,1140,480,1140,02-22765006 分機1008,25.000504,121.501019,中和區
823,新北市汐止區觀光夜市,新北市汐止區水源路一段至新興路之台鐵橋下,其他,市場管理室,960,1260,960,1260,960,1260,960,1260,960,1260,960,1260,960,1260,02-22765006 分機1008,25.0623574,121.6559726,汐止區
824,新北市雙溪區公有零售市場,新北市雙溪區太平路50號,其他,市場1樓市場1樓清潔人員辦公室內,420,960,420,960,420,960,420,960,420,960,420,960,420,960,02-22765006 分機1008,25.035316,121.8646158,雙溪區
825,新北市瑞芳區瑞芳美食廣場,新北市瑞芳區民生街35巷2號,其他,市場1樓共食區旁,0,1439,0,1439,0,1439,0,1439,0,1439,0,1439,0,1439,02-22765006 分機1008,25.1070257,121.8062467,瑞芳區
826,新北市萬里區萬里公有零售市場,新北市萬里區瑪鋉路261號,其他,市場管理室,300,780,300,780,300,780,300,780,300,780,300,780,300,780,02-22765006 分機1008,25.1807789,121.6887922,萬里區
827,新北市萬里區萬里野柳臨時攤販集中場,新北市萬里區野柳里港東路攤販街2號（野柳風景特定區海洋地質公園前）,其他,市場攤位旁空間,540,1020,540,1020,540,1020,540,1020,540,1020,540,1020,540,1020,02-22765006 分機1008,25.205185,121.69136,萬里區
828,新北市永和區溪洲公有零售市場,新北市永和區勵行街42-1號,其他,市場1樓側門旁,420,840,420,840,420,840,420,840,420,840,420,840,420,840,26658020,25.0135193,121.5167281,永和區
829,新北市坪林遊客中心,新北市坪林區北宜路八段67號,其他,一樓大門入口右側,540,1020,540,1020,540,1020,540,1020,540,1020,540,1020,540,1020,8522-9968#120,24.9353442,121.7053616,坪林區
830,晶冠開發股份有限公司,新北市新莊區五工路66號,大型購物場所,1樓大廳服務台右側,660,1320,660,1320,660,1320,660,1320,660,1320,630,1320,630,1320,02-24962109,25.0638243,121.4585994,新莊區
831,時雨學校財團法人新北市私立時雨高級中學,新北市瑞芳區祈堂路217號,學校、大型集會場所,2樓教官室門口,480,1020,480,1020,480,1020,480,1020,480,1020,NaN,NaN,NaN,NaN,,25.1096182,121.8553557,瑞芳區
832,FIB健身俱樂部,新北市中和區景安路34號B1,學校、大型集會場所,FIB健身俱樂部B1,420,120,420,120,420,120,420,120,420,120,420,120,420,120,77177177,24.9983849,121.507064,中和區
833,江翠國小地下停車場,新北市板橋區文化路二段413號B1,其他,停車場B1管理室旁,0,1439,0,1439,0,1439,0,1439,0,1439,0,1439,0,1439,02-26192153,25.0322229,121.4732596,板橋區
834,新北市政府環境保護局八里垃圾掩埋場(古厝),新北市八里區下罟里中山路三段403號,其他,八里垃圾掩埋場(古厝),480,1020,480,1020,480,1020,480,1020,480,1020,NaN,NaN,NaN,NaN,910655069,25.1386196,121.3770657,八里區
835,新北市政府警察局瑞芳分局卯澳派出所,新北市貢寮區福連街18號,其他,卯澳派出所1樓值班台後方,360,1320,360,1320,360,1320,360,1320,360,1320,360,1320,360,1320,02-24901504,25.0129085,121.9879286,貢寮區
836,新北市政府警察局瑞芳分局和美派出所,新北市貢寮區和美街30號,其他,一樓值班臺前,480,1320,480,1320,480,1320,480,1320,480,1320,480,1320,480,1320,02-24931744,25.0829116,121.9135665,貢寮區
837,新北市政府警察局瑞芳分局柑腳派出所,新北市雙溪區長源里柑腳19號,其他,進大門左側,0,1439,0,1439,0,1439,0,1439,0,1439,0,1439,0,1439,02-24961529,25.014873,121.804111,雙溪區
838,新北市政府警察局瑞芳分局水湳洞派出所,新北市瑞芳區洞頂路8號,其他,一樓左側,480,NaN,480,NaN,480,NaN,480,NaN,480,NaN,NaN,1320,480,1320,02-24972009,25.121638,121.8619316,瑞芳區
839,新北市政府警察局瑞芳分局瑞濱派出所,新北市瑞芳區建基路一段5之1號,其他,備勤室入口左側,0,1439,0,1439,0,1439,0,1439,0,1439,0,1439,0,1439,02-24972527,25.1210304,121.8195832,瑞芳區
840,新北市政府警察局瑞芳分局猴硐派出所,新北市瑞芳區九芎橋路96號,其他,1樓值班台旁,360,NaN,360,NaN,360,NaN,360,NaN,360,NaN,360,1320,360,1320,921956237,25.0933991,121.8332483,瑞芳區
841,儒億科技股份有限公司台北廠區,新北市五股區五權五路13號,其他,一樓大門入口右側,480,1020,480,1020,480,1020,480,1020,480,1020,NaN,NaN,NaN,NaN,02-2263-5200,25.0641528,121.4506698,五股區
842,萬大中和施工處,新北市土城區金城路三段299號1樓,其他,辦公室一樓,480,1020,480,1020,480,1020,480,1020,480,1020,480,1020,480,1020,912568462,24.9912116,121.47442,土城區
843,皇昌營造中和安邦段青年社會住宅新建統包工程,新北市中和區連城路142號,其他,工務所1樓走道中間,0,0,0,0,0,0,0,0,0,0,0,0,0,0,22722181#1351,24.9986509,121.495219,中和區
844,國立臺灣藝術大學,新北市板橋區大觀路一段59號,學校、大型集會場所,音樂系長廊,360,0,360,0,360,0,360,0,360,0,360,0,360,0,02-26209199,25.005238,121.4475927,板橋區
845,北新醫療社團法人北新醫院,新北市淡水區忠寮里演戲埔腳1-2號,其他,一樓大廳門診旁邊,480,960,480,960,480,960,480,960,480,960,480,960,480,960,922150079,25.1935574,121.4748744,淡水區
846,新北市板橋地政事務所,新北市板橋區實踐路1號,其他,一樓大門入口右側,480,1050,480,1050,480,1050,480,1050,480,1050,NaN,NaN,NaN,NaN,(02)2926-6888#6100,25.0086191,121.4636352,板橋區
847,國立臺灣圖書館,新北市中和區中安街85號,大型休閒場所,新生門入口左側,540,1260,540,1260,540,1260,540,1260,540,1260,540,1260,540,1260,,25.0014761,121.5126447,中和區
848,台北港埠通商股份有限公司,新北市八里區商港路133號,其他,台北港埠通商股份有限公司中控室門口,0,0,0,0,0,0,0,0,0,0,0,0,0,0,,25.1532968,121.389441,八里區
849,台北港埠通商股份有限公司,新北市八里區商港路133號,其他,台北港埠通商股份有限公司行政大樓一樓,0,0,0,0,0,0,0,0,0,0,0,0,0,0,926352903,25.1532968,121.389441,八里區
850,健康同樂股份有限公司 (2h fitness),新北市三峽區學成路398號4樓,學校、大型集會場所,入口處左邊,510,1350,510,1350,510,1350,510,1350,510,1350,510,1350,510,1350,26362111,24.9442116,121.3782395,三峽區
851,新北巿三芝區公所,新北市三芝區中山路一段32號,其他,一樓,480,1020,480,1020,480,1020,480,1020,480,1020,NaN,NaN,NaN,NaN,(03)283-8888分機51004,25.2578473,121.501045,三芝區
852,桃園捷運A4新莊副都心站,新北市新莊區新北大道四段188號,交通要衝,穿堂層詢問處附近(非付費區),360,1380,360,1380,360,1380,360,1380,360,1380,360,1380,360,1380,(03)283-8888分機51004,25.0593624,121.4461393,新莊區
853,桃園捷運A5泰山站,新北市泰山區新北大道四段431號,交通要衝,穿堂層詢問處附近(付費區),360,1380,360,1380,360,1380,360,1380,360,1380,360,1380,360,1380,032838888#59002,25.0530918,121.4396809,泰山區
854,桃園捷運A9林口站,新北市林口區八德路290號,交通要衝,二樓平台層(非付費區),340,9,340,9,340,9,340,9,340,9,340,9,340,9,032838888#59002,25.065777,121.361246,林口區
855,桃園捷運A9林口站,新北市林口區八德路290號,交通要衝,三樓穿堂層PAO對面,340,9,340,9,340,9,340,9,340,9,340,9,340,9,986197867,25.065777,121.361246,林口區
856,誠隆汽車股份有限公司淡水分公司,新北市淡水區民權路39號,其他,服務廠客休室,510,1140,510,1140,510,1140,510,1140,510,1140,510,1140,510,1140,02-29926655,25.1408206,121.4600724,淡水區
857,裕信汽車股份有限公司 林口分公司,新北市林口區文化一路一段98號,其他,客戶休息區,510,1050,510,1050,510,1050,510,1050,510,1050,510,1050,NaN,NaN,02-29926655,25.0709523,121.3734263,林口區
858,裕信汽車股份有限公司 汐止分公司,新北市汐止區大同路一段154-5號,其他,客戶休息區,510,1140,510,1140,510,1140,510,1140,510,1140,510,1050,510,1050,02-29926655,25.0551372,121.6328127,汐止區
859,裕信汽車股份有限公司 汐止展示間,新北市汐止區大同區一段199號,其他,展示間,510,1290,510,1290,510,1290,510,1290,510,1290,510,1290,510,1290,02-29926655,25.0616059,121.6397184,汐止區
860,裕信汽車股份有限公司 中和分公司,新北市中和區中山路二段594號,其他,客戶休息區,510,1050,510,1050,510,1050,510,1050,510,1050,510,1050,NaN,NaN,02-29926655,25.005315,121.4821997,中和區
861,裕信汽車股份有限公司 中和展示間,新北市中和區中正路955號,其他,展示間,510,1320,510,1320,510,1320,510,1320,510,1320,540,1320,540,1320,02-29926655,25.0070368,121.4830745,中和區
862,裕信汽車股份有限公司 土城分公司,新北市土城區大安路85號,其他,客戶休息區,510,1050,510,1050,510,1050,510,1050,510,1050,510,1050,NaN,NaN,02-29926655,24.9679365,121.4327729,土城區
863,裕信汽車股份有限公司 板橋分公司,新北市板橋區文化路2段266號,其他,客戶休息區,510,1050,510,1050,510,1050,510,1050,510,1050,510,1050,NaN,NaN,02-29926655,25.0288516,121.4717059,板橋區
864,裕信汽車股份有限公司 集賢分公司,新北市三重區集賢路195號,其他,客戶休息室,510,1050,510,1050,510,1050,510,1050,510,1050,510,1050,NaN,NaN,02-29926655,25.087883,121.4842535,三重區
865,裕信汽車股份有限公司 新店分公司,新北市新店區中興路三段9號,其他,客戶休息區,510,1140,510,1140,510,1140,510,1140,510,1140,510,1050,510,1050,02-29926655,24.9782672,121.545218,新店區
866,裕信汽車股份有限公司 輔大分公司,新北市新莊區中正路562號,其他,客戶休息室,510,1050,510,1050,510,1050,510,1050,510,1050,510,1050,NaN,NaN,(02)86915691,25.0311199,121.4290993,新莊區
867,新北市汐止國民運動中心,新北市汐止區汐科路321號,學校、大型集會場所,5F體適能中心,360,1320,360,1320,360,1320,360,1320,360,1320,360,1320,360,1320,(02)86915691,25.0652071,121.65723,汐止區
868,新北市汐止國民運動中心,新北市汐止區汐科路321號,學校、大型集會場所,2樓大門口,360,1320,360,1320,360,1320,360,1320,360,1320,360,1320,360,1320,(02)2674-9918,25.0652071,121.65723,汐止區
869,大板根溫泉度假酒店,新北市三峽區插角里79號,大型公眾浴場或溫泉區,酒店1樓接待大廳,0,1439,0,1439,0,1439,0,1439,0,1439,0,1439,0,1439,02-26401237,24.867158,121.4056153,三峽區
870,新北市政府警察局汐止分局橫科派出所,新北市汐止區民權街2段87號,其他,新北市政府警察局汐止分局橫科派出所,0,1439,0,1439,0,1439,0,1439,0,1439,0,1439,0,1439,02-26942819,25.0476124,121.6191064,汐止區
871,新北市政府警察局汐止分局社后派出所,新北市汐止區中興路108號,其他,新北市政府警察局汐止分局社后派出所,0,1439,0,1439,0,1439,0,1439,0,1439,0,1439,0,1439,952556080,25.0638311,121.6335463,汐止區
872,新北市永和國民運動中心,新北市永和區永利路250號,學校、大型集會場所,1F電梯口左前方,360,1320,360,1320,360,1320,360,1320,360,1320,360,1320,360,1320,952556080,25.0031865,121.5244217,永和區
873,新北市永和國民運動中心,新北市永和區永利路250號,學校、大型集會場所,4F電梯口左前方,360,1320,360,1320,360,1320,360,1320,360,1320,360,1320,360,1320,0932-575624,25.0031865,121.5244217,永和區
874,成吉思汗健身俱樂部三重旗艦館,新北市三重區捷運路11號,學校、大型集會場所,B1多功能訓練區旁,0,1439,0,1439,0,1439,0,1439,0,1439,0,1439,0,1439,0932-575624,25.0563854,121.485717,三重區
875,成吉思汗健身俱樂部三重旗艦館,新北市三重區捷運路11號,學校、大型集會場所,1樓教室前走廊,0,1439,0,1439,0,1439,0,1439,0,1439,0,1439,0,1439,289928388,25.0563854,121.485717,三重區
876,鐵木真健身館有限公司,新北市新莊區中原路137號B1,學校、大型集會場所,入口場館接待區,0,1439,0,1439,0,1439,0,1439,0,1439,0,1439,0,1439,22722181#1351,25.0542208,121.4547274,新莊區
877,國立臺灣藝術大學,新北市板橋區大觀路一段59號,學校、大型集會場所,古蹟系辦公室前,480,1320,480,1320,480,1320,480,1320,480,1320,NaN,NaN,NaN,NaN,28059999-2230,25.005238,121.4475927,板橋區
878,台北海洋科技大學(淡水校本部),新北市淡水區濱海路3段150號,學校、大型集會場所,圖資大樓(福環樓)入口處,0,1439,0,1439,0,1439,0,1439,0,1439,0,1439,0,1439,02-77388000-1350,25.1929495,121.4257526,淡水區
879,亞東科技大學淡水校區警衛室內,新北市淡水區新北市淡水區濱海路三段25號,學校、大型集會場所,新北市淡水區濱海路三段25號,480,1020,480,1020,480,1020,480,1020,480,1020,NaN,NaN,NaN,NaN,22112581-224,25.1905382,121.4279124,淡水區
880,新北市私立中信高級中等學校,新北市新店區安興路1號,學校、大型集會場所,學務處,480,1020,480,1020,480,1020,480,1020,480,1020,NaN,NaN,NaN,NaN,985363310,24.9669098,121.5149211,新店區
881,新北市中和區中和國民小學,新北市中和區中和路100號,學校、大型集會場所,警衛室旁,360,1320,360,1320,360,1320,360,1320,360,1320,480,960,480,960,958726978,24.9992868,121.5011342,中和區
882,新北市永和區永平國民小學,新北市永和區保生路25號,學校、大型集會場所,永平國小二聖樓一樓,480,1200,480,1200,480,1200,480,1200,480,1200,480,1200,480,1200,958726978,25.0078894,121.505616,永和區
883,新北市永和區永平國民小學,新北市永和區保生路25號,學校、大型集會場所,永平國小活動中心一樓,480,1200,480,1200,480,1200,480,1200,480,1200,480,1200,480,1200,02-2942-2349*823,25.0078894,121.505616,永和區
884,新北市中和區興南國民小學,新北市中和區興南路一段135巷24號,學校、大型集會場所,健康中心外,450,1080,450,1080,450,1080,450,1080,450,1080,NaN,NaN,NaN,NaN,29434353＃823,24.9868926,121.5094613,中和區
885,新北市中和區秀山國民小學,新北市中和區立人街2號,學校、大型集會場所,勤學樓後棟123教室,480,960,480,960,480,960,480,960,480,960,NaN,NaN,NaN,NaN,912282853,24.9949029,121.5210529,中和區
886,新北市板橋區大觀國民小學,新北市板橋區大觀路一段30號,學校、大型集會場所,活力樓三樓平台電梯門口,450,1080,450,1080,450,1080,450,1080,450,1080,450,1080,450,1080,22577193-55,25.0085816,121.4494217,板橋區
887,新北市板橋區文德國民小學,新北市板橋區英士路179號,學校、大型集會場所,學校大門口警衛室,360,1260,360,1260,360,1260,360,1260,360,1260,480,1020,480,1020,26745666#859,25.0233902,121.4589005,板橋區
888,新北市三峽區龍埔國民小學,新北市三峽區大學路6號,學校、大型集會場所,英速魔法學院辦公室外樓梯口,480,1020,480,1020,480,1020,480,1020,480,1020,NaN,NaN,NaN,NaN,(02)86764945*14,24.9412302,121.3774415,三峽區
889,新北市三峽區成福國民小學,新北市三峽區溪東路213號,學校、大型集會場所,學生活動中心二樓的室內左側,480,960,480,960,480,960,480,960,480,960,0,0,0,0,0289703225-119,24.9332331,121.4055952,三峽區
890,新北市立桃子腳國民中小學,新北市樹林區學勤路555號,學校、大型集會場所,健康中心內,480,960,480,960,480,960,480,960,480,960,420,1080,420,1080,02-86625852,24.9489786,121.3829584,樹林區
891,東南科技大學,新北市深坑區北深路3段152號,學校、大型集會場所,中正樓一樓 右側柱子旁邊,0,1439,0,1439,0,1439,0,1439,0,1439,0,1439,0,1439,938061571,25.0031,121.6048287,深坑區
892,新北市新店區雙城國民小學,新北市新店區安康路3段322號,學校、大型集會場所,學務處門口,480,960,480,960,480,960,480,960,480,960,NaN,NaN,NaN,NaN,02-26956933#2115,24.9523459,121.4859971,新店區
893,財團法人生物技術開發中心,新北市汐止區康寧街169巷101號,其他,一樓大廳,480,1200,480,1200,480,1200,480,1200,480,1200,NaN,NaN,NaN,NaN,02-29282828*341,25.0700474,121.6227339,汐止區
894,新北市永和區公所,新北市永和區竹林路200號,其他,社會人文課28號櫃檯前方,480,1050,480,1050,480,1050,480,1050,480,1050,NaN,NaN,NaN,NaN,02-29686911(546),25.0092058,121.5203153,永和區
895,新北市板橋區公所,新北市板橋區府中路30號,其他,1樓正門進入右側警衛桌旁,480,1080,480,1080,480,1080,480,1080,480,1080,NaN,NaN,NaN,NaN,2610-2016#306,25.0097408,121.4591083,板橋區
896,新北市立八里國民中學,新北市八里區荖阡坑路15號,學校、大型集會場所,教學大樓一樓東側樓梯之體育器材室牆面,480,960,480,960,480,960,480,960,480,960,NaN,NaN,NaN,NaN,02-26182287#129,25.1411383,121.4006922,八里區
897,新北市私立聖心女子高級中學,新北市八里區龍米路一段263號,學校、大型集會場所,聖心樓一樓門口,480,960,480,960,480,960,480,960,480,960,NaN,NaN,NaN,NaN,26711043*135,25.1354563,121.4488318,八里區
898,新北市立三峽國民中學,新北市三峽區復興路238號,學校、大型集會場所,健康中心旁穿堂,480,990,480,990,480,990,480,990,480,990,NaN,NaN,NaN,NaN,29846446*186,24.9390449,121.3690862,三峽區
899,新北市三重區二重國民小學,新北市三重區大有街10號,學校、大型集會場所,健康中心走廊,480,1020,480,1020,480,1020,480,1020,480,1020,NaN,NaN,NaN,NaN,02-29855892,25.0661299,121.474811,三重區
900,新北市私立格致高級中學,新北市三重區大智街260號,學校、大型集會場所,保健中心,420,1260,420,1260,420,1260,420,1260,420,1260,420,720,NaN,NaN,02-29826272#200,25.0734906,121.4885294,三重區
901,新北市三重區重陽國民小學,新北市三重區中正北路113號,學校、大型集會場所,4樓藝文中心,540,960,540,960,540,960,540,960,540,960,NaN,NaN,NaN,NaN,29721430  #305,25.0671334,121.4844464,三重區
902,新北市立光榮國民中學,新北市三重區介壽路26號,學校、大型集會場所,本校大門口警衛室,480,960,480,960,480,960,480,960,480,960,NaN,NaN,NaN,NaN,02-29868825#27,25.071172,121.5000634,三重區
903,新北市三重區厚德國民小學,新北市三重區忠孝路一段70號,學校、大型集會場所,厚德國小,480,1020,480,1020,480,1020,480,1020,480,1020,NaN,NaN,NaN,NaN,29800137*208,25.0716267,121.4887595,三重區
904,新北市立二重國民中學,新北市三重區忠孝路三段89號,學校、大型集會場所,警衛室,360,1140,360,1140,360,1140,360,1140,360,1140,480,1020,480,1020,02-29956776#310,25.0657241,121.479664,三重區
905,新北市金陵女子高級中學,新北市三重區重新路五段656號,學校、大型集會場所,厚生樓一樓川堂,360,1260,360,1260,360,1260,360,1260,360,1260,NaN,NaN,NaN,NaN,(02)89725390#119,25.0424057,121.4672207,三重區
906,新北市三重區集美國民小學,新北市三重區集美街10號,學校、大型集會場所,健康中心門口走廊邊,480,960,480,960,480,960,480,960,480,960,0,0,NaN,NaN,29824591*330,25.0564706,121.4879933,三重區
907,新北市五股區更寮國民小學,新北市五股區四維路2號,學校、大型集會場所,健康中心,360,1320,360,1320,360,1320,360,1320,360,1320,360,1320,360,1320,22915224#122,25.070101,121.4679347,五股區
908,新北市立五股國民中學,新北市五股區成泰路二段49巷15號,學校、大型集會場所,體育組門口,360,420,360,420,360,420,360,420,360,420,360,1020,360,1020,02-24951038轉210,25.0822117,121.4352689,五股區
909,新北市平溪區平溪國民小學,新北市平溪區平溪街56號,學校、大型集會場所,健康中心走廊,450,1080,450,1080,450,1080,450,1080,450,1080,480,1080,480,1080,224951009,25.0273525,121.7375349,平溪區
910,新北市平溪區菁桐國民小學,新北市平溪區菁桐街45號,學校、大型集會場所,警衛室門口,0,1439,0,1439,0,1439,0,1439,0,1439,0,1439,0,1439,(02)24951010*139,25.0233256,121.7269378,平溪區
911,新北市立平溪國民中學,新北市平溪區靜安路2段295號,學校、大型集會場所,健康中心門口,480,960,480,960,480,960,480,960,480,960,480,720,480,720,02-26381263#32,25.0233349,121.7338584,平溪區
912,新北市石門區石門國民小學,新北市石門區尖鹿里中央路9號,學校、大型集會場所,穿堂,420,1080,420,1080,420,1080,420,1080,420,1080,480,960,480,960,26631288-2027,25.2921482,121.5672777,石門區
913,新北市石碇區永定國民小學,新北市石碇區靜安路一段245號,學校、大型集會場所,健康中心門口走廊,450,960,450,960,450,960,450,960,450,960,NaN,NaN,NaN,NaN,02-26631244-23,25.0077966,121.6882838,石碇區
914,新北市石碇區石碇國民小學,新北市石碇區石碇西街15號,學校、大型集會場所,行政辦公室,480,1140,480,1140,480,1140,480,1140,480,1140,480,1140,480,1140,02-2663-1224#207,24.9905746,121.6588786,石碇區
915,新北巿立石碇高級中學,新北市石碇區隆盛里八分寮45號,學校、大型集會場所,至樸樓健康中心門口,360,1320,360,1320,360,1320,360,1320,360,1320,480,960,480,960,937459945,25.012518,121.642445,石碇區
916,新北市石碇區和平國民小學,新北市石碇區靜安路一段5號,學校、大型集會場所,校長室門口,480,960,480,960,480,960,480,960,480,960,NaN,960,NaN,NaN,02-26412134#333,25.0118389,121.6411666,石碇區
917,新北市立秀峰高級中學,新北市汐止區忠孝東路201號,學校、大型集會場所,健康中心外,480,1020,480,1020,480,1020,480,1020,480,1020,NaN,NaN,NaN,NaN,86480944分機242,25.0664452,121.6605716,汐止區
918,新北市汐止區長安國民小學,新北市汐止區長興街一段80號,學校、大型集會場所,健康中心,360,1260,360,1260,360,1260,360,1260,360,1260,480,1020,480,1020,26421407-3102,25.0791492,121.6712641,汐止區
919,新北市汐止區樟樹國民小學,新北市汐止區樟樹一路141巷2號,學校、大型集會場所,健康中心,480,960,480,960,480,960,480,960,480,960,NaN,NaN,NaN,NaN,2694-1817轉222,25.0664982,121.6417674,汐止區
920,新北市汐止區北峰國民小學,新北市汐止區環河街1號,學校、大型集會場所,健康中心辦公室內,480,960,480,960,480,960,480,960,480,960,NaN,NaN,NaN,NaN,0226009482轉306,25.0624437,121.6316634,汐止區
921,新北市立林口高級中學,新北市林口區仁愛路2段173號,學校、大型集會場所,門口警衛室,390,1290,390,1290,390,1290,390,1290,390,1290,570,960,NaN,NaN,0226080766*881,25.0732046,121.3807484,林口區
922,新北市林口區頭湖國民小學,新北市林口區民權路101號,學校、大型集會場所,警衛室入口右側,360,1080,360,1080,360,1080,360,1080,360,1080,480,1080,480,1080,956263577,25.0825022,121.3718734,林口區
923,新北市泰山區明志國民小學,新北市泰山區新生路2號,學校、大型集會場所,健康中心,480,990,480,990,480,990,480,990,480,990,NaN,NaN,NaN,NaN,22972048#205,25.04522,121.4274329,泰山區
924,新北市泰山區義學國民小學,新北市泰山區民生路30號,學校、大型集會場所,健康中心外走廊,480,960,480,960,480,960,480,960,480,960,NaN,NaN,NaN,NaN,26012644#1006,25.0522369,121.4308926,泰山區
925,新北市私立醒吾高級中學,新北市林口區粉寮路一段75巷80號,學校、大型集會場所,健康中心前門外,480,1020,480,1020,480,1020,480,1020,480,1020,NaN,NaN,NaN,NaN,02-24991449*24,25.0795977,121.3957737,林口區
926,新北市貢寮區福隆國民小學,新北市貢寮區福隆里東興街35號,學校、大型集會場所,福隆國小行政辦公室走廊,450,1120,450,1120,450,1120,450,1120,450,1120,450,1050,450,1050,(02)2661-6482#27,25.017466,121.948094,貢寮區
927,新北市立烏來國民中小學,新北市烏來區啦卡路5號,學校、大型集會場所,本校警衛室,480,990,480,990,480,990,480,990,480,990,NaN,NaN,NaN,NaN,(02)2661-6124,24.8635928,121.5540372,烏來區
928,新北市立德拉楠民族實驗小學,新北市烏來區福山里李茂岸56號,學校、大型集會場所,健康中心前走廊,0,1439,0,1439,0,1439,0,1439,0,1439,0,1439,0,1439,02-24991194#102,24.7622062,121.5141615,烏來區
929,新北市貢寮區福連國民小 學,新北市貢寮區福連街1號,學校、大型集會場所,自然教室旁,420,1260,420,1260,420,1260,420,1260,420,1260,480,1320,480,1320,02-28012033#122,25.0168547,121.988541,貢寮區
930,新北市淡水區中泰國民小學,新北市淡水區中和里北勢子5號,學校、大型集會場所,晨曦樓一樓穿堂,360,1200,360,1200,360,1200,360,1200,360,1200,480,960,480,960,02-26218821#16,25.2240497,121.4844726,淡水區
931,新北市立淡水國民中學,新北市淡水區真理街10號,學校、大型集會場所,幼兒園,NaN,NaN,NaN,NaN,NaN,NaN,NaN,NaN,NaN,NaN,NaN,NaN,NaN,NaN,911208008,25.1747567,121.4366934,淡水區
932,新北市淡水區文化國民小學,新北市淡水區真理街6號,學校、大型集會場所,文化國小校園內,480,960,480,960,480,960,480,960,480,960,NaN,NaN,NaN,NaN,982717103,25.1733346,121.4378969,淡水區
933,新北市立正德國民中學,新北市淡水區北新路109號,學校、大型集會場所,健康中心外,NaN,NaN,NaN,NaN,NaN,NaN,NaN,NaN,NaN,NaN,NaN,NaN,NaN,NaN,02-26227530,25.1790341,121.4475819,淡水區
934,新北市淡水區新興國民小學,新北市淡水區新興街123號,學校、大型集會場所,警衛室,420,1080,420,1080,420,1080,420,1080,420,1080,NaN,NaN,NaN,NaN,02-29931201#824,25.180031,121.4402853,淡水區
935,新北市新莊區新莊國民小學,新北市新莊區中正路86號,學校、大型集會場所,孫鳳堂,480,1020,480,1020,480,1020,480,1020,480,1020,NaN,NaN,NaN,NaN,26624675#289,25.0369988,121.455901,新莊區
936,新北市深坑區深坑國民小學,新北市深坑區文化街45號,學校、大型集會場所,平埔樓穿堂,360,1260,360,1260,360,1260,360,1260,360,1260,540,1020,540,1020,02-85211131#306,25.0015306,121.6163669,深坑區
937,新北市新莊區中信國民小學,新北市新莊區中信街168號,學校、大型集會場所,一樓健康中心外面走廊(健康中心門口右側),360,1320,360,1320,360,1320,360,1320,360,1320,420,1140,420,1140,29971005#127,25.0562095,121.4481395,新莊區
938,新北市新莊區新泰國民小學,新北市新莊區公園一路91號,學校、大型集會場所,新泰國小警衛室,420,1080,420,1080,420,1080,420,1080,420,1080,480,720,0,NaN,29925550*825,25.0379957,121.4437451,新莊區
939,新北市新莊區中港國民小學,新北市新莊區中港一街142號,學校、大型集會場所,一樓健康中心走廊,420,1080,420,1080,420,1080,420,1080,420,1080,480,960,480,960,02-29920238轉823,25.0449512,121.4473688,新莊區
940,新北市新莊區頭前國民小學,新北市新莊區化成路231號,學校、大型集會場所,迎曦樓穿堂,360,1200,360,1200,360,1200,360,1200,360,1200,NaN,NaN,NaN,NaN,02-24971009#17,25.0528299,121.4660881,新莊區
941,新北市瑞芳區瑞柑國民小學,新北市瑞芳區明燈路一段18巷13號,學校、大型集會場所,川堂壁掛式,450,1110,450,1110,450,1110,450,1110,450,1110,480,960,NaN,NaN,02-24970961#216,25.1105447,121.8236662,瑞芳區
942,新北市瑞芳區義方國民小學,新北市瑞芳區逢甲路360號,學校、大型集會場所,穿堂,480,960,480,960,480,960,480,960,480,960,NaN,NaN,NaN,NaN,02-2492-2512#20,25.1135952,121.8017147,瑞芳區
943,新北市萬里區野柳國民小學,新北市萬里區野柳里港東路167號,學校、大型集會場所,幼兒園旁,960,1080,960,1080,960,1080,960,1080,960,1080,540,1080,540,1080,(02)24929461#35,25.2053575,121.6895281,萬里區
944,新北市萬里區大坪國民小學,新北市萬里區雙興里大坪路1號,學校、大型集會場所,大門正前方守衛室門口,480,1020,480,1020,480,1020,480,1020,480,1020,NaN,NaN,NaN,NaN,982242520,25.166888,121.638569,萬里區
945,新北市私立中華商業海事職業學校,新北市萬里區瑪鋉路15號,學校、大型集會場所,中華商海,450,980,450,980,450,980,450,980,450,980,480,960,480,960,24922037#25,25.1753282,121.6875567,萬里區
946,新北市萬里區崁腳國民小學,新北市萬里區崁腳里59號,學校、大型集會場所,健康中心,480,960,480,960,480,960,480,960,480,960,NaN,NaN,NaN,NaN,29062407*55,25.1602174,121.6596805,萬里區
947,新北市新莊區裕民國民小學,新北市新莊區裕民街123號,學校、大型集會場所,健康中心,480,960,480,960,480,960,480,960,480,960,NaN,NaN,NaN,NaN,02-24962036-163,25.0218689,121.4181524,新莊區
948,新北市瑞芳區瓜山國民小學,新北市瑞芳區石山里五號路306號,學校、大型集會場所,瓜山國小健康中心走廊,420,1080,420,1080,420,1080,420,1080,420,1080,420,1080,420,1080,02-22017102#27,25.1109621,121.8567905,瑞芳區
949,新北市新莊區豐年國民小學,新北市新莊區瓊泰路116號,學校、大型集會場所,健康中心,480,960,480,960,480,960,480,960,480,960,NaN,NaN,NaN,NaN,24971726#229,25.0300299,121.4434306,新莊區
950,新北市瑞芳區瑞亭國民小學,新北市瑞芳區上天里四腳亭埔路23號,學校、大型集會場所,本校穿堂,480,960,480,960,480,960,480,960,480,960,480,960,480,960,22811571#220,25.1026102,121.777421,瑞芳區
951,新北市立蘆洲國民中學,新北市蘆洲區中正路265號,學校、大型集會場所,教學大樓1樓,480,1320,480,1320,480,1320,480,1320,480,1320,480,1320,480,1320,22819980#9303,25.0875048,121.4671226,蘆洲區
952,新北市蘆洲區鷺江國民小學,新北市蘆洲區民族路7號,學校、大型集會場所,健康中心外牆,480,1260,480,1260,480,1260,480,1260,480,1260,480,720,480,720,0222899591-101,25.0847552,121.4761463,蘆洲區
953,新北市蘆洲區忠義國民小學,新北市蘆洲區光榮路99號,學校、大型集會場所,健康中心外,480,990,480,990,480,990,480,990,480,990,NaN,NaN,NaN,NaN,926230382,25.0898043,121.464223,蘆洲區
954,海山護理之家,新北市板橋區漢生東路163號4樓,其他,入口大廳,540,960,540,960,540,960,540,960,540,960,540,960,540,960,,25.0125203,121.4694784,板橋區
955,慶明眼科診所,新北市蘆洲區中山二路32號1樓,其他,慶明眼科珍所,540,1290,540,1290,540,1290,540,1290,540,1290,540,1290,NaN,NaN,(02)2299-9909分機8430,25.0820516,121.4746501,蘆洲區
956,台灣善美的股份有限公司五股DC廠,新北市五股區工商路128號,其他,A棟休息室,480,1020,480,1020,480,1020,480,1020,480,1020,480,1020,480,1020,02-22315897,25.0861318,121.4359534,五股區
957,打鐵健身房永和店,新北市永和區永和路二段209號B1,學校、大型集會場所,B1辦公室門口處,600,1380,600,1380,600,1380,600,1380,600,1380,600,1380,600,1380,909319002,25.0138574,121.5153403,永和區
958,雄獅鉛筆廠股份有限公司,新北市板橋區中山路一段186號,其他,守衛室,540,1059,540,1059,540,1059,540,1059,540,1059,NaN,NaN,NaN,NaN,02-2963-8998,25.0132712,121.4694521,板橋區
959,板橋潤泰游泳池,新北市板橋區三民路二段35巷31號,其他,游泳池入口門邊,300,1320,300,1320,300,1320,300,1320,300,1320,300,1320,300,1320,02-2636-0303#1138,25.0175993,121.4794181,板橋區
960,馬偕醫學院,新北市三芝區中正路三段46號,學校、大型集會場所,男生宿舍C棟,NaN,NaN,NaN,NaN,NaN,NaN,NaN,NaN,NaN,NaN,NaN,NaN,NaN,NaN,910801314,25.251791,121.4966056,三芝區
961,新北市鶯歌國民運動中心,新北市鶯歌區館前路250號,學校、大型集會場所,大門入口處右手邊,360,1320,360,1320,360,1320,360,1320,360,1320,360,1320,360,1320,02-77288069#611,24.9536784,121.3575267,鶯歌區
962,怡和醫院,新北市中和區連城路49號,其他,進入門口右前方,480,1080,480,1080,480,1080,480,1080,480,1080,NaN,NaN,NaN,NaN,972823055,25.0018899,121.4985247,中和區
963,跨越體適能有限公司輔大店分公司,新北市新莊區後港一路179號B1,學校、大型集會場所,Ｂ1場館後左側明顯處,420,90,420,90,420,90,420,90,420,90,420,90,420,90,29282828-196,25.0286363,121.433007,新莊區
964,新北市永和國父紀念館,新北市永和區竹林路202號,其他,一樓館內進門,540,1020,540,1020,540,1020,540,1020,540,1020,NaN,NaN,NaN,NaN,26871368,25.0087038,121.52025,永和區
965,樹林體育園區網球場,新北市樹林區水源街81號,大型休閒場所,樹林體育園區網球場,360,1320,360,1320,360,1320,360,1320,360,1320,360,1320,360,1320,02-89515090,24.9809759,121.4258557,樹林區
966,板橋凱撒大飯店,新北市板橋區縣民大道二段8號,旅宿場所,健身房,420,1320,420,1320,420,1320,420,1320,420,1320,420,1320,420,1320,983210135,25.0117403,121.4627243,板橋區
967,樹林秀泰影城股份有限公司,新北市樹林區樹新路40-6號8樓,大型休閒場所,8樓販賣部前方,540,180,540,180,540,180,540,180,540,180,540,180,540,180,(02)86915691,24.9954547,121.4284421,樹林區
968,新北市汐止國民運動中心,新北市汐止區汐科路321號,學校、大型集會場所,泳池救生員室,360,1320,360,1320,360,1320,360,1320,360,1320,360,1320,360,1320,0935-757552,25.0652071,121.65723,汐止區
969,Curves女性30分鐘環狀運動汐止中興店,新北市汐止區中興路89號2樓,學校、大型集會場所,服務櫃台旁,660,1260,660,1260,660,1260,660,1260,660,1260,600,810,NaN,NaN,,25.0643877,121.6325448,汐止區
970,新北市平溪十分公共托老中心,新北市平溪區十分里十分街66巷1號,其他,新北市平溪十分公共托老中心,540,1020,540,1020,540,1020,540,1020,540,1020,NaN,NaN,NaN,NaN,2968-9901分機302,25.0421782,121.7755193,平溪區
971,新北市板橋區調解委員會,新北市板橋區文化路一段18號3樓,其他,入口處左側,510,1050,510,1050,510,1200,510,1050,510,1050,NaN,NaN,NaN,NaN,(02)2674-9088,25.0107815,121.4586094,板橋區
972,新北市三鶯國民運動中心,新北市三峽區文化路210巷12號,學校、大型集會場所,三樓體適能中心,360,1320,360,1320,360,1320,360,1320,360,1320,360,1320,360,1320,(02)2674-9088,24.9378777,121.3683405,三峽區
973,新北市三鶯國民運動中心,新北市三峽區文化路210巷12號,學校、大型集會場所,一樓游泳池,360,1320,360,1320,360,1320,360,1320,360,1320,360,1320,360,1320,29112543*214,24.9378777,121.3683405,三峽區
974,新北市私立崇光女子高級中學,新北市新店區三民路18號,學校、大型集會場所,校門口接待室,480,1020,480,1020,480,1020,480,1020,480,1020,NaN,NaN,NaN,NaN,02-26687071#2314,24.9717338,121.539141,新店區
975,大智通文化行銷股份有限公司,新北市樹林區佳園路二段70-1號,其他,三期1樓ES物流二辦公室旁,0,1439,0,1439,0,1439,0,1439,0,1439,0,1439,0,1439,958181526,24.9600762,121.3905563,樹林區
976,香港商世界健身事業有限公司台北三峽分公司,新北市三峽區文化路59號9樓之一,學校、大型集會場所,新北市三峽區文化路59號9樓之一,360,0,360,0,360,0,360,0,360,0,360,0,360,0,0939-173399,24.9360502,121.3723347,三峽區
977,元信開發工程有限公司,新北市三重區仁義街91號,其他,辦公室內,480,1020,480,1020,480,1020,480,1020,480,1020,NaN,NaN,NaN,NaN,02-26749618,25.0789279,121.498827,三重區
978,花岩休閒有限公司,新北市三峽區添福里143-28號,其他,門口旁,600,1080,600,1080,600,1080,600,1080,600,1080,NaN,NaN,NaN,NaN,987815933,24.897054,121.3798921,三峽區
979,家福股份有限公司重新分公司,新北市三重區重新路5段654號,大型購物場所,1F星巴克旁,540,1380,540,1380,540,1380,540,1380,540,1380,540,1380,540,1380,,25.0432523,121.4678328,三重區
980,林口第二運動公園網球場,新北市林口區文化北路一段526巷,其他,林口第二運動公園,390,1290,390,1290,390,1290,390,1290,390,1290,390,1290,390,1290,02-89534420,25.078146,121.3683341,林口區
981,新北市建築師公會,新北市板橋區中山路一段293-1號E-6樓,其他,E-6樓辦公室內,540,1020,540,1020,540,1020,540,1020,540,1020,NaN,NaN,NaN,NaN,282866600,25.0144029,121.4706023,板橋區
982,成吉思汗健身館有限公司,新北市蘆洲區長安街156號B1,學校、大型集會場所,成吉思汗健身俱樂部,0,1439,0,1439,0,1439,0,1439,0,1439,0,1439,0,1439,02-29017473,25.0828528,121.4595958,蘆洲區
983,社團法人舊鞋救命國際基督關懷協會,新北市泰山區新北大道六段79巷57弄8-2號,其他,一樓服務台後側,600,1080,600,1080,600,1080,600,1080,600,1080,600,1080,NaN,NaN,02-26221668,25.0384601,121.4283587,泰山區
984,春保森拉天時鎢鋼股份有限公司淡水廠,新北市淡水區行忠路332號,其他,進入車道左側,480,1080,480,1080,480,1080,480,1080,480,1080,NaN,NaN,NaN,NaN,02-80699088,25.1993314,121.4618868,淡水區
985,春保森拉天時鎢鋼合金股份有限公司五股廠,新北市五股區五工六路45號,其他,進入大門右前方,480,1080,480,1080,480,1080,480,1080,480,1080,NaN,NaN,NaN,NaN,02-29805178,25.065084,121.4463399,五股區
986,Forge打鐵健身三重店,新北市三重區仁愛街479號2樓,學校、大型集會場所,2F健身區,600,1380,600,1380,600,1380,600,1380,600,1380,600,1380,600,1380,02-26015310分機1329,25.0822025,121.4889598,三重區
987,醒吾學校財團法人醒吾科技大學,新北市林口區粉寮路一段101號,學校、大型集會場所,第三棟教學大樓3106教室旁,480,1260,480,1260,480,1260,480,1260,480,1260,NaN,NaN,NaN,NaN,02-26015310分機1329,25.0832782,121.3955724,林口區
988,醒吾學校財團法人醒吾科技大學,新北市林口區粉寮路一段101號,學校、大型集會場所,覺先樓圖書館1樓電梯旁,480,1260,480,1260,480,1260,480,1260,480,1260,NaN,NaN,NaN,NaN,8282-2956,25.0832782,121.3955724,林口區
989,新北市蘆洲區仁愛國民小學,新北市蘆洲區民族路488號,學校、大型集會場所,幼兒園健康中心,480,960,480,960,480,960,480,960,480,960,NaN,NaN,NaN,NaN,(02)7731-7999#7018,25.0919442,121.4702555,蘆洲區
990,環球購物中心股份有限公司中和分公司,新北市中和區中山路三段122號,大型購物場所,環球購物中心 B2F燒肉like,660,1320,660,1320,660,1320,660,1320,660,1320,660,1320,660,1320,,25.0066731,121.4747785,中和區
991,中和區社區運動公園,新北市中和區錦和路350號,其他,管理中心前,360,1320,360,1320,360,1320,360,1320,360,1320,360,1320,360,1320,02-24922034#19,24.9926349,121.490381,中和區
992,新北市萬里區萬里國民小學,新北市萬里區瑪鋉路18號,學校、大型集會場所,健康中心,470,990,470,990,470,990,470,990,470,990,0,0,0,0,,25.1760395,121.6892609,萬里區
993,双捷晶華社區,新北市中和區景新街468號,其他,一樓健身房,480,1320,480,1320,480,1320,480,1320,480,1320,480,1320,NaN,NaN,26656343,24.9872755,121.5135735,中和區
994,新北市政府警察局新店分局石嘈派出所,新北市坪林區北宜路9段6號,其他,新北市政府警察局新店分局石嘈派出所,360,1080,360,1080,360,1080,360,1080,360,1080,360,1080,360,1080,(02)2805-4791,24.935695,121.689063,坪林區
995,新北市政府警察局交通警察大隊淡海捷運分隊,新北市淡水區淡海段第59地號,其他,值班臺右前方,0,1439,0,1439,0,1439,0,1439,0,1439,0,1439,0,1439,02-85316494,25.199358,121.432731,淡水區
996,泰山區義學立體停車場,新北市泰山區明志路二段188號,其他,一樓管理中心門旁,0,1439,0,1439,0,1439,0,1439,0,1439,0,1439,0,1439,02-86355107,25.0500966,121.4274722,泰山區
997,交通部觀光局北海岸及觀音山國家風景區管理處-三芝遊客中心,新北市三芝區埔坪里埔頭坑164-2號,觀光旅遊地區,1樓大門入口右方處,540,1020,540,1020,540,1020,540,1020,540,1020,540,1020,540,1020,02-24988980,25.246394,121.514604,三芝區
998,交通部觀光局北海岸及觀音山國家風景區管理處-金山遊客中心,新北市金山區磺港路171-2號,觀光旅遊地區,1樓大門入口右方處。,540,1020,540,1020,540,1020,540,1020,540,1020,540,1020,540,1020,02-26015310分機1329,25.2256743,121.648987,金山區
999,醒吾學校財團法人醒吾科技大學,新北市林口區粉寮路一段101號,學校、大型集會場所,觀光餐旅學院大樓1樓(正門入口左轉),480,1320,480,1320,480,1320,480,1320,480,1320,480,1320,480,1320,02-2608-6521#820,25.0832782,121.3955724,林口區
1000,新北市林口區新林國民小學,新北市林口區三民路101號,學校、大型集會場所,多目的教室前,1200,1320,1200,1320,1200,1320,1200,1320,1200,1320,1200,1320,1200,1320,953662080,25.0705688,121.3591139,林口區
1001,舞動陽光馬公公園運動中心,新北市新店區北新路一段92號1樓,大型休閒場所,辦公室外牆壁,480,1320,480,1320,480,1320,480,1320,480,1320,480,1320,480,1320,02-2348-3009,24.9681509,121.5426518,新店區
1002,臺灣土地銀行員工訓練所,新北市新店區竹林路26巷42號,其他,員工訓練所大廳,540,1020,540,1020,540,1020,540,1020,540,1020,NaN,NaN,NaN,NaN,02-85128228,24.9507817,121.5510835,新店區
1003,新北市康橋國際學校林口校區,新北市林口區興林路55號,學校、大型集會場所,小學部1 樓川堂,480,1260,480,1260,480,1260,480,1260,480,1260,NaN,NaN,NaN,NaN,02-85128228,25.0740524,121.3899708,林口區
1004,新北市康橋國際學校林口校區,新北市林口區興林路55號,學校、大型集會場所,中學部教學樓1 樓川堂,480,1260,480,1260,480,1260,480,1260,480,1260,NaN,NaN,NaN,NaN,02-85128228,25.0740524,121.3899708,林口區
1005,新北市康橋國際學校林口校區,新北市林口區興林路55號,學校、大型集會場所,宿舍2樓樓梯口,480,1260,480,1260,480,1260,480,1260,480,1260,NaN,NaN,NaN,NaN,02-85128228,25.0740524,121.3899708,林口區
1006,新北市康橋國際學校林口校區,新北市林口區興林路55號,學校、大型集會場所,體育館地下一樓游泳池,480,1200,480,1200,480,1200,480,1200,480,1200,NaN,NaN,NaN,NaN,02-85128228,25.0740524,121.3899708,林口區
1007,新北市康橋國際學校林口校區,新北市林口區興林路55號,學校、大型集會場所,體育館四樓籃球場,480,1260,480,1260,480,1260,480,1260,480,1260,NaN,NaN,NaN,NaN,2980-0388,25.0740524,121.3899708,林口區
1008,新北市三重區農會慈福分部,新北市三重區仁愛街389號,其他,營業廳,480,1020,480,1020,480,1020,480,1020,480,1020,NaN,NaN,NaN,NaN,82826354,25.0807925,121.4913632,三重區
1009,新北市蘆洲區永平公有零售市場,新北市蘆洲區永平街1號,其他,廁所外,480,1020,480,1020,480,1020,480,1020,480,1020,480,1020,NaN,NaN,02-22811484,25.0903409,121.459313,蘆洲區
1010,新北市蘆洲區永平市民活動中心,新北市蘆洲區永平街1號4樓,其他,場館內飲水機旁,NaN,NaN,480,1020,480,1020,480,1020,480,1020,480,1020,NaN,NaN,958232345,25.0903409,121.459313,蘆洲區
1011,板橋區清潔隊車北班,新北市板橋區民生路二段89-8號,交通要衝,板橋區清潔隊車北班,NaN,NaN,NaN,NaN,NaN,NaN,NaN,NaN,NaN,NaN,NaN,NaN,NaN,NaN,02-26631080#271,25.0204341,121.469725,板橋區
1012,新北市石碇區公所,新北市石碇區潭邊里碇坪路一段37號,其他,進入公所1樓大門右側柱子上,480,1020,480,1020,480,1020,480,1020,480,1020,NaN,NaN,NaN,NaN,02-26218819,24.9915255,121.6579206,石碇區
1013,公園居管理委員會,新北市淡水區中山北路二段189巷30號,其他,大廳管理中心旁,0,1439,0,1439,0,1439,0,1439,0,1439,0,1439,0,1439,,25.185414,121.4434853,淡水區
1014,新北市三峽區生命紀念館,新北市三峽區添福里添福81號,學校、大型集會場所,新北市三峽生命紀念館,510,990,510,990,510,990,510,990,510,990,510,990,510,990,02-7705-0899,24.897054,121.3798921,三峽區
1015,美麗新淡海影城,新北市淡水區義山路二段303號2樓,大型休閒場所,2樓入口大門旁,480,240,480,240,480,240,480,240,480,240,480,240,480,240,02-85221887,25.1987743,121.4385576,淡水區
1016,遠雄巴黎公園社區管理委員會,新北市新莊區新北大道三段49號,其他,大廳管理中心旁,0,1439,0,1439,0,1439,0,1439,0,1439,0,1439,0,1439,930875293,25.0598292,121.455868,新莊區
1017,新北市八里區公所慈恩納骨塔,新北市八里區龍米路2段171巷1號,其他,入大廳左側樓梯間,480,960,480,960,480,960,480,960,480,960,480,960,480,960,02-29519810轉351,25.1555179,121.4360626,八里區
1018,新北市私立豫章高級工商職業學校,新北市板橋區四川路一段391號,學校、大型集會場所,禮堂內製版室外,480,960,480,960,480,960,480,960,480,960,NaN,NaN,NaN,NaN,,24.9972245,121.4590085,板橋區
1019,成發居社區管理委員會,新北市鶯歌區文化路233號,其他,出入口右前方,0,1439,0,1439,0,1439,0,1439,0,1439,0,1439,0,1439,(02) 2902-2666,24.953104,121.3539753,鶯歌區
1020,香港商世界健身事業有限公司泰山分公司,新北市泰山區明志路三段83號B1,學校、大型集會場所,大廳洽談桌後方,360,0,360,0,360,0,360,0,360,0,360,0,360,0,02-89137719#9025,25.0416024,121.4252248,泰山區
1021,京站實業股份有限公司新店分公司,新北市新店區中央路157號5樓,大型購物場所,5樓空橋上,660,1290,660,1290,660,1290,660,1290,660,1320,660,1320,630,1290,973178413,24.9723936,121.530427,新店區
1022,CURVES女性30分鐘環狀運動樹林店,新北市樹林區中山路一段98號2樓,學校、大型集會場所,進門正右方牆面上(環狀運動圈旁邊),930,1260,930,1260,930,1260,930,1260,930,1260,600,780,NaN,NaN,02-29094111分機2333,24.9911467,121.4230307,樹林區
1023,內政部警政署國道公路警察局,新北市泰山區黎明里半山雅70-2號,其他,大門口右側處,0,1439,0,1439,0,1439,0,1439,0,1439,0,1439,0,1439,02-2345-3819,25.0676931,121.4303894,泰山區
1024,全民運動健身中心,新北市中和區成功路129號B1,學校、大型集會場所,全民運動健身中心 櫃台正前方,450,30,450,30,450,30,450,30,450,30,450,30,450,30,02-29733683,24.9908755,121.5259984,中和區
1025,冠德美麗台北社區,新北市三重區重新路一段108號,其他,一樓大門左側,0,1439,0,1439,0,1439,0,1439,0,1439,0,1439,0,1439,02-29215991,25.063045,121.5005789,三重區
1026,新北市永和區永安公有零售市場,新北市永和區安樂路431號,其他,安樂路431號,NaN,NaN,NaN,NaN,NaN,NaN,NaN,NaN,NaN,NaN,NaN,NaN,NaN,NaN,926666280,25.0044799,121.5142842,永和區
1027,淡海輕軌紅樹林站(V01站),新北市淡水區淡金公路,交通要衝,月台層，中間位置,360,0,360,0,360,0,360,0,360,0,360,0,360,0,926666280,25.1811525,121.4521231,淡水區
1028,淡海輕軌竿蓁林站(V02站),新北市淡水區淡金路,交通要衝,售票加值機旁,360,0,360,0,360,0,360,0,360,0,360,0,360,0,926666280,25.1662505,121.459274,淡水區
1029,淡海輕軌淡金鄧公站(V03站),新北市淡水區淡金公路,交通要衝,月台層售票加值機旁,360,0,360,0,360,0,360,0,360,0,360,0,360,0,926666280,25.1811525,121.4521231,淡水區
1030,淡海輕軌淡江大學站(V04站),新北市淡水區淡金路,交通要衝,售票加值機旁,360,0,360,0,360,0,360,0,360,0,360,0,360,0,926666280,25.1662505,121.459274,淡水區
1031,淡海輕軌淡金北新站(V05站),新北市淡水區淡金路,交通要衝,售票加值機旁,360,0,360,0,360,0,360,0,360,0,360,0,360,0,926666280,25.1662505,121.459274,淡水區
1032,淡海輕軌新市一路站(V06站),新北市淡水區淡金路,交通要衝,售票加值機旁,360,0,360,0,360,0,360,0,360,0,360,0,360,0,926666280,25.1662505,121.459274,淡水區
1033,淡海輕軌行政中心站(V07站),新北市淡水區濱海路一段,交通要衝,售票加值機旁,360,0,360,0,360,0,360,0,360,0,360,0,360,0,926666280,25.1891602,121.4424005,淡水區
1034,淡海輕軌濱海義山站(V08站),新北市淡水區濱海路一段,交通要衝,月台中間，售票加值機旁,360,0,360,0,360,0,360,0,360,0,360,0,360,0,926666280,25.1891602,121.4424005,淡水區
1035,淡海輕軌濱海沙崙站(V09站),新北市淡水區濱海路一段,交通要衝,月台中間，售票加值機旁,360,0,360,0,360,0,360,0,360,0,360,0,360,0,926666280,25.1891602,121.4424005,淡水區
1036,淡海輕軌新市鎮站(V10站),新北市淡水區沙崙路二段,交通要衝,月台中間，售票加值機旁,360,0,360,0,360,0,360,0,360,0,360,0,360,0,926666280,25.1977426,121.4332874,淡水區
1037,淡海輕軌崁頂站(V11站),新北市淡水區沙崙路二段,交通要衝,月台中間，售票加值機旁,360,0,360,0,360,0,360,0,360,0,360,0,360,0,02-26616009,25.1977426,121.4332874,淡水區
1038,雲仙樂園,新北市烏來區瀑布路1之1號,觀光旅遊地區,服務中心救護站,540,1020,540,1020,540,1020,540,1020,540,1020,540,1050,540,1050,29971951,24.8485154,121.5517213,烏來區
1039,新北市樂慧身心障礙者家庭資源中心,新北市新莊區中港路172號2樓,其他,門口左側牆壁上,510,1050,510,1050,510,1050,510,1050,510,1050,NaN,NaN,NaN,NaN,(02) 26106677#336,25.0418054,121.4550914,新莊區
1040,新北市立八里愛心教養院,新北市八里區華富山37號,其他,3樓保健組走廊備藥室旁,480,1200,480,1200,480,1200,480,1200,480,1200,480,1200,480,1200,02-32348645*119,25.1443896,121.3983016,八里區
1041,新北市中和區光復國民小學,新北市中和區光環路二段1號,學校、大型集會場所,學務處前,420,1260,420,1260,420,1260,420,1260,420,1260,NaN,NaN,NaN,NaN,02-32348645*119,25.0151245,121.4838217,中和區
1042,新北市中和區光復國民小學,新北市中和區光環路二段1號,學校、大型集會場所,司令台後方,420,1260,420,1260,420,1260,420,1260,420,1260,NaN,NaN,NaN,NaN,(02)-26631240,25.0151245,121.4838217,中和區
1043,新北市政府警察局新店分局石碇分駐所,新北市石碇區碇坪路一段79號,其他,新北市政府警察局新店分局石碇分駐所值班台旁,0,1439,0,1439,0,1439,0,1439,0,1439,0,1439,0,1439,02-89136651*6100,24.9911281,121.6606978,石碇區
1044,宜家家居股份有限公司新店分公司,新北市新店區中央路159號4樓,大型購物場所,3樓客服櫃台前,600,1290,600,1290,600,1290,600,1290,600,1290,600,1290,600,1290,02-89136651*6100,24.9725821,121.5297745,新店區
1045,宜家家居股份有限公司新店分公司,新北市新店區中央路159號4樓,大型購物場所,4樓瑞典餐廳入口處,600,1290,600,1290,600,1290,600,1290,600,1290,600,1290,600,1290,02-89136651*6100,24.9725821,121.5297745,新店區
1046,宜家家居股份有限公司新店分公司,新北市新店區中央路159號4樓,大型購物場所,4樓辦公室,600,960,600,960,600,960,600,960,600,960,600,960,600,960,,24.9725821,121.5297745,新店區
1047,淡江大學,新北市淡水區英專路151號,學校、大型集會場所,水源街警衛室,480,1020,480,1020,480,1020,480,1020,480,1020,0,1439,0,1439,29899201#215,25.1731907,121.448457,淡水區
1048,新北市果菜運銷股份有限公司板橋果菜批發市場,新北市板橋區板城路1000號,其他,出口斜坡下,0,1439,0,1439,0,1439,0,1439,0,1439,0,1439,0,1439,29899201#215,25.0202342,121.4491481,板橋區
1049,新北市果菜運銷股份有限公司板橋果菜批發市場,新北市板橋區板城路1000號,其他,ATM門口旁,0,1439,0,1439,0,1439,0,1439,0,1439,0,1439,0,1439,26871368,25.0202342,121.4491481,板橋區
1050,新北市板樹體育館,新北市板橋區溪城路90號,大型休閒場所,大門口入口左側,420,1320,420,1320,420,1320,420,1320,420,1320,420,1320,420,1320,02-82313024,24.9819044,121.4265435,板橋區
1051,台北菠爾社區,新北市永和區環河西路二段187號,其他,B1管理中心大門左前方,0,1439,0,1439,0,1439,0,1439,0,1439,0,1439,0,1439,02-26232652,25.0110311,121.5023104,永和區
1052,蒙德里安社區管理委員會,新北市淡水區沙崙路一段126巷61之133號,其他,進入大門右側門旁,0,1439,0,1439,0,1439,0,1439,0,1439,0,1439,0,1439,02-86921885,25.1886497,121.4321304,淡水區
1053,鮮享股份有限公司,新北市汐止區大同路一段276號6樓,其他,大門左前方,450,1080,450,1080,450,1080,450,1080,450,1080,NaN,NaN,NaN,NaN,02-89720079,25.0572691,121.6344153,汐止區
1054,新北市三重國民運動中心,新北市三重區集美街55號,學校、大型集會場所,二樓大廳充電站旁,360,1320,360,1320,360,1320,360,1320,360,1320,360,1320,360,1320,02-2681-3316 分機81212,25.0545693,121.4879779,三重區
1055,新日興股份有限公司/俊英廠,新北市樹林區俊英街174號,其他,A棟2樓大廳前,420,1110,420,1110,420,1110,420,1110,420,1110,NaN,NaN,NaN,NaN,02-26813316#2153,25.0079026,121.4262776,樹林區
1056,新日興股份有限公司/俊英廠,新北市樹林區俊英街174號,其他,E棟1樓碼頭下貨處,420,1110,420,1110,420,1110,420,1110,420,1110,NaN,NaN,NaN,NaN,02-26813316#2153,25.0079026,121.4262776,樹林區
1057,新日興股份有限公司/俊英廠,新北市樹林區俊英街174號,其他,H棟1樓通廊靠近乙梯,420,1110,420,1110,420,1110,420,1110,420,1110,NaN,NaN,NaN,NaN,02-26813316#2153,25.0079026,121.4262776,樹林區
1058,新日興股份有限公司/新樹廠A棟,新北市樹林區新樹路529號A棟,其他,A棟一樓電梯旁,420,1110,420,1110,420,1110,420,1110,420,1110,NaN,NaN,NaN,NaN,02-26813316#2153,25.0095601,121.4329114,樹林區
1059,新日興股份有限公司/俊興廠,新北市樹林區俊興街291號,其他,一樓辦公室外,420,1110,420,1110,420,1110,420,1110,420,1110,NaN,NaN,NaN,NaN,02-26813316#2153,25.0175252,121.4185418,樹林區
1060,新日興股份有限公司/三俊廠,新北市樹林區三俊街69號,其他,A棟一樓打卡處,420,1110,420,1110,420,1110,420,1110,420,1110,NaN,NaN,NaN,NaN,(02)2207-5386,25.015702,121.4142842,樹林區
1061,新北市政府警察局新莊分局新樹派出所,新北市新莊區樹新路222號,其他,進大門右側,0,1439,0,1439,0,1439,0,1439,0,1439,0,1439,0,1439,928126958,25.0003262,121.4312436,新莊區
1062,觀音山硬漢嶺(亞洲形上觀音山揹水隊捐贈),新北市五股區 ,其他,觀音山硬漢嶺(亞洲形上觀音山揹水隊捐贈),NaN,NaN,NaN,NaN,NaN,NaN,NaN,NaN,NaN,NaN,NaN,NaN,NaN,NaN,928126958,25.0848317,121.4386586,五股區
1063,土城火焰山(亞洲形上觀音山揹水隊捐贈),新北市土城區 ,其他,土城火焰山(亞洲形上觀音山揹水隊捐贈),NaN,NaN,NaN,NaN,NaN,NaN,NaN,NaN,NaN,NaN,NaN,NaN,NaN,NaN,02-26380679,24.968371,121.438034,土城區
1064,長盛育樂股份有限公司(濱海高爾夫球場),新北市石門區尖鹿里尖子鹿路10號,其他,會館大廳大門右側,360,1080,360,1080,360,1080,360,1080,360,1080,360,1080,360,1080,22755313#232,25.2818216,121.5765333,石門區
1065,新北市板橋區中山國民小學,新北市板橋區大觀路二段59巷31號,學校、大型集會場所,行健樓一樓,420,1080,420,1080,420,1080,420,1080,420,1080,420,1080,420,1080,0930-768-753,25.0014964,121.4485866,板橋區
1066,More Fit 江子翠店,新北市板橋區雙十路三段31號3樓,學校、大型集會場所,訓練區,420,1380,420,1380,420,1380,420,1380,420,1380,420,1380,420,1380,224989331,25.0315629,121.4706314,板橋區
1067,財團法人新北市私立馨園老人養護中心,新北市萬里區磺潭里公館崙23-1號,其他,1F進門口左側,510,1050,510,1050,510,1050,510,1050,510,1050,510,1050,510,1050,975826292,25.2062176,121.6273968,萬里區
1068,港務公司臺北港營運處,新北市八里區廈竹圍２３號,交通要衝,臺北港行政大樓一樓旅客候船室,480,1020,480,1020,480,1020,480,1020,480,1020,NaN,NaN,NaN,NaN,958371101,25.1441205,121.393756,八里區
1069,港務公司臺北港營運處旅客服務中心,新北市八里區訊塘里7鄰下竹圍23號,交通要衝,臺北港營運處旅客服務中心1樓,480,1020,480,1020,480,1020,480,1020,480,1020,NaN,NaN,NaN,NaN,928126958,25.150007,121.439971,八里區
1070,大屯山二子坪公園(亞洲形上觀音山揹水隊捐贈),新北市三芝區 ,其他,大屯山二子坪公園(亞洲形上觀音山揹水隊捐贈),NaN,NaN,NaN,NaN,NaN,NaN,NaN,NaN,NaN,NaN,NaN,NaN,NaN,NaN,(02) 2282-1222,25.2593452,121.5024341,三芝區
1071,香港商世界健身事業有限公司蘆洲分公司,新北市蘆洲區民族路31-5號,學校、大型集會場所,1F客服櫃台右側,360,0,360,0,360,0,360,0,360,0,360,0,360,0,955027379,25.0852506,121.4773476,蘆洲區
1072,遠東百貨板橋中山分公司,新北市板橋區中山路一段152號,大型購物場所,9樓客服中心,660,1320,660,1320,660,1320,660,1320,660,1320,660,1320,660,1320,976252318,25.0108347,121.4643891,板橋區
1073,新北市板橋區實踐國民小學,新北市板橋區實踐路93巷51號,學校、大型集會場所,健康中心外牆,420,1260,420,1260,420,1260,420,1260,420,1260,NaN,NaN,NaN,NaN,02-77054168#8213,25.0054862,121.4669799,板橋區
1074,遠東百貨股份有限公司板橋新站分公司(板橋大遠百),新北市板橋區新站路28號,大型購物場所,板橋大遠百1樓服務台旁,660,1320,660,1320,660,1320,660,1320,660,1320,660,1320,660,1320,02-77054168#8213,25.0136061,121.4669037,板橋區
1075,遠東百貨股份有限公司板橋新站分公司(板橋大遠百),新北市板橋區新站路28號,大型購物場所,板橋大遠百7樓贈品中心,660,1320,660,1320,660,1320,660,1320,660,1320,660,1320,660,1320,955027379,25.0136061,121.4669037,板橋區
1076,遠東百貨板橋中山分公司,新北市板橋區中山路一段152號,大型購物場所,一樓服務台,660,1320,660,1320,660,1320,660,1320,660,1320,660,1320,660,1320,978755217,25.0108347,121.4643891,板橋區
1077,新北市政府社會局委託財團法人伊甸社會福利基金會辦理新店中正社區長照機構(新店中正障礙者日間照顧中心),新北市新店區中正路263巷16號4樓,其他,本中心辦公室,480,1020,480,1020,480,1020,480,1020,480,1020,NaN,NaN,NaN,NaN,82862517轉119,24.9728789,121.537986,新店區
1078,新北市立鷺江國民中學,新北市蘆洲區長樂路235號,學校、大型集會場所,總務處走廊,360,NaN,360,1260,360,1260,360,1260,360,1260,360,1200,360,1200,02-26687071#2314,25.0902232,121.46201,蘆洲區
1079,大智通文化行銷股份有限公司,新北市樹林區佳園路二段70-1號,其他,三期3樓辦公室旁,0,1439,0,1439,0,1439,0,1439,0,1439,0,1439,0,1439,02-77054168#8213,24.9600762,121.3905563,樹林區
1080,遠東百貨股份有限公司板橋新站分公司(板橋大遠百),新北市板橋區新站路28號,大型購物場所,板橋大遠百B3停車場管理室內,660,1320,660,1320,660,1320,660,1320,660,1320,660,1320,660,1320,926666280,25.0136061,121.4669037,板橋區
1081,捷運環狀線景安站Y11,新北市中和區景平路486號,交通要衝,環狀線景安站詢問處旁,360,0,360,0,360,0,360,0,360,0,360,0,360,0,926666280,24.9938396,121.504825,中和區
1082,捷運環狀線橋和站Y13,新北市中和區板南路430號,交通要衝,捷運環狀線橋和站詢問處旁,360,0,360,0,360,0,360,0,360,0,360,0,360,0,926666280,25.0047969,121.4903178,中和區
1083,捷運環狀線中原站Y14,新北市中和區板南路510號,交通要衝,捷運環狀線中原站詢問處旁,360,0,360,0,360,0,360,0,360,0,360,0,360,0,926666280,25.0084233,121.4840963,中和區
1084,捷運環狀線大坪林站Y07,新北市新店區北新路3段190號,交通要衝,環狀線大坪林站詢問處旁,360,0,360,0,360,0,360,0,360,0,360,0,360,0,926666280,24.982752,121.543144,新店區
1085,捷運環狀線新北產業園區站Y20,新北市新莊區五工路35號,交通要衝,捷運環狀線新北產業園區站詢問處旁,360,0,360,0,360,0,360,0,360,0,360,0,360,0,926666280,25.0614031,121.4596695,新莊區
1086,捷運環狀線中和站Y12,新北市中和區中山路二段271號,交通要衝,捷運環狀線中和站詢問處旁,360,0,360,0,360,0,360,0,360,0,360,0,360,0,926666280,25.0022915,121.4962709,中和區
1087,捷運環狀線板橋站Y16,新北市板橋區新站路66號,交通要衝,捷運環狀線板橋站詢問處旁,360,0,360,0,360,0,360,0,360,0,360,0,360,0,926666280,25.0153598,121.4648828,板橋區
1088,捷運環狀線幸福站Y19,新北市新莊區思源路292號,交通要衝,捷運環狀線幸福站詢問處旁,360,0,360,0,360,0,360,0,360,0,360,0,360,0,926666280,25.0499725,121.460209,新莊區
1089,捷運環狀線秀朗橋站Y09,新北市中和區景平路2號,交通要衝,捷運秀朗橋站詢問處旁,360,0,360,0,360,0,360,0,360,0,360,0,360,0,926666280,24.9905493,121.5250505,中和區
1090,捷運環狀線板新站Y15,新北市板橋區板新路109號,交通要衝,捷運環狀線板新站詢問處旁,360,0,360,0,360,0,360,0,360,0,360,0,360,0,926666280,25.0144861,121.4724172,板橋區
1091,捷運環狀線頭前庄站Y18,新北市新莊區思源路20號,交通要衝,捷運環狀線頭前庄站詢問處旁,360,0,360,0,360,0,360,0,360,0,360,0,360,0,926666280,25.0398528,121.4605218,新莊區
1092,捷運環狀線十四張站Y08,新北市新店區民權路282號,交通要衝,捷運環狀線十四張站詢問處旁,360,0,360,0,360,0,360,0,360,0,360,0,360,0,926666280,24.9843328,121.5272549,新店區
1093,捷運環狀線景平站Y10,新北市中和區景平路121號,交通要衝,捷運景平站詢問處旁,360,0,360,0,360,0,360,0,360,0,360,0,360,0,926666280,24.9919349,121.5161961,中和區
1094,捷運環狀線新埔民生站Y17,新北市板橋區民生路3段70號,交通要衝,捷運環狀線新埔民生站詢問處旁,360,0,360,0,360,0,360,0,360,0,360,0,360,0,02-21738888#3220,25.026011,121.4669241,板橋區
1095,合作金庫商業銀行-板橋分行,新北市板橋區中正路330號,其他,1樓大廳,540,930,540,930,540,930,540,930,540,930,NaN,NaN,NaN,NaN,22193700分機410,25.0218351,121.4545392,板橋區
1096,新北市立新店高級中學,新北市新店區中央路93號,學校、大型集會場所,體育辦公室旁邊,480,1030,480,1030,480,1030,480,1030,480,1030,NaN,NaN,NaN,NaN,0222733567*612,24.9755738,121.5326953,新店區
1097,宏國德霖科技大學,新北市土城區青雲路380巷1號,學校、大型集會場所,衛生保健組,480,1080,480,1080,480,1080,480,1080,480,1080,NaN,NaN,NaN,NaN,(02) 26106677#336,24.9730643,121.4584665,土城區
1098,新北市立八里愛心教養院,新北市八里區華富山37號,其他,2F會計室門口,480,1200,480,1200,480,1200,480,1200,480,1200,480,1200,480,1200,985199736,25.1443896,121.3983016,八里區
1099,家福股份有限公司蘆洲分公司,新北市三重區五華街282號3樓,大型購物場所,3樓上4樓手扶梯前,0,1439,0,1439,0,1439,0,1439,0,1439,0,1439,0,1439,02-29087076,25.0881076,121.4868335,三重區
1100,Curves可爾姿女性30分鐘環狀運動新莊龍安店,新北市新莊區龍安路69巷8號1樓,學校、大型集會場所,1樓運動圈旁,900,1260,900,1260,900,1260,900,1260,900,1260,600,780,NaN,NaN,928126958,25.0222319,121.4157826,新莊區
1101,觀音山弱者俱樂部(亞洲形上觀音山揹水隊捐贈),新北市五股區 ,其他,觀音山弱者俱樂部(亞洲形上觀音山揹水隊捐贈),NaN,NaN,NaN,NaN,NaN,NaN,NaN,NaN,NaN,NaN,NaN,NaN,NaN,NaN,0928-094-933,25.0848317,121.4386586,五股區
1102,台北新板希爾頓酒店,新北市板橋區民權路88號,旅宿場所,二樓如意廳外,0,1439,0,1439,0,1439,0,1439,0,1439,0,1439,0,1439,26106070#103,25.0113936,121.4624905,板橋區
1103,新北市政府環境保護局八里區清潔隊,新北市八里區博物館路10之1號,其他,餐廳,480,1020,480,1020,NaN,NaN,480,1020,480,1020,480,1020,NaN,NaN,02-26218555#2912,25.163807,121.4155151,八里區
1104,新北市滬尾藝文休閒園區 禮萊廣場,新北市淡水區中正路一段2號1樓,大型購物場所,商場1樓大廳出入口,660,1290,660,1290,660,1290,660,1290,660,1290,660,1320,660,1290,02-26218555#2912,25.1766032,121.4297257,淡水區
1105,新北市滬尾藝文休閒園區 將捷金鬱金香酒店,新北市淡水區中正路1段2號,旅宿場所,酒店大門出入口旁,NaN,NaN,NaN,NaN,NaN,NaN,NaN,NaN,NaN,NaN,NaN,NaN,NaN,NaN,(02)2643-2270#385,25.1748783,121.4327391,淡水區
1106,宏正自動科技股份有限公司(汐萬廠),新北市汐止區新江北路30巷20號,其他,1樓大廳,480,960,480,960,480,960,480,960,480,960,NaN,NaN,NaN,NaN,(02)8692-6789#1993,25.069509,121.6523574,汐止區
1107,宏正自動科技股份有限公司,新北市汐止區大同路二段125號3樓,其他,3樓大廳,510,1140,510,1140,510,1140,510,1140,510,1140,NaN,NaN,NaN,NaN,86355100-2123,25.0639687,121.6504901,汐止區
1108,交通部觀光局北海岸及觀音山國家風景區管理處-白沙灣救生站,新北市石門區德茂里下員坑33-6號,觀光旅遊地區,白沙灣救生站,540,1020,540,1020,540,1020,540,1020,540,1020,540,1020,540,1020,(02) 2955-7755,25.27841,121.521283,石門區
1109,香港商世界健身事業有限公司板橋重慶分公司,新北市板橋區重慶路247號B1,學校、大型集會場所,教練櫃台旁,360,0,360,0,360,0,360,0,360,0,360,0,360,0,972892258,25.0004507,121.4636022,板橋區
1110,星翔游泳培訓有限公司,新北市板橋區三民路2段35巷27號一樓游泳池,其他,進游泳池入口左手邊,360,1320,360,1320,360,1320,360,1320,360,1320,360,1200,360,1200,02-22811484,25.0174524,121.4794289,板橋區
1111,新北市蘆洲區中路市民活動中心,新北市蘆洲區光華路107巷11號,其他,活動中心場館內,0,0,480,1020,480,1020,480,1020,480,1020,480,1020,0,0,02-29086888,25.0820528,121.4677116,蘆洲區
1112,驛德世紀酒店,新北市新莊區後港一路169號,旅宿場所,1樓大廳,480,1380,480,1380,480,1380,480,1380,480,1380,480,1380,480,1380,02-26681108,25.0284658,121.4322059,新莊區
1113,紫微森林景觀餐廳,新北市三峽區紫微南路97-1號,其他,一樓櫃台旁,660,1260,660,1260,660,1260,660,1260,660,1260,660,1260,660,1260,02-22879890#230,24.9026522,121.4196829,三峽區
1114,新北市立三和國民中學,新北市三重區三和路四段216號,學校、大型集會場所,自強樓1樓教師辦公室門口之牆邊,1050,1260,1050,1260,1050,1260,1050,1260,1050,1260,NaN,NaN,NaN,NaN,02-26616009,25.0763987,121.4867838,三重區
1115,雲仙樂園,新北市烏來區瀑布路1之1號,觀光旅遊地區,雲景(二),540,1020,540,1020,540,1020,540,1020,540,1020,540,1050,540,1050,(02)26202290,24.8485154,121.5517213,烏來區
1116,新北市淡水區農會,新北市淡水區中正路42-1號,其他,1樓大廳(進大門右測),480,1020,480,1020,480,1020,480,1020,480,1020,NaN,NaN,NaN,NaN,939347580,25.1695096,121.443547,淡水區
1117,新北市立青山國民中小學,新北市汐止區莊敬街33號,學校、大型集會場所,體育館內,480,1080,480,1080,480,1080,480,1080,480,1080,480,1080,480,960,970557157,25.0611624,121.6566775,汐止區
1118,新北市政府警察局新莊分局昌平派出所,新北市新莊區富貴路111號,其他,大門右側,0,1439,0,1439,0,1439,0,1439,0,1439,0,1439,0,1439,(02)2498-5112,25.0570746,121.4548002,新莊區
1119,台灣電力股份有限公司第二核能發電廠北部展示館,新北市萬里區野柳里八斗60號,其他,1F大廳左側手扶梯旁,500,980,500,980,500,980,500,980,500,980,500,980,500,980,958232345,25.2031995,121.68515,萬里區
1120,板橋區清潔隊廚餘一二班,新北市板橋區華東街1-7號,其他,辦公室門口側,NaN,NaN,NaN,NaN,NaN,NaN,NaN,NaN,NaN,NaN,NaN,NaN,NaN,NaN,02-89264470#825,24.9951473,121.4484992,板橋區
1121,新北市永和區網溪國民小學,新北市永和區竹林路79號,學校、大型集會場所,活力館一樓 近操場往2樓樓梯附近  跟幼兒園共用牆面,1080,1260,1080,1260,1080,1260,1080,1260,1080,1260,NaN,NaN,NaN,NaN,958232345,25.013053,121.519441,永和區
1122,板橋區清潔隊隊本部,新北市板橋區實踐路3號1樓,其他,辦公室門口,NaN,NaN,NaN,NaN,NaN,NaN,NaN,NaN,NaN,NaN,NaN,NaN,NaN,NaN,02-29845577,25.0082482,121.4637119,板橋區
1123,第一商業銀行五股分行,新北市五股區四維路90號,其他,大門入口處左側,540,930,540,930,540,930,540,930,540,930,NaN,NaN,NaN,NaN,02-85110288-629,25.0731604,121.4675254,五股區
1124,融程電訊股份有限公司,新北市三重區興德路111-6號,其他,贏翼大樓9樓(女廁門口右邊),540,1080,540,1080,540,1080,540,1080,540,1080,NaN,NaN,NaN,NaN,02-22495011,25.0534763,121.4711991,三重區
1125,第一商業銀行中和分行,新北市中和區中山路二段152號,其他,大門進入右側書報夾旁,540,930,540,930,540,930,540,930,540,930,NaN,NaN,NaN,NaN,02-24967711,25.0030417,121.5015909,中和區
1126,第一商業銀行瑞芳分行,新北市瑞芳區明燈路3段76號,其他,大門入口左側牆壁上,540,1050,540,1050,540,1050,540,1050,540,1050,NaN,NaN,NaN,NaN,02-26471688,25.1081599,121.8064197,瑞芳區
1127,第一商業銀行汐止分行,新北市汐止區大同路一段280號,其他,大門進入左側靠牆壁,540,930,540,930,540,930,540,930,540,930,NaN,NaN,NaN,NaN,02-6637-0555,25.05744,121.6345997,汐止區
1128,第一商業銀行樹林分行,新北市樹林區中山路1段27-7號1樓、27-8號1樓,其他,大門進入左側,540,930,540,930,540,930,540,930,540,930,NaN,NaN,NaN,NaN,02-29615171,24.9815605,121.4198606,樹林區
1129,第一商業銀行板橋分行,新北市板橋區文化路一段329號,其他,大門進入左側,540,930,540,930,540,930,540,930,540,930,NaN,NaN,NaN,NaN,987745773,25.0207355,121.4662524,板橋區
1130,第一商業銀行新店分行,新北市新店區中興路3段134號,其他,大門入口左側(飲水機旁),540,930,540,930,540,930,540,930,540,930,NaN,NaN,NaN,NaN,02-8227-2111,24.9797071,121.5454121,新店區
1131,第一商業銀行連城分行,新北市中和區連城路258號,其他,大門進入左側書報架旁,540,930,540,930,540,930,540,930,540,930,NaN,NaN,NaN,NaN,26381007,24.9965897,121.4869157,中和區
1132,新北市石門區衛生所,新北市石門區中山路28-1號,其他,一樓櫃台前面,480,1050,480,1050,480,1050,480,1050,480,1050,NaN,NaN,NaN,NaN,974199978,25.290217,121.5659907,石門區
1133,馬偕學校財團法人馬偕醫護管理專科學校(三芝校區),新北市三芝區中正路三段42號,學校、大型集會場所,三芝校區圖書館1樓,8,17,8,17,8,17,8,17,8,17,NaN,NaN,NaN,NaN,900172671,25.2509168,121.498136,三芝區
1134,板橋客運站,新北市板橋區新站路66-1號,交通要衝,板橋轉運站1樓無障礙斜坡旁,360,1380,360,1380,360,1380,360,1380,360,1380,360,1380,360,1380,974199978,25.0153592,121.4648828,板橋區
1135,馬偕學校財團法人馬偕醫護管理專科學校(三芝校區),新北市三芝區中正路三段42號,學校、大型集會場所,三芝校區新綜合大樓1樓,8,17,8,17,8,17,8,17,8,17,NaN,NaN,NaN,NaN,974199978,25.2509168,121.498136,三芝區
1136,馬偕學校財團法人馬偕醫護管理專科學校(三芝校區),新北市三芝區中正路三段42號,學校、大型集會場所,三芝校區應幼大樓1樓,8,17,8,17,8,17,8,17,8,17,NaN,NaN,NaN,NaN,958371101,25.2509168,121.498136,三芝區
1137,港務公司臺北港營運處,新北市八里區廈竹圍２３號,交通要衝,新旅運中心2樓出境大廳,480,1020,480,1020,480,1020,480,1020,480,1020,0,0,0,0,02-22698535#8433,25.1441205,121.393756,八里區
1138,圓展科技股份有限公司,新北市土城區大安路157號,其他,圓展科技股份有限公司1F大廳,540,1080,540,1080,540,1080,540,1080,540,1080,0,0,0,0,(02)6637-1800#111,24.9703606,121.4331329,土城區
1139,新北市新店國民運動中心,新北市新店區北新路一段88巷12號,學校、大型集會場所,1樓泳池入口處,540,1320,540,1320,540,1320,540,1320,540,1320,540,1320,540,1320,02-2992-1131#2665,24.9671774,121.5424722,新店區
1140,和泰汽車新莊綜合園區,新北市新莊區明中街10號,其他,研修大樓2樓,510,1050,510,1050,510,1050,510,1050,510,1050,NaN,NaN,NaN,NaN,(02)6377-1800#400,25.0385348,121.4586874,新莊區
1141,新北市新店國民運動中心,新北市新店區北新路一段88巷12號,學校、大型集會場所,3樓體適能中心入口處,540,1320,540,1320,540,1320,540,1320,540,1320,540,1320,540,1320,926666280,24.9671774,121.5424722,新店區
1142,淡海輕軌漁人碼頭站(V26站),新北市淡水區中正路二段,交通要衝,放置月台中間位置,360,0,360,0,360,0,360,0,360,0,360,0,360,0,,25.1872548,121.4212758,淡水區
1143,活力健身工作室,新北市三重區重安街56號,其他,置物櫃,600,1320,600,1320,600,1320,600,1320,600,1320,600,1020,600,1020,926666280,25.057678,121.491051,三重區
1144,淡海輕軌沙崙站(V27站),新北市淡水區淡海路,交通要衝,月台中間位置,360,0,360,0,360,0,360,0,360,0,360,0,360,0,926666280,25.1833035,121.4207707,淡水區
1145,淡海輕軌台北海洋大學站(V28站),新北市淡水區濱海路三段,交通要衝,月台中間位置,360,0,360,0,360,0,360,0,360,0,360,0,360,0,937189442,25.1977186,121.421685,淡水區
1146,南山威力購物廣場,新北市中和區中山路2段291.293.295.297號,大型購物場所,1樓側門電梯口,420,1380,420,1380,420,1380,420,1380,420,1380,420,1380,420,1380,22119759,25.0018849,121.4957431,中和區
1147,新北市新店區安坑國小附設幼兒園,新北市新店區安忠路36號(安坑國小附設幼兒園),其他,幼兒園大樓1F樓梯口,450,1080,450,1080,450,1080,450,1080,450,1080,NaN,NaN,NaN,NaN,29760501轉119,24.9610066,121.5135319,新店區
1148,新北市立三重高級中學,新北市三重區集美街212號,學校、大型集會場所,警衛室門口,480,1290,480,1290,480,1290,480,1290,480,1290,480,1080,480,1080,29760501轉119,25.0547509,121.491492,三重區
1149,新北市立三重高級中學,新北市三重區集美街212號,學校、大型集會場所,行健館,480,1080,480,1080,480,1080,480,1080,480,1080,480,840,NaN,NaN,,25.0547509,121.491492,三重區
1150,好時光江翠樂園,新北市板橋區雙十路三段9號,學校、大型集會場所,櫃台內,630,1320,630,1320,630,1320,630,1320,630,1320,600,900,540,900,966805608,25.0301492,121.4717136,板橋區
1151,世紀離岸風電設備股份有限公司,新北市八里區下罟里中山路三段388之5號,其他,辦公大樓一樓總機櫃台斜後方緊急出口處,540,960,540,960,540,960,540,960,540,960,NaN,NaN,NaN,NaN,926666280,25.1421471,121.3685917,八里區
1152,淡海輕軌機廠,新北市淡水區新市六路一段161號,其他,駐車廠1樓消防箱旁,480,1080,480,1080,480,1080,480,1080,480,1080,480,1080,480,1080,926666280,25.202433,121.4348748,淡水區
1153,淡海輕軌機廠,新北市淡水區新市六路一段161號,其他,主維修工廠1樓醫務室門口旁,480,1080,480,1080,480,1080,480,1080,480,1080,480,1080,480,1080,0928-094-933,25.202433,121.4348748,淡水區
1154,台北新板希爾頓酒店,新北市板橋區民權路88號,旅宿場所,R樓健身房外,0,1439,0,1439,0,1439,0,1439,0,1439,0,1439,0,1439,0928-094-933,25.0113936,121.4624905,板橋區
1155,台北新板希爾頓酒店,新北市板橋區民權路88號,旅宿場所,1F大廳櫃台右後方,0,1439,0,1439,0,1439,0,1439,0,1439,0,1439,0,1439,0928-094-933,25.0113936,121.4624905,板橋區
1156,台北新板希爾頓酒店,新北市板橋區民權路88號,旅宿場所,1F員工通道口電梯前,0,1439,0,1439,0,1439,0,1439,0,1439,0,1439,0,1439,77288898,25.0113936,121.4624905,板橋區
1157,新北市新莊國民運動中心,新北市新莊區公園路11號,學校、大型集會場所,中心1樓大廳,360,1320,360,1320,360,1320,360,1320,360,1320,360,1320,360,1320,02-26182202#225,25.0397752,121.4483854,新莊區
1158,新北市八里區米倉國民小學,新北市八里區龍米路2段129巷1號,學校、大型集會場所,米倉國民小學,360,1080,360,1080,360,1080,360,1080,360,1080,360,1080,360,1080,02-2257-6167分機1215,25.1469458,121.4455037,八里區
1159,致理科技大學,新北市板橋區文化路一段313號,學校、大型集會場所,學生宿舍左側門口,330,1320,330,1320,330,1320,330,1320,330,1320,330,1260,330,1260,02-22029258,25.0216141,121.4639242,板橋區
1160,日本伊藤萬游泳學校-新莊中正校,新北市新莊區中正路425號2樓,其他,2樓櫃台,NaN,NaN,540,1200,540,1260,540,1200,540,1260,540,1050,540,1050,(02)7749-3117,25.0341124,121.4442337,新莊區
1161,國立臺灣師範大學林口校區,新北市林口區仁愛路1段2號,學校、大型集會場所,勤樓女一舍1樓,1,1439,1,1439,1,1439,1,1439,1,1439,1,1439,1,1439,,25.0790108,121.3881378,林口區
1162,及成企業股份有限公司,新北市中和區建二路111號,其他,警衛室,510,1110,510,1110,510,1110,510,1110,510,1110,NaN,NaN,NaN,NaN,(02)2208-5537,25.0037701,121.4862491,中和區
1163,CURVES女性30分鐘環狀運動新莊富國店,新北市新莊區富國路100號4樓,學校、大型集會場所,健身區更衣室旁,780,1260,780,1260,780,1260,780,1260,780,1260,780,1260,NaN,NaN,958136069,25.0252371,121.4213552,新莊區
1164,板橋文化路郵局,新北市板橋區文化路一段395號1樓,其他,1樓郵務營業廳,8,19,8,19,8,19,8,19,8,19,9,12,NaN,NaN,02-7739-9999,25.0221074,121.4672212,板橋區
1165,全真概念健康事業股份有限公司-汐止分公司,新北市汐止區新台五路一段93號4樓,學校、大型集會場所,瑜珈教室旁,360,1380,360,1380,360,1380,360,1380,360,1380,360,1380,360,1380,02-26196007,25.0617688,121.6479622,汐止區
1166,臺灣港務股份有限公司基隆港務分公司臺北港營運處,新北市八里區商港路123號2樓,交通要衝,行政大樓9樓信號台,480,1080,480,1080,480,1080,480,1080,480,1080,0,0,0,0,0980-870706,25.1510308,121.3907551,八里區
1167,家福股份有限公司汐科分公司,新北市汐止區新台五路一段99號B1(家樂福),大型購物場所,B1收銀線,570,1350,570,1350,570,1350,570,1350,570,1350,570,1350,570,1350,282261000,25.0620717,121.6493654,汐止區
1168,貿聯國際股份有限公司,新北市中和區建一路186號3樓,其他,展示區,540,1080,540,1080,540,1080,540,1080,540,1080,NaN,NaN,NaN,NaN,282280790,24.996706,121.4878555,中和區
1169,瑞竣科技股份有限公司,新北市中和區建一路186號11樓-4,其他,員工休息區,540,1080,540,1080,540,1080,540,1080,540,1080,0,0,0,0,02-29267046,24.996706,121.4878555,中和區
1170,前勁體能訓練中心-永安店,新北市永和區中和路519巷6號B1,學校、大型集會場所,入門右側,480,1320,480,1320,480,1320,480,1320,480,1320,540,1020,540,1020,02-24951038轉210,25.003088,121.5110096,永和區
1171,新北市平溪區平溪國民小學,新北市平溪區平溪街56號,學校、大型集會場所,健康中心前面走廊,450,990,450,990,450,990,450,990,450,990,480,960,480,960,2695-9941*302,25.0273525,121.7375349,平溪區
1172,新北市汐止區金龍國民小學,新北市汐止區明峰街201號,學校、大型集會場所,前穿堂,NaN,NaN,NaN,NaN,NaN,NaN,NaN,NaN,NaN,NaN,NaN,NaN,NaN,NaN,26261891,25.0689017,121.627775,汐止區
1173,新北市淡水國民運動中心,新北市淡水區中山北路二段381巷2號,學校、大型集會場所,1F大廳(客梯旁),360,1320,360,1320,360,1320,360,1320,360,1320,360,1320,360,1320,22193700分機411,25.1873619,121.4428503,淡水區
1174,新北市立新店高級中學,新北市新店區中央路93號,學校、大型集會場所,川堂,480,1030,480,1030,480,1030,480,1030,480,1030,NaN,NaN,NaN,NaN,26261891,24.9755738,121.5326953,新店區
1175,新北市淡水國民運動中心,新北市淡水區中山北路二段381巷2號,學校、大型集會場所,3樓(客梯旁),360,1320,360,1320,360,1320,360,1320,360,1320,360,1320,360,1320,0987-501-981,25.1873619,121.4428503,淡水區
1176,四零四科技股份有限公司 (iTower 23樓),新北市新莊區思源路555號23樓,其他,本公司大廳,540,1080,540,1080,540,1080,540,1080,540,1080,NaN,NaN,NaN,NaN,02-29603456分機2202,25.0587073,121.4596305,新莊區
1177,新北市政府,新北市板橋區中山路1段161號,其他,1樓大廳西側服務台,420,1320,420,1320,420,1320,420,1320,420,1320,420,1320,420,1320,02-29603456分機2202,25.0114095,121.4618415,板橋區
1178,新北市政府,新北市板橋區中山路1段161號,其他,6樓大禮堂外通廊,420,1320,420,1320,420,1320,420,1320,420,1320,420,1320,420,1320,02-29603456分機2202,25.0114095,121.4618415,板橋區
1179,新北市政府,新北市板橋區中山路1段161號,其他,29樓東側梯廳,420,1320,420,1320,420,1320,420,1320,420,1320,420,1320,420,1320,02-29603456分機2202,25.0114095,121.4618415,板橋區
1180,新北市政府,新北市板橋區中山路1段161號,其他,18樓東側梯廳,420,1320,420,1320,420,1320,420,1320,420,1320,420,1320,420,1320,02-29603456分機2202,25.0114095,121.4618415,板橋區
1181,新北市政府,新北市板橋區中山路1段161號,其他,24樓西側梯廳,420,1320,420,1320,420,1320,420,1320,420,1320,420,1320,420,1320,0987-501-981,25.0114095,121.4618415,板橋區
1182,四零四科技股份有限公司 (宏匯辦公大樓13樓),新北市新莊區新北大道4段3號13樓,其他,公司大廳,540,1080,540,1080,540,1080,540,1080,540,1080,NaN,NaN,NaN,NaN,(02)22852086分機2224,25.0595519,121.4495837,新莊區
1183,新北市政府捷運工程局,新北市新店區民權路280號3樓,其他,新北市新店區民權路280號3樓,510,990,510,990,510,990,510,990,510,990,NaN,NaN,NaN,NaN,222577155,24.9836203,121.5289652,新店區
1184,新北市政府衛生局,新北市板橋區英士路192-1號,其他,本局第一行政大樓1樓大廳,480,1020,480,1020,480,1020,480,1020,480,1020,NaN,NaN,NaN,NaN,02-29603456分機2202,25.023157,121.4580659,板橋區
1185,新北市政府,新北市板橋區中山路1段161號,其他,13樓西側梯廳,420,1320,420,1320,420,1320,420,1320,420,1320,420,1320,420,1320,02-29603456分機2202,25.0114095,121.4618415,板橋區
1186,新北市政府,新北市板橋區中山路1段161號,其他,8樓員工餐廳東側梯廳,420,1320,420,1320,420,1320,420,1320,420,1320,420,1320,420,1320,02-29603456分機2202,25.0114095,121.4618415,板橋區
1187,新北市政府,新北市板橋區中山路1段161號,其他,3樓多功能集會堂外通廊,420,1320,420,1320,420,1320,420,1320,420,1320,420,1320,420,1320,77288898,25.0114095,121.4618415,板橋區
1188,新北市新莊國民運動中心,新北市新莊區公園路11號,學校、大型集會場所,運動中心景觀喽,540,1320,540,1320,540,1320,540,1320,540,1320,540,1320,540,1320,77288898,25.0397752,121.4483854,新莊區
1189,新北市新莊國民運動中心,新北市新莊區公園路11號,學校、大型集會場所,中心2樓大廳,360,1320,360,1320,360,1320,360,1320,360,1320,360,1320,360,1320,77288898,25.0397752,121.4483854,新莊區
1190,新北市新莊國民運動中心,新北市新莊區公園路11號,學校、大型集會場所,中心3樓高階教室,360,1320,360,1320,360,1320,360,1320,360,1320,360,1320,360,1320,933732245,25.0397752,121.4483854,新莊區
1191,遠雄香榭園,新北市中和區中原街18號1樓,其他,遠雄香榭園,660,1200,660,1200,660,1200,660,1200,660,1200,540,1080,540,1080,905770653,25.0080474,121.4915413,中和區
1192,法務部調查局中和調查園區新建辦公大樓統包工程,新北市中和區福美路298號,其他,工務所一樓,480,1020,480,1020,480,1020,480,1020,480,1020,480,1020,0,0,928126958,25.0050706,121.4972195,中和區
1193,二子坪遊客中心(面天坪涼亭)-(亞洲形上觀音山揹水隊捐贈),新北市三芝區 ,其他,二子坪遊客中心(面天坪涼亭)-(亞洲形上觀音山揹水隊捐贈),NaN,NaN,NaN,NaN,NaN,NaN,NaN,NaN,NaN,NaN,NaN,NaN,NaN,NaN,928126958,25.2593452,121.5024341,三芝區
1194,二子坪遊客中心(大屯坪涼亭)-(亞洲形上觀音山揹水隊捐贈),新北市三芝區 ,其他,二子坪遊客中心(大屯坪涼亭)-(亞洲形上觀音山揹水隊捐贈),NaN,NaN,NaN,NaN,NaN,NaN,NaN,NaN,NaN,NaN,NaN,NaN,NaN,NaN,02-22523299#112,25.2593452,121.5024341,三芝區
1195,新北市政府勞動檢查處,新北市板橋區華江一路216號1樓,其他,新北市政府勞動檢查處1樓大門入口右側,540,1020,540,1020,540,1020,540,1020,540,1020,NaN,NaN,NaN,NaN,932698790,25.0352417,121.4736089,板橋區
1196,達新壯股份有限公司(Hypercore超核心健身中心新北中和中山館),新北市中和區中山路二段122號B1?,學校、大型集會場所,有氧器材區,360,1380,360,1380,360,1380,360,1380,360,1380,360,1380,360,1380,224933782,25.0037398,121.5025512,中和區
1197,三貂嶺生態友善隧道,新北市雙溪區新北市雙溪區三貂里頂坑1-1,觀光旅遊地區,休憩站一樓,480,1020,480,1020,480,1020,480,1020,480,1020,480,1020,480,1020,,25.031809,121.889676,雙溪區
1198,遠雄九五,新北市新莊區新北大道3段157~163號,其他,新莊區新北大道3段163號40樓,660,1200,660,1200,660,1200,660,1200,660,1200,540,1080,540,1080,(02)8667-6799,25.0600491,121.4517982,新莊區
1199,南陽實業股份有限公司 新店服務廠,新北市新店區中正路500-1號,大型購物場所,櫃檯旁邊,540,1200,540,1200,540,1200,540,1200,540,1200,540,1200,540,1200,(02)22212289,24.9817181,121.5340181,新店區
1200,南陽實業股份有限公司中和據點,新北市中和區中正路806號,大型購物場所,展示空間旁邊,510,1260,510,1260,510,1260,510,1260,510,1260,510,1260,510,1260,02-2279-9678,25.0024307,121.4851073,中和區
1201,南陽實業股份有限公司 現代汽車新莊店.廠,新北市新莊區思源路120號,大型購物場所,櫃台後面,510,1260,510,1260,510,1260,510,1260,510,1260,510,1260,540,1260,918500166,25.0469906,121.4602541,新莊區
1202,遠雄百富接待中心,新北市中和區中原二街30號4樓,其他,4F員工辦公室,540,1200,540,1200,540,1200,540,1200,540,1200,540,1200,540,1200,02-29239654,25.0103495,121.4882409,中和區
1203,新北市立永和國民中學,新北市永和區國中路111號,學校、大型集會場所,衛生組門口,360,1260,360,1260,360,1260,360,1260,360,1260,360,1260,360,1260,281952026,25.0063565,121.523632,永和區
1204,新北市康橋國際學校秀岡校區,新北市新店區華城路800號,學校、大型集會場所,活動中心二樓游泳池,420,1200,420,1200,420,1200,420,1200,420,1200,NaN,NaN,NaN,NaN,77288898,24.9108487,121.4978523,新店區
1205,新北市新莊國民運動中心,新北市新莊區公園路11號,學校、大型集會場所,中心游泳館,360,1320,360,1320,360,1320,360,1320,360,1320,360,1320,360,1320,958661122,25.0397752,121.4483854,新莊區
1206,板橋圖書館停車場,新北市板橋區貴興路139號B1管理室,其他,停車場B1管理室,0,1439,0,1439,0,1439,0,1439,0,1439,0,1439,0,1439,86761277#403,25.0014396,121.4551245,板橋區
1207,新北市私立辭修高級中學,新北市三峽區溪東路251號,學校、大型集會場所,健康中心,0,1439,0,1439,0,1439,0,1439,0,1439,0,1439,0,1439,0929-811-104,24.9326507,121.4079596,三峽區
1208,世紀鋼鐵結構股份有限公司 台北港廠,新北市八里區新北市八里區訊塘里廈竹圍7之15號,其他,辦公室門口,480,1020,480,1020,480,1020,480,1020,480,1020,NaN,NaN,NaN,NaN,02-29258958,25.1747398,121.4505362,八里區
1209,原動力PowerForceFitness,新北市永和區永和路一段156號B1,學校、大型集會場所,人臉辨識閘口,420,0,420,0,420,0,420,0,420,0,420,0,420,0,0224962800-2851,25.0085028,121.5142682,永和區
1210,新北市立黃金博物館,新北市瑞芳區金光路8號,觀光旅遊地區,遊客中心,570,1020,570,1020,570,1020,570,1020,570,1020,570,1080,570,1080,02-2211-1743#360,25.106141,121.8596634,瑞芳區
1211,新北市立安康高級中學,新北市新店區新北市新店區安興路 25 號,學校、大型集會場所,安康高中健康中心,480,960,480,960,480,960,480,960,480,960,NaN,NaN,NaN,NaN,02-26015310分機1329,24.9701145,121.5145523,新店區
1212,醒吾學校財團法人醒吾科技大學,新北市林口區粉寮路一段101號,學校、大型集會場所,健身中心,480,1260,480,1260,480,1260,480,1260,480,1260,NaN,NaN,1020,1260,0916-677-277,25.0832782,121.3955724,林口區
1213,宏匯思源廣場,新北市新莊區思源路553~555號,其他,一樓大廳服務台旁,NaN,NaN,NaN,NaN,NaN,NaN,NaN,NaN,NaN,NaN,NaN,NaN,NaN,NaN,281952026,25.0583536,121.459311,新莊區
1214,新北市康橋國際學校秀岡校區,新北市新店區華城路800號,學校、大型集會場所,教二大樓門口 面向操場,420,1200,420,1200,420,1200,420,1200,420,1200,NaN,NaN,NaN,NaN,281952026,24.9108487,121.4978523,新店區
1215,新北市康橋國際學校秀岡校區,新北市新店區華城路800號,學校、大型集會場所,活動中心一樓體適能中心,420,1200,420,1200,420,1200,420,1200,420,1200,NaN,NaN,NaN,NaN,936645613,24.9108487,121.4978523,新店區
1216,台灣農林熊空森林休閒農場,新北市三峽區竹崙里竹崙路238號,觀光旅遊地區,園區8公頃內停車場,540,1020,540,1020,540,1020,540,1020,540,1020,540,1020,540,1020,02-7717-9788,24.8785018,121.4623919,三峽區
1217,美麗新宏匯影城,新北市新莊區新北大道4段3號8樓,大型休閒場所,美麗新影城,660,1380,660,1380,660,1380,660,1380,660,1380,660,1380,660,1380,0226632102#2340,25.0596783,121.4495726,新莊區
1218,華梵大學,新北市石碇區華梵路1號,學校、大型集會場所,民先館一樓,480,1020,480,1020,480,1020,480,1020,480,1020,NaN,NaN,NaN,NaN,0226632102#2340,24.977873,121.6910882,石碇區
1219,華梵大學,新北市石碇區華梵路1號,學校、大型集會場所,體育館,480,1020,480,1020,480,1020,480,1020,480,1020,NaN,NaN,NaN,NaN,0226632102#2340,24.977873,121.6910882,石碇區
1220,華梵大學,新北市石碇區華梵路1號,學校、大型集會場所,警衛室,480,1020,480,1020,480,1020,480,1020,480,1020,NaN,NaN,NaN,NaN,0226632102#2340,24.977873,121.6910882,石碇區
1221,華梵大學,新北市石碇區華梵路1號,學校、大型集會場所,統理館,480,1020,480,1020,480,1020,480,1020,480,1020,NaN,NaN,NaN,NaN,963093400,24.977873,121.6910882,石碇區
1222,鴻華先進科技股份有限公司(實驗室),新北市新店區北新路2段230號5樓,其他,新北市新店區北新路230號5樓,510,1050,510,1050,510,1050,510,1050,510,1050,NaN,NaN,NaN,NaN,02-85228000轉3403,24.977506,121.5434733,新店區
1223,國家電影及視聽文化中心,新北市新莊區文藝路2號,大型休閒場所,本中心一樓大廳,NaN,NaN,NaN,NaN,660,1200,660,1200,660,1200,660,1200,660,1200,02-26068666#337,25.0563088,121.4473199,新莊區
1224,MITSUI OUTLET PARK林口,新北市林口區文化三路ㄧ段356號,大型購物場所,救護室,660,1290,660,1290,660,1290,660,1290,660,1290,630,1320,630,1320,02-85228000轉3403,25.0636422,121.3611877,林口區
1225,國家電影及視聽文化中心,新北市新莊區文藝路2號,大型休閒場所,本中心四樓梯廳,NaN,NaN,NaN,NaN,630,1200,630,1200,630,1200,630,1200,630,1200,02-85228000轉3403,25.0563088,121.4473199,新莊區
1226,國家電影及視聽文化中心,新北市新莊區文藝路2號,大型休閒場所,本中心地下一樓廳間,NaN,NaN,NaN,NaN,50339,1200,660,1200,660,1200,660,1200,660,1200,02-24972132,25.0563088,121.4473199,新莊區
1227,新北市瑞芳區衛生所,新北市瑞芳區明燈路三段1號,其他,新北市瑞芳區明燈路3段1號1樓,480,1020,480,1020,480,1020,480,1020,480,1020,NaN,NaN,NaN,NaN,222456655,25.107323,121.8089504,瑞芳區
1228,遠雄豐河接待中心,新北市中和區中原街18號,大型購物場所,大門入口右側,540,1200,540,1200,540,1200,540,1200,540,1200,540,1200,540,1200,02-86741111-66251,25.0080474,121.4915413,中和區
1229,國立臺北大學三峽校區,新北市三峽區大學路151號,學校、大型集會場所,行政大樓,360,1380,360,1380,360,1380,360,1380,360,1380,360,1380,360,1380,02-86741111-66251,24.9422246,121.3694779,三峽區
1230,國立臺北大學三峽校區,新北市三峽區大學路151號,學校、大型集會場所,心湖會館,600,1200,600,1200,600,1200,600,1200,600,1200,600,1200,600,1200,02-86741111-66251,24.9422246,121.3694779,三峽區
1231,國立臺北大學三峽校區,新北市三峽區大學路151號,學校、大型集會場所,國立臺北大學圖書館,360,1380,360,1380,360,1380,360,1380,360,1380,360,1380,360,1380,02-86741111-66251,24.9422246,121.3694779,三峽區
1232,國立臺北大學三峽校區,新北市三峽區大學路151號,學校、大型集會場所,皓月樓,360,1380,360,1380,360,1380,360,1380,360,1380,360,1380,360,1380,02-2257-6167分機1215,24.9422246,121.3694779,三峽區
1233,致理科技大學,新北市板橋區文化路一段313號,學校、大型集會場所,人文大樓近左側1樓處,330,1320,330,1320,330,1320,330,1320,330,1320,330,1260,330,1260,935919561,25.0216141,121.4639242,板橋區
1234,皇昌營造三峽國光段(二期)青年社會住宅新建統包工程,新北市三峽區北大國民小學側門(國成街),其他,三峽國光段(二期)青年社會住宅新建統包工程,540,540,540,540,540,540,540,540,540,540,540,540,540,540,935919561,24.9392516,121.3731836,三峽區
1235,皇昌營造三峽國光段(二期)青年社會住宅新建統包工程,新北市三峽區三樹路一巷6號,其他,三峽國光段(二期)青年社會住宅新建統包工程,540,540,540,540,540,540,540,540,540,540,540,540,540,540,919313164,24.9358605,121.3744903,三峽區
1236,安心食品-安心學院,新北市淡水區淡水區興仁路9號（安心學院）,其他,辦公室洗手台旁,510,1050,510,1050,510,1050,510,1050,510,1050,NaN,NaN,NaN,NaN,02-82215533,25.2157543,121.4513559,淡水區
1237,遠雄錸儷接待中心,新北市中和區中原街130號1樓,其他,遠雄錸儷,540,1200,540,1200,540,1200,540,1200,540,1200,540,1200,540,1200,02-85227577,25.0112443,121.4856656,中和區
1238,遠雄國匯接待中心,新北市新莊區新北大道四段199號3樓,其他,遠雄國匯,540,1200,540,1200,540,1200,540,1200,540,1200,540,1200,540,1200,02-26068666#337,25.0573903,121.444604,新莊區
1239,MITSUI OUTLET PARK林口,新北市林口區文化三路ㄧ段356號,大型購物場所,服務台,660,1290,660,1290,660,1290,660,1290,660,1290,630,1320,630,1320,02-26808217#623,25.0636422,121.3611877,林口區
1240,新北市政府環境保護局樹林垃圾焚化廠,新北市樹林區中山路三段212號,其他,行政大樓1F,480,1020,480,1020,480,1020,480,1020,480,1020,NaN,NaN,NaN,NaN,,24.9672754,121.3800491,樹林區
1241,明園山莊公寓大廈管理委員會,新北市汐止區汐萬路二段66巷1號,其他,警衛室,NaN,NaN,NaN,NaN,NaN,NaN,NaN,NaN,NaN,NaN,NaN,NaN,NaN,NaN,920481818,25.0824174,121.6492172,汐止區
1242,一起健身有限公司,新北市三重區重新路4段12號B1,其他,場館,0,0,0,0,0,0,0,0,0,0,0,0,0,0,02-26780202#237,25.0576383,121.4887337,三重區
1243,新北市鶯歌區尖山市民活動中心,新北市鶯歌區尖山路211巷1號,其他,門口旁,0,1439,0,1439,0,1439,0,1439,0,1439,0,1439,0,1439,958661122,24.9467161,121.3438127,鶯歌區
1244,板橋新海抽水站停車場,新北市板橋區中正路511號,其他,板橋新海抽水站停車場,0,1439,0,1439,0,1439,0,1439,0,1439,0,1439,0,1439,02-2257-6167分機1215,25.0276864,121.4553133,板橋區
1245,致理科技大學,新北市板橋區文化路一段313號,學校、大型集會場所,致理綜合教學大樓1樓靠左側,330,1320,330,1320,330,1320,330,1320,330,1320,330,1260,330,1260,02-2257-6167分機1215,25.0216141,121.4639242,板橋區
1246,致理科技大學,新北市板橋區文化路一段313號,學校、大型集會場所,健康中心,330,1320,330,1320,330,1320,330,1320,330,1320,330,1260,330,1260,910300971,25.0216141,121.4639242,板橋區
1247,維德文理語文短期補習班國中部,新北市三重區忠孝路一段131號,學校、大型集會場所,維德補習班國中部門口,0,1439,0,1439,0,1439,0,1439,0,1439,0,1439,0,1439,910300971,25.0721649,121.4885557,三重區
1248,維德文理語文短期補習班國小部,新北市三重區忠孝路一段119號,學校、大型集會場所,補習班場所大廳,660,1260,840,1260,660,1260,660,1260,660,1260,NaN,NaN,NaN,NaN,29239999,25.0722578,121.4888355,三重區
1249,柯達大飯店股份有限公司永和分公司,新北市永和區永和路一段103號,旅宿場所,一樓大庭,NaN,NaN,NaN,NaN,NaN,NaN,NaN,NaN,NaN,NaN,NaN,NaN,NaN,NaN,02-26430686#207,25.0077268,121.5136644,永和區
1250,新北市立樟樹國際實創高級中等學校,新北市汐止區樟樹二路135號,學校、大型集會場所,樟樹實中會客室,420,1260,420,1260,420,1260,420,1260,420,1260,450,1080,450,1080,952050228,25.065789,121.6395401,汐止區
1251,耀泰健康顧問股份有限公司,新北市蘆洲區三民路86號B1,學校、大型集會場所,教練櫃台旁,0,1439,0,1439,0,1439,0,1439,0,1439,0,1439,0,1439,02-26780202#237,25.0845492,121.4747667,蘆洲區
1252,新北市鶯歌區大湖市民活動中心,新北市鶯歌區明圓街43號1樓,其他,大門口旁,NaN,NaN,NaN,NaN,NaN,NaN,NaN,NaN,NaN,NaN,NaN,NaN,NaN,NaN,975087926,24.9776574,121.3367642,鶯歌區
1253,呈睿國際股份有限公司,新北市新莊區中正路649之2號2樓,其他,辦公室內,540,1080,540,1080,540,1080,540,1080,540,1080,NaN,NaN,NaN,NaN,222265214,25.0309928,121.4302768,新莊區
1254,遠雄CASA社區,新北市中和區中原街100號,其他,3樓公共開放空間廊道,NaN,NaN,NaN,NaN,NaN,NaN,NaN,NaN,NaN,NaN,NaN,NaN,NaN,NaN,920201184,25.0106818,121.4864991,中和區
1255,新北市林口國民運動中心,新北市林口區新北市林口區文化二路二段299號,學校、大型集會場所,林口國民運動中心櫃台,360,1320,360,1320,360,1320,360,1320,360,1320,360,1320,360,1320,0936-829215,25.0863749,121.3805174,林口區
1256,展揚營造有限公司江翠工務所,新北市板橋區華江八路(停車場對面工地),其他,工務所1樓辦公室,480,1020,480,1020,480,1020,480,1020,480,1020,480,1020,480,1020,02-2257-6167分機1215,25.0339349,121.4672692,板橋區
1257,致理科技大學,新北市板橋區文化路一段313號,學校、大型集會場所,行政(忠孝)大樓1樓軍訓室對面,330,1320,330,1320,330,1320,330,1320,330,1320,330,1260,330,1260,02-2682-0035分機17,25.0216141,121.4639242,板橋區
1258,樹林藝文中心,新北市樹林區樹新路40-8號,大型休閒場所,1樓前台大廳,540,1020,540,1020,540,1020,540,1020,540,1020,NaN,NaN,NaN,NaN,911951232,24.9957211,121.4281727,樹林區
1259,汐止區湖光市民活動中心,新北市汐止區康寧街520號之1,其他,汐止區湖光市民活動中心,NaN,NaN,840,1020,840,1020,840,1020,840,1020,840,1020,NaN,NaN,921136857,25.068668,121.6338214,汐止區
1260,汐止區興福市民活動中心,新北市汐止區福德一路141巷50、52號,其他,汐止區興福市民活動中心,NaN,NaN,780,1020,NaN,NaN,780,1020,780,1020,780,1020,NaN,NaN,939828852,25.0666377,121.6375426,汐止區
1261,偉勝乾燥工業股份有限公司,新北市三峽區白雞路62-3號,其他,本公司1樓大廳,480,1020,480,1020,480,1020,480,1020,480,1020,NaN,NaN,NaN,NaN,02-22765388分機6100,24.9121318,121.3864431,三峽區
1262,宜家家居股份有限公司 新莊分公司,新北市新莊區中正路1 號,大型購物場所,2F 收納區落地窗,600,1320,600,1320,600,1320,600,1320,600,1320,600,1320,600,1320,02-21751313#8762,24.9987648,121.4279992,新莊區
1263,玉山商業銀行股份有限公司(希望大樓),新北市三重區中興北街42巷17弄10號,其他,進大門後右手邊。,510,1050,510,1050,510,1050,510,1050,510,1050,NaN,NaN,NaN,NaN,02-2661-8000,25.0498487,121.46898,三重區
1264,璞石麗緻溫泉會館,新北市烏來區忠治里新烏路五段88號,大型公眾浴場或溫泉區,櫃台後勤運作處,0,1439,0,1439,0,1439,0,1439,0,1439,0,1439,0,1439,933656021,24.8717499,121.5475696,烏來區
1265,富士大飯店股份有限公司,新北市汐止區大同路一段128號,旅宿場所,一樓大廳,0,1438,1,1439,1,1437,1,1439,2,1439,2,1439,1,1437,02-22724979,25.0549244,121.6313235,汐止區
1266,臺北捷運頂埔站BL01,新北市土城區中央路四段51-6號地下三層,交通要衝,捷運頂埔站B3層,360,0,360,0,360,0,360,0,360,0,360,0,360,0,02-22724979,24.9596575,121.4212311,土城區
1267,臺北捷運永寧站BL02,新北市土城區中央路3段105號,交通要衝,捷運永寧站B1層,360,0,360,0,360,0,360,0,360,0,360,0,360,0,02-22724979,24.9667782,121.4364758,土城區
1268,臺北捷運土城站BL03,新北市土城區金城路一段105號,交通要衝,捷運土城站B1層,360,0,360,0,360,0,360,0,360,0,360,0,360,0,02-22724979,24.972736,121.4436896,土城區
1269,臺北捷運海山站BL04,新北市土城區海山路39號,交通要衝,捷運海山站B1層,360,0,360,0,360,0,360,0,360,0,360,0,360,0,02-22724979,24.9871074,121.4491123,土城區
1270,臺北捷運亞東醫院站BL05,新北市板橋區南雅南路二段17號,交通要衝,捷運亞東醫院站B1層,360,0,360,0,360,0,360,0,360,0,360,0,360,0,02-22724979,24.9974706,121.452409,板橋區
1271,臺北捷運府中站BL06,新北市板橋區縣民大道1段193號,交通要衝,捷運府中站B1層,360,0,360,0,360,0,360,0,360,0,360,0,360,0,02-22724979,25.0120155,121.4616901,板橋區
1272,臺北捷運板橋站BL07,新北市板橋區站前路5號,交通要衝,板橋站B2層付費區靠近無線上網桌,360,0,360,0,360,0,360,0,360,0,360,0,360,0,02-22724979,25.0143209,121.463561,板橋區
1273,臺北捷運新埔站BL08,新北市板橋區民生路三段2號,交通要衝,新埔站B1層,360,0,360,0,360,0,360,0,360,0,360,0,360,0,02-22724979,25.0241665,121.4682137,板橋區
1274,臺北捷運江子翠站BL09,新北市板橋區忠翠里9鄰文化路二段296號,交通要衝,江子翠站B1層,360,0,360,0,360,0,360,0,360,0,360,0,360,0,958967100,25.0295097,121.4722383,板橋區
1275,臺北捷運新店站G01,新北市新店區北宜路一段2號,交通要衝,1樓大廳層女廁旁,360,0,360,0,360,0,360,0,360,0,360,0,360,0,958967100,24.9578583,121.5375963,新店區
1276,臺北捷運新店區公所站G02,新北市新店區北新路一段295號,交通要衝,1樓大廳層詢問處後方,360,0,360,0,360,0,360,0,360,0,360,0,360,0,958967100,24.9674395,121.5411339,新店區
1277,臺北捷運七張站G03,新北市新店區北新路二段150號,交通要衝,1樓大廳層女廁外附近,360,0,360,0,360,0,360,0,360,0,360,0,360,0,958967100,24.9750882,121.5430926,新店區
1278,臺北捷運小碧潭站G03A,新北市新店區中央路151號4樓,交通要衝,4樓大廳月台層詢問處附近,360,0,360,0,360,0,360,0,360,0,360,0,360,0,958967100,24.9731663,121.5300712,新店區
1279,臺北捷運大坪林站G04,新北市新店區北新路三段190號,交通要衝,地下1樓大廳層詢問處附近,360,0,360,0,360,0,360,0,360,0,360,0,360,0,939697360,24.982752,121.543144,新店區
1280,品元實業商港廠,新北市八里區商港五路99號,其他,辦公室入口,510,1050,510,1050,510,1050,510,1050,510,1050,NaN,NaN,NaN,NaN,1072,25.1496888,121.3948596,八里區
1281,景文科技大學,新北市新店區安忠路99號,學校、大型集會場所,健康中心入口處外牆,480,1260,480,1260,480,1260,480,1260,480,1260,480,1260,480,1260,02-24958305分機24,24.9521782,121.5105933,新店區
1282,新北市平溪區十分國民小學,新北市平溪區十分街157號,學校、大型集會場所,警衛室前樓梯口,450,1170,450,1170,450,1170,450,1170,450,1170,720,1020,720,1020,02-26191313*303,25.0433898,121.7777193,平溪區
1283,新北市立十三行博物館,新北市八里區博物館路200號,大型休閒場所,十三行博物館考古公園遊客中心,570,1020,570,1020,570,1020,570,1020,570,1020,570,1080,570,1080,955335225,25.1576837,121.4048398,八里區
1284,臺北捷運南勢角站O01,新北市中和區捷運路6號,交通要衝,臺北捷運南勢角站O01詢問處附近,360,60,360,60,360,60,360,60,360,60,360,60,360,60,955335225,24.9899714,121.5088526,中和區
1285,臺北捷運景安站O02,新北市中和區景平路486號,交通要衝,臺北捷運景安站O02詢問處附近,360,60,360,60,360,60,360,60,360,60,360,60,360,60,955335225,24.9938396,121.504825,中和區
1286,臺北捷運永安市場站O03,新北市中和區中和路388號,交通要衝,臺北捷運永安市場站O03詢問處附近,360,60,360,60,360,60,360,60,360,60,360,60,360,60,955335225,25.0028373,121.5112617,中和區
1287,臺北捷運頂溪站O04,新北市永和區永和路二段168號,交通要衝,臺北捷運頂溪站O04詢問處附近,360,60,360,60,360,60,360,60,360,60,360,60,360,60,25505600轉3385,25.012836,121.5154203,永和區
1288,臺北捷運台北橋站O13,新北市三重區重新路一段108號B1,交通要衝,詢問處右方樑柱旁,360,0,360,0,360,0,360,0,360,0,360,0,360,0,25505600轉3385,25.0631227,121.5004678,三重區
1289,臺北捷運菜寮站O14,新北市三重區重新路三段150號B1,交通要衝,詢問處右後方通道靠牆面,360,0,360,0,360,0,360,0,360,0,360,0,360,0,25505600轉3385,25.0594539,121.491432,三重區
1290,臺北捷運三重站O15,新北市三重區捷運路36號B1,交通要衝,詢問處左後方通道靠牆轉角處,360,NaN,360,0,360,0,360,0,360,0,360,0,360,0,25505600轉3385,25.05521,121.4832314,三重區
1291,臺北捷運先嗇宮站O16,新北市三重區重新路五段515號B1,交通要衝,詢問處右後方通道靠牆面,360,0,360,0,360,0,360,0,360,0,360,0,360,0,25505600轉3385,25.0465775,121.4713167,三重區
1292,臺北捷運頭前庄站O17,新北市新莊區思源路18號B1,交通要衝,詢問處左後方靠牆面轉角處,360,0,360,0,360,0,360,0,360,0,360,0,360,0,25505600轉3385,25.0397719,121.4607608,新莊區
1293,臺北捷運新莊站O18,新北市新莊區中正路138號,交通要衝,詢問處右後方通道靠牆面,360,0,360,0,360,0,360,0,360,0,360,0,360,0,25505600轉3385,25.0028275,121.4241944,新莊區
1294,臺北捷運輔大站O19,新北市新莊區中正路510之1號B1,交通要衝,詢問處右後方通道靠牆面,360,0,360,0,360,0,360,0,360,0,360,0,360,0,25505600轉3385,25.0329028,121.4353171,新莊區
1295,臺北捷運丹鳳站O20,新北市新莊區中正路624號B1,交通要衝,詢問處右後方通道靠牆面,360,0,360,0,360,0,360,0,360,0,360,0,360,0,25505600轉3385,25.0290437,121.4223941,新莊區
1296,臺北捷運迴龍站O21,新北市新莊區中正路758號B1,交通要衝,詢問處右後方通道靠牆面,360,0,360,0,360,0,360,0,360,0,360,0,360,0,25505600轉3385,25.0218316,121.411278,新莊區
1297,臺北捷運三重國小站O50,新北市三重區三和路三段5號,交通要衝,車站大廳詢問處旁,360,0,360,0,360,0,360,0,360,0,360,0,360,0,25505600轉3385,25.0706425,121.4967735,三重區
1298,臺北捷運三和國中站O51,新北市三重區三和路四段107號,交通要衝,車站大廳詢問處旁,360,0,360,0,360,0,360,0,360,0,360,0,360,0,25505600轉3385,25.0769767,121.4862174,三重區
1299,臺北捷運徐匯中學站O52,新北市蘆洲區中山一路3號,交通要衝,車站大廳詢問處旁,360,0,360,0,360,0,360,0,360,0,360,0,360,0,25505600轉3385,25.0803203,121.4799038,蘆洲區
1300,臺北捷運三民高中站O53,新北市蘆洲區三民路105號,交通要衝,車站大廳詢問處旁,360,0,360,0,360,0,360,0,360,0,360,0,360,0,25505600轉3385,25.0865575,121.4716341,蘆洲區
1301,臺北捷運蘆洲站O54,新北市蘆洲區三民路386號,交通要衝,車站大廳詢問處旁,360,0,360,0,360,0,360,0,360,0,360,0,360,0,02-25505600轉4338,25.0915665,121.4644795,蘆洲區
1302,臺北捷運竹圍站R26,新北市淡水區民權路50號,交通要衝,捷運竹圍站1月台樓梯旁,360,0,360,0,360,0,360,0,360,0,360,0,360,0,02-25505600轉4338,25.13694,121.459479,淡水區
1303,臺北捷運紅樹林站R27,新北市淡水區中正東路2段68號,交通要衝,捷運紅樹林站1月台大廳樓梯旁,360,0,360,0,360,0,360,0,360,0,360,0,360,0,02-25505600轉4338,25.1678474,121.4458912,淡水區
1304,臺北捷運淡水站R28,新北市淡水區中正路1號,交通要衝,捷運淡水站1號出口大廳,360,0,360,0,360,0,360,0,360,0,360,0,360,0,922055965,25.1748783,121.4327391,淡水區
1305,汐止區宜興東勢市民活動中心,新北市汐止區東勢街15號之1,其他,汐止區宜興東勢市民活動中心,NaN,NaN,780,1020,780,1020,780,1020,780,1020,780,1020,NaN,NaN,968087556,25.0395693,121.624499,汐止區
1306,三重球場,新北市三重區水樣路一段300號,其他,醫務室,480,1020,480,1020,480,1020,480,1020,480,1020,NaN,NaN,NaN,NaN,02-26687071#2314,25.0597318,121.4808961,三重區
1307,大智通文化行銷股份有限公司,新北市樹林區佳園路二段70-1號,其他,三期2樓AGV辦公室旁,NaN,1439,0,1439,0,1439,0,1439,0,1439,0,1439,0,1439,02-26687071#2314,24.9600762,121.3905563,樹林區
1308,大智通文化行銷股份有限公司,新北市樹林區佳園路二段70-1號,其他,三期4樓辦公區旁,0,1439,0,1439,0,1439,0,1439,0,1439,0,1439,0,1439,02-26363500,24.9600762,121.3905563,樹林區
1309,新北市三芝區衛生所附設物理治療所,新北市三芝區民生街33號1樓,其他,本院大廳,480,1020,480,1020,480,1020,480,1020,480,720,NaN,NaN,NaN,NaN,989662128,25.2566423,121.5038946,三芝區
1310,新北市萬里區衛生所,新北市萬里區新北市萬里區萬里里4鄰瑪鋉路157號,其他,衛生所1樓樓梯口,480,1020,480,1020,480,1020,480,1020,480,1020,NaN,NaN,NaN,NaN,(02)24931211,25.1783898,121.6897342,萬里區
1311,新北市雙溪區衛生所,新北市雙溪區新基南街18號,其他,本所大廳,480,1020,480,1020,480,1020,480,1020,480,1020,NaN,NaN,NaN,NaN,02-24951015,25.0380061,121.8663007,雙溪區
1312,新北市平溪區衛生所,新北市平溪區公園街17號,其他,衛生所入口,480,1020,480,1020,480,1020,480,1020,480,1020,NaN,NaN,NaN,NaN,911781856,25.0248195,121.7372435,平溪區
1313,法鼓學校財團法人法鼓文理學院,新北市金山區法鼓路700號,學校、大型集會場所,揚生館3樓,NaN,NaN,NaN,NaN,NaN,NaN,NaN,NaN,NaN,NaN,NaN,NaN,NaN,NaN,911781856,25.2445377,121.6141117,金山區
1314,法鼓學校財團法人法鼓文理學院,新北市金山區法鼓路700號,學校、大型集會場所,綜合大樓1樓保健室門口,480,1020,480,1020,480,1020,480,1020,480,1020,NaN,NaN,NaN,NaN,974199978,25.2445377,121.6141117,金山區
1315,馬偕學校財團法人馬偕醫護管理專科學校(三芝校區),新北市三芝區中正路三段42號,學校、大型集會場所,三芝校區學生宿舍1樓,8,17,8,17,8,17,8,17,8,17,NaN,NaN,NaN,NaN,974199978,25.2509168,121.498136,三芝區
1316,馬偕學校財團法人馬偕醫護管理專科學校(三芝校區),新北市三芝區中正路三段42號,學校、大型集會場所,三芝校區警衛室,8,17,8,17,8,17,8,17,8,17,NaN,NaN,NaN,NaN,975673323,25.2509168,121.498136,三芝區
1317,新北市政府消防局,新北市板橋區南雅南路二段15號,其他,新北市政府消防局,480,1080,480,1080,480,1080,480,1080,480,1080,NaN,NaN,NaN,NaN,908257512,25.0009771,121.4541434,板橋區
1318,日月光廣場,新北市土城區學府路二段210號,大型購物場所,日月光廣場,NaN,NaN,NaN,NaN,NaN,NaN,NaN,NaN,NaN,NaN,NaN,NaN,NaN,NaN,953552535,24.9788137,121.445079,土城區
1319,iFG遠雄購物中心,新北市汐止區新台五路一段99號,大型購物場所,3樓服務台,660,1290,660,1290,660,1290,660,1290,660,1320,660,1320,660,1290,928126958,25.0621773,121.6490496,汐止區
1320,觀音山小觀音奉茶處(亞洲形上觀音山揹水隊捐贈),新北市五股區 ,其他,觀音山小觀音奉茶處(亞洲形上觀音山揹水隊捐贈),NaN,NaN,NaN,NaN,NaN,NaN,NaN,NaN,NaN,NaN,NaN,NaN,NaN,NaN,928126958,25.0848317,121.4386586,五股區
1321,觀音山碧瑤山莊處(亞洲形上觀音山揹水隊捐贈),新北市五股區 ,其他,觀音山碧瑤山莊處(亞洲形上觀音山揹水隊捐贈),NaN,NaN,NaN,NaN,NaN,NaN,NaN,NaN,NaN,NaN,NaN,NaN,NaN,NaN,928126958,25.0848317,121.4386586,五股區
1322,觀音山楓櫃斗湖步道上四叉路口(亞洲形上觀音山揹水隊捐贈),新北市八里區 ,其他,觀音山楓櫃斗湖步道上四叉路口(亞洲形上觀音山揹水隊捐贈),NaN,NaN,NaN,NaN,NaN,NaN,NaN,NaN,NaN,NaN,NaN,NaN,NaN,NaN,928126958,25.1443896,121.3983016,八里區
1323,觀音山牛港稜涼亭(亞洲形上觀音山揹水隊捐贈),新北市五股區 ,其他,觀音山牛港稜涼亭(亞洲形上觀音山揹水隊捐贈),NaN,NaN,NaN,NaN,NaN,NaN,NaN,NaN,NaN,NaN,NaN,NaN,NaN,NaN,02-24901431,25.0848317,121.4386586,五股區
1324,新北市貢寮區衛生所,新北市貢寮區仁愛路128號,其他,門診候診區,0,1439,0,1439,0,1439,0,1439,0,1439,0,1439,0,1439,02-26631325,25.0549498,121.9275,貢寮區
1325,新北市石碇區衛生所,新北市石碇區潭邊里碇坪路1段82號,其他,大廳入口處,480,NaN,480,1020,480,1020,480,1020,480,1020,480,1020,480,1020,(02)26186953,24.9365143,121.7124307,石碇區
1326,新北市私立聖心國民小學,新北市八里區龍米路一段261號,學校、大型集會場所,善牧園園長室門口,535,955,535,955,535,955,535,955,535,955,NaN,NaN,NaN,NaN,22628456,25.1344302,121.4504646,八里區
1327,新北市立中正國民中學,新北市土城區金城路二段247號,學校、大型集會場所,本校警衛室,360,1320,360,1320,360,1320,360,1320,360,1320,420,1140,420,1140,02-2266-6311,24.9837353,121.4566653,土城區
1328,新北市私立北極星幼兒園,新北市土城區學成路165號1樓,其他,本園所辦公室,450,1080,450,1080,450,1080,450,1080,450,1080,NaN,NaN,NaN,NaN,26371366轉210,24.9891038,121.4482282,土城區
1329,新北市三芝區興華國民小學,新北市三芝區興華里田心子5號,學校、大型集會場所,司令台後方穿堂,480,1080,480,1080,480,1080,480,1080,480,1080,NaN,NaN,NaN,NaN,26780609#220,25.204538,121.501922,三芝區
1330,新北市立鳳鳴國民中學,新北市鶯歌區永和街33號,學校、大型集會場所,本校入口中庭處,450,1080,450,1080,450,1080,450,1080,450,1080,480,960,480,960,02-26775040#723,24.967988,121.3317462,鶯歌區
1331,新北市立鶯歌高級工商職業學校,新北市鶯歌區中正三路154號,學校、大型集會場所,鶯歌工商健康中心外面,480,960,480,960,480,960,480,960,480,960,NaN,NaN,NaN,NaN,910082220,24.9390971,121.3346405,鶯歌區
1332,新北市林口區南勢國民小學,新北市林口區南勢五街2號,學校、大型集會場所,一樓健康中心外走道旁,480,1080,480,1080,480,1080,480,1080,480,1080,480,960,480,960,86775640#205,25.0749024,121.358273,林口區
1333,新北市鶯歌區中湖國民小學,新北市鶯歌區中湖街25號,學校、大型集會場所,中湖國小-親師中心,480,960,480,960,480,960,480,960,480,960,480,960,480,960,917252606,24.973322,121.3482661,鶯歌區
1334,萬達一品社區管理委員會,新北市汐止區仁愛路329-339號,其他,1F大廳,NaN,NaN,NaN,NaN,NaN,NaN,NaN,NaN,NaN,NaN,NaN,NaN,NaN,NaN,26792364＃224,25.0680305,121.6640368,汐止區
1335,新北市鶯歌區二橋國民小學,新北市鶯歌區中正三路106號,學校、大型集會場所,學務處外,480,960,480,960,480,960,480,960,480,960,480,960,480,960,922716139,24.9407834,121.3375994,鶯歌區
1336,新北市立鶯歌國民中學,新北市鶯歌區尖山埔路108號,學校、大型集會場所,健康中心,480,1020,480,1020,480,1020,480,1020,480,1020,NaN,NaN,NaN,NaN,02-26709228#123,24.9504335,121.3448253,鶯歌區
1337,新北市鶯歌區建國國民小學,新北市鶯歌區育英街2號,學校、大型集會場所,校園警衛室內,420,16,420,16,420,16,420,16,420,16,NaN,NaN,NaN,NaN,910607822,24.9551019,121.345943,鶯歌區
1338,新北市東湖國小,新北市林口區佳林路200號,學校、大型集會場所,健康中心外牆,480,1020,480,1020,480,1020,480,1020,480,1020,NaN,NaN,NaN,NaN,918092460,25.0759082,121.3820413,林口區
1339,新北市鶯歌區昌福國民小學,新北市鶯歌區永明街22號,學校、大型集會場所,學校大廳健康中心旁,480,960,480,960,480,960,480,960,480,960,0,0,0,0,939196519,24.9550457,121.3396287,鶯歌區
1340,新北市鶯歌區鶯歌國民小學,新北市鶯歌區尖山埔路106號,學校、大型集會場所,健康中心門口外,370,1110,370,1110,370,1110,370,1110,370,1110,480,1020,480,1020,02-26781670*28,24.9510282,121.3461709,鶯歌區
1341,新北市立尖山國民中學,新北市鶯歌區國中街1號,學校、大型集會場所,尖山國中健康中心,480,1020,480,1020,480,1020,480,1020,480,1020,NaN,NaN,NaN,NaN,29666498-642,24.9452881,121.3421352,鶯歌區
1342,新北市立板橋國民中學,新北市板橋區中正路437號,學校、大型集會場所,警衛室,360,1320,360,1320,360,1320,360,1320,360,1320,360,1080,360,1080,(02)29990725*113,25.0249806,121.4531168,板橋區
1343,新北市三重區興穀國民小學,新北市三重區神農街 101號,學校、大型集會場所,大門警衛室,420,1140,420,1140,420,1140,420,1140,420,1140,480,1020,480,1020,928126958,25.0504964,121.4742801,三重區
1344,觀音山凌雲禪寺往尖山步道處(亞洲形上觀音山揹水隊捐贈),新北市五股區 ,其他,觀音山凌雲禪寺往尖山步道處(亞洲形上觀音山揹水隊捐贈),NaN,NaN,NaN,NaN,NaN,NaN,NaN,NaN,NaN,NaN,NaN,NaN,NaN,NaN,928126958,25.0848317,121.4386586,五股區
1345,觀音山尖山涼亭處(亞洲形上觀音山揹水隊捐贈),新北市五股區 ,其他,觀音山尖山涼亭處(亞洲形上觀音山揹水隊捐贈),NaN,NaN,NaN,NaN,NaN,NaN,NaN,NaN,NaN,NaN,NaN,NaN,NaN,NaN,928126958,25.0848317,121.4386586,五股區
1346,觀音山停機坪旁涼亭(亞洲形上觀音山揹水隊捐贈),新北市五股區 ,其他,觀音山停機坪旁涼亭(亞洲形上觀音山揹水隊捐贈),NaN,NaN,NaN,NaN,NaN,NaN,NaN,NaN,NaN,NaN,NaN,NaN,NaN,NaN,928126958,25.0848317,121.4386586,五股區
1347,觀音山五股遊客中心(亞洲形上觀音山揹水隊捐贈),新北市五股區 ,觀光旅遊地區,觀音山五股遊客中心(亞洲形上觀音山揹水隊捐贈)觀音山五股遊客中心(亞洲形上觀音山揹水隊捐贈),NaN,NaN,NaN,NaN,NaN,NaN,NaN,NaN,NaN,NaN,NaN,NaN,NaN,NaN,(02)22779245分機811,25.0848317,121.4386586,五股區
1348,新北市新莊地政事務所,新北市新莊區中華路一段3號,其他,本所1樓大廳,480,1050,480,1050,480,1050,480,1050,480,1050,NaN,NaN,NaN,NaN,930057120,25.0368004,121.4517943,新莊區
1349,緯創軟體股份有限公司(汐止總部),新北市汐止區新台五1段93號32樓,其他,緯創軟體汐止總部,NaN,NaN,NaN,NaN,NaN,NaN,NaN,NaN,NaN,NaN,NaN,NaN,NaN,NaN,26423859,25.06274,121.65415,汐止區
1350,新北市汐止地政事務所,新北市汐止區新台五路一段262號,其他,本所一樓大廳,480,1050,480,1050,480,1050,480,1050,480,1050,NaN,NaN,NaN,NaN,02-22765388分機6100,25.0637313,121.6583363,汐止區
1351,宜家家居股份有限公司 新莊分公司,新北市新莊區中正路1 號,大型購物場所,1F出口處,600,1320,600,1320,600,1320,600,1320,600,1320,600,1320,600,1320,02-22765388分機6100,24.9987648,121.4279992,新莊區
1352,宜家家居股份有限公司 新莊分公司,新北市新莊區中正路1 號,大型購物場所,3F餐廳入口,600,1320,600,1320,600,1320,600,1320,600,1320,600,1320,600,1320,02-22765388分機6100,24.9987648,121.4279992,新莊區
1353,宜家家居股份有限公司 新莊分公司,新北市新莊區中正路1 號,大型購物場所,4F餐桌椅區,600,1320,600,1320,600,1320,600,1320,600,1320,600,1320,600,1320,937507710,24.9987648,121.4279992,新莊區
1354,新北市立淡水古蹟博物館-淡水紅毛城,新北市淡水區中正路28巷1號,大型休閒場所,遊客服務中心入口左側,570,1020,570,1020,570,1020,570,1020,570,1020,570,1080,570,1080,933722077,25.1693252,121.4441972,淡水區
1355,新北市立淡水古蹟博物館-得忌利士洋行,新北市淡水區中正路316號,大型休閒場所,得忌利士洋行驛站(遊客服務中心),570,1020,570,1020,570,1020,570,1020,570,1020,570,1080,570,1080,281952026,25.172622,121.4369293,淡水區
1356,新北市康橋國際學校秀岡校區,新北市新店區華城路800號,學校、大型集會場所,教一大樓第二穿堂 總務部旁,480,1260,480,1260,480,1260,480,1260,480,1260,NaN,NaN,NaN,NaN,02-29089627,24.9108487,121.4978523,新店區
1357,新北市立丹鳳高級中學,新北市新莊區龍安路72號,學校、大型集會場所,朝陽樓1樓走廊,480,1020,480,1020,480,1020,480,1020,480,1020,NaN,NaN,NaN,NaN,918906038,25.0209948,121.4165519,新莊區
1358,新北市立三芝國民中學,新北市三芝區淡金路一段38號,學校、大型集會場所,本校學務處,480,1020,480,1020,480,1020,480,1020,480,1020,480,1020,480,1020,229924125,25.2598393,121.5016291,三芝區
1359,新北市新莊區中環市民活動中心,新北市新莊區中環路二段392號之一,其他,大廳,NaN,NaN,NaN,NaN,NaN,NaN,NaN,NaN,NaN,NaN,NaN,NaN,NaN,NaN,229033753,25.044992,121.4420279,新莊區
1360,新北市新莊區牡丹心市民活動中心,新北市新莊區雙鳳路75號5樓,其他,5樓,NaN,NaN,NaN,NaN,NaN,NaN,NaN,NaN,NaN,NaN,NaN,NaN,NaN,NaN,222065646,25.0275359,121.4148147,新莊區
1361,新北市新莊區豐年市民活動中心,新北市新莊區豐年街57-5號,其他,1樓,NaN,NaN,NaN,NaN,NaN,NaN,NaN,NaN,NaN,NaN,NaN,NaN,NaN,NaN,229972365,25.0305324,121.4466974,新莊區
1362,新北市新莊區聯合市民活動中心,新北市新莊區自由街1號,其他,1樓,NaN,NaN,NaN,NaN,NaN,NaN,NaN,NaN,NaN,NaN,NaN,NaN,NaN,NaN,222071610,25.0479189,121.4560357,新莊區
1363,新北市新莊區全安市民活動中心,新北市新莊區新莊路527號,其他,2樓,NaN,NaN,NaN,NaN,NaN,NaN,NaN,NaN,NaN,NaN,NaN,NaN,NaN,NaN,229924125,25.0332264,121.447917,新莊區
1364,新北市新莊區中港第一市民活動中心,新北市新莊區中港路172號,其他,1樓,NaN,NaN,NaN,NaN,NaN,NaN,NaN,NaN,NaN,NaN,NaN,NaN,NaN,NaN,222065514,25.0418054,121.4550914,新莊區
1365,新北市新莊區瓊泰市民活動中心,新北市新莊區瓊泰路85號,其他,1樓交誼廳,NaN,NaN,NaN,NaN,NaN,NaN,NaN,NaN,NaN,NaN,NaN,NaN,NaN,NaN,285213748,25.0293364,121.4429455,新莊區
1366,新北市新莊區興化市民活動中心,新北市新莊區五工路68巷2號4樓,其他,4樓,NaN,NaN,NaN,NaN,NaN,NaN,NaN,NaN,NaN,NaN,NaN,NaN,NaN,NaN,222057114,25.0642583,121.458866,新莊區
1367,新北市新莊區後港市民活動中心,新北市新莊區建安街26巷4號,其他,1樓,NaN,NaN,NaN,NaN,NaN,NaN,NaN,NaN,NaN,NaN,NaN,NaN,NaN,NaN,285214096,25.0257061,121.4283045,新莊區
1368,新北市新莊區福前市民活動中心,新北市新莊區化成路746巷2號,其他,1樓,NaN,NaN,NaN,NaN,NaN,NaN,NaN,NaN,NaN,NaN,NaN,NaN,NaN,NaN,222071610,25.057656,121.4659499,新莊區
1369,新北市新莊區海山市民活動中心,新北市新莊區瓊泰路211號,其他,1樓,NaN,NaN,NaN,NaN,NaN,NaN,NaN,NaN,NaN,NaN,NaN,NaN,NaN,NaN,02-85214096,25.0324354,121.443064,新莊區
1370,新北市新莊區化成市民活動中心,新北市新莊區化成路三一四巷二號,其他,大廳,NaN,NaN,NaN,NaN,NaN,NaN,NaN,NaN,NaN,NaN,NaN,NaN,NaN,NaN,909771204,25.0546819,121.4661164,新莊區
1371,宏匯廣場,新北市新莊區新北大道四段3號1樓,大型購物場所,宏匯廣場,660,1290,660,1290,660,1290,660,1290,660,1320,660,1320,660,1290,02-85128366#7950,25.0596783,121.4495726,新莊區
1372,宏匯廣場,新北市新莊區新北大道四段3號1樓,大型購物場所,5樓醫護室,660,1290,660,1290,660,1290,660,1290,660,1290,660,1290,660,1290,02-6620-2589#10463,25.0596783,121.4495726,新莊區
1373,臺北醫學大學雙和校區,新北市中和區圓通路301號,學校、大型集會場所,教學研究大樓四樓大廳,480,1020,480,1020,480,1020,480,1020,480,1020,NaN,NaN,NaN,NaN,02-6620-2589#10463,24.9908276,121.4940905,中和區
1374,臺北醫學大學雙和校區,新北市中和區圓通路301號,學校、大型集會場所,生醫大樓9樓電梯廳,480,1020,480,1020,480,1020,480,1020,480,1020,NaN,NaN,NaN,NaN,22618316#304,24.9908276,121.4940905,中和區
1375,新北市土城區清水國民小學,新北市土城區金城路2段356號,學校、大型集會場所,健康中心,480,960,480,960,480,960,480,960,480,960,NaN,NaN,NaN,NaN,986785119,24.9843635,121.4615079,土城區
1376,福泰翡翠灣渡假飯店,新北市萬里區翡翠路17號,旅宿場所,大廳,0,0,NaN,NaN,NaN,NaN,NaN,NaN,NaN,NaN,NaN,NaN,NaN,NaN,928021768,25.1885152,121.683915,萬里區
1377,臺北大學運動中心三峽校區,新北市三峽區大學路151號(台北大學運動中心),學校、大型集會場所,本館大廳一樓,6,22,6,22,6,22,6,22,6,22,6,22,6,22,989436810,24.9401521,121.3661445,三峽區
1378,威秀影城股份有限公司新店分公司,新北市新店區中興路三段70號7樓,大型休閒場所,威秀影城股份有限公司新店分公司,NaN,NaN,NaN,NaN,NaN,NaN,NaN,NaN,NaN,NaN,NaN,NaN,NaN,NaN,970788922,24.978061,121.546478,新店區
1379,三新二奧特萊斯股份有限公司(林口三井二館),新北市林口區文化二路一段123號,大型購物場所,Mitsui Outlet Park林口二館,660,1290,660,1290,660,1290,660,1290,660,1320,630,1320,630,1320,928021768,25.068502,121.3643482,林口區
1380,臺北大學運動中心三峽校區,新北市三峽區大學路151號(台北大學運動中心),學校、大型集會場所,本場館B1游泳池,6,22,6,22,6,22,6,22,6,22,6,22,6,22,22603181,24.9401521,121.3661445,三峽區
1381,新北市土城區衛生所,新北市土城區和平路26號,其他,衛生所內一樓,NaN,NaN,NaN,NaN,NaN,NaN,NaN,NaN,NaN,NaN,NaN,NaN,NaN,NaN,22812011*207,24.9728567,121.4431739,土城區
1382,新北市蘆洲區衛生所,新北市蘆洲區中央路58號,其他,1F門診處,480,1050,480,1050,480,1050,480,1050,480,1050,NaN,NaN,NaN,NaN,02-77388000#1350,25.0841717,121.473383,蘆洲區
1383,亞東科技大學,新北市板橋區四川路二段58號,學校、大型集會場所,亞東科技大學有庠大樓圖書館2樓,0,1380,0,1380,0,1380,0,1380,0,1380,0,1380,0,1380,229003553,24.9959521,121.4524027,板橋區
1384,新北市政府社會局委託財團法人中華民國唐氏症基金會辦理新北市愛家發展中心,新北市泰山區明志路一段205號2樓之2,其他,行政大樓門口,510,1050,510,1050,510,1050,510,1050,510,1050,0,0,0,0,,25.0612873,121.4326629,泰山區
1385,法鼓山世界佛教教育園區,新北市金山區法鼓路555號,其他,第一棟大樓,540,960,540,960,540,960,540,960,540,960,540,960,540,960,,25.2223616,121.6367773,金山區
1386,法鼓山世界佛教教育園區,新北市金山區法鼓路555號,其他,第三棟大樓,540,960,540,960,540,960,540,960,540,960,540,960,540,960,02-29089899轉2371,25.2223616,121.6367773,金山區
1387,明志科技大學,新北市泰山區工專路84號,學校、大型集會場所,警衛室,0,1439,0,1439,0,1439,0,1439,0,1439,0,1439,0,1439,983059368,25.042568,121.4220666,泰山區
1388,新北市政府警察局交通警察大隊新莊分隊,新北市新莊區福營路282號,其他,一樓值班大廳左側,NaN,NaN,NaN,NaN,NaN,NaN,NaN,NaN,NaN,NaN,NaN,NaN,NaN,NaN,975843086,25.0278553,121.423463,新莊區
1389,優達科技股份有限公司,新北市新莊區建國一路300號10樓,其他,優達科技股份有限公司10樓,540,1080,540,1080,540,1080,540,1080,540,1080,NaN,NaN,NaN,NaN,975843086,25.0244993,121.434423,新莊區
1390,優達科技股份有限公司,新北市新莊區建國一路300號10樓,其他,優達科技股份有限公司11樓,540,1080,540,1080,540,1080,540,1080,540,1080,NaN,NaN,NaN,NaN,0226632102#2340,25.0244993,121.434423,新莊區
1391,華梵大學,新北市石碇區華梵路1號,學校、大型集會場所,明月樓,480,1020,480,1020,480,1020,480,1020,480,1020,NaN,NaN,NaN,NaN,26812764#828,24.977873,121.6910882,石碇區
1392,新北市板橋區沙崙國民小學,新北市板橋區篤行路二段132號,學校、大型集會場所,健康中心中心前門外柱子上,480,960,480,960,480,960,480,960,480,960,NaN,NaN,NaN,NaN,979690071,24.989644,121.4304958,板橋區
1393,世享勝業有限公司,新北市泰山區泰林路三段301巷21號,其他,現場,480,1080,480,1080,480,1080,480,1080,480,1080,NaN,NaN,NaN,NaN,29912391#112,25.0676888,121.4129318,泰山區
1394,新北市立新莊高級中學,新北市新莊區中平路135號,學校、大型集會場所,健康中心內,480,1020,480,1020,480,1020,480,1020,480,1020,NaN,NaN,NaN,NaN,26102037#119,25.0483906,121.4438324,新莊區
1395,新北市八里區長坑國民小學,新北市八里區中華路三段236號,學校、大型集會場所,健康中心外走廊牆上,360,1080,360,1080,360,1080,360,1080,360,1080,360,960,360,960,958659903,25.1265548,121.3908002,八里區
1396,誠品生活新店,新北市新店區中興路三段70號B1-4F,大型購物場所,1F- A區電梯廳,660,1290,660,1290,660,1290,660,1290,660,1320,660,1320,660,1290,958659903,24.978061,121.546478,新店區
1397,誠品生活新店,新北市新店區中興路三段70號B1-4F,大型購物場所,4F- A區電梯廳,660,1290,660,1290,660,1290,660,1290,660,1320,660,1320,660,1290,958659903,24.978061,121.546478,新店區
1398,誠品生活新店,新北市新店區中興路三段70號B1-4F,大型購物場所,B1F- A區電梯廳,660,1290,660,1290,660,1290,660,1290,660,1320,660,1320,660,1290,958659903,24.978061,121.546478,新店區
1399,誠品生活新店,新北市新店區中興路三段70號B1-4F,大型購物場所,3F 顧客服務中心,660,1290,660,1290,660,1290,660,1290,660,1320,660,1320,660,1290,920434968,24.978061,121.546478,新店區
1400,麗寶百貨廣場,新北市板橋區縣民大道二段3號,大型購物場所,一樓服務台,600,1320,600,1320,600,1320,600,1320,600,1320,600,1320,600,1320,972893785,25.0123547,121.4619601,板橋區
1401,PLUS SEGA 林口三井店,新北市林口區文化三路一段356號2樓,大型購物場所,櫃內門口處,660,1290,660,1290,660,1290,660,1290,660,1320,630,1320,630,1320,905532679,25.0704313,121.3650009,林口區
1402,大智通文化行銷股份有限公司(三峽DC),新北市三峽區中正路一段310號,其他,1樓打卡機旁,540,1020,540,1020,540,1020,540,1020,540,1020,540,1020,540,1020,958533050,24.925297,121.371322,三峽區
1403,瓦城板橋店,新北市板橋區文化路一段65號,其他,瓦城板橋店,11,21,11,21,11,21,11,21,11,21,11,21,11,21,932335814,25.01382,121.4608556,板橋區
1404,1010湘 新北新店店,新北市新店區建國路257號,其他,1010湘 新北新店,11,21,11,21,11,21,11,21,11,21,11,21,11,21,921354385,24.9832603,121.5372447,新店區
1405,瓦城泰國料理 - 中和建一店,新北市中和區建一路179號,其他,瓦城中和建一店,690,1290,11,21,11,21,11,21,11,21,11,21,11,21,922565467,24.9986781,121.4883472,中和區
1406,瓦城永和店,新北市永和區永和路二段116號,其他,瓦城永和店,11,21,11,21,11,21,11,21,11,21,11,21,11,21,929112526,25.0118652,121.5153734,永和區
1407,瓦城三重店,新北市三重區正義北路95號1-2F,其他,瓦城三重店,11,21,11,21,11,21,11,21,11,21,11,21,11,21,22223512#2102,25.0652523,121.4971591,三重區
1408,台灣松下電腦股份有限公司,新北市中和區員山路579號3棟3樓,其他,實裝製造工區走廊,480,1030,480,1030,480,1030,480,1030,480,1030,NaN,NaN,NaN,NaN,22223512#2102,25.0081036,121.4792566,中和區
1409,台灣松下電腦股份有限公司,新北市中和區員山路579號3棟3樓,其他,製造區快樂廣場,480,1030,480,1030,480,1030,480,1030,480,1030,NaN,NaN,NaN,NaN,24974106#200,25.0081036,121.4792566,中和區
1410,新北市瑞芳地政事務所,新北市瑞芳區明燈路3段32號,其他,本所大廳,480,1050,480,1050,480,1050,480,1050,480,1050,NaN,NaN,NaN,NaN,02-86462111#8133,25.1079002,121.8079662,瑞芳區
1411,艾訊股份有限公司,新北市汐止區環河街100號,其他,一樓茶水間,510,1050,510,1050,510,1050,510,1050,510,1050,NaN,NaN,NaN,NaN,24972516轉404,25.0601535,121.6298842,汐止區
1412,新北市立瑞芳高級工業職業學校,新北市瑞芳區瑞芳街60號,學校、大型集會場所,健康中心外牆(建興樓1樓),420,1260,420,1260,420,1260,420,1260,420,1260,420,1080,420,1260,02-24986503-120,25.1106206,121.8032891,瑞芳區
1413,新北市金山區金美國民小學,新北市金山區忠孝一路111號,學校、大型集會場所,校門口警衛室內,480,930,480,930,480,930,480,930,480,930,540,930,540,930,912282853,25.2208189,121.6367549,金山區
1414,新北市板橋區大觀國民小學,新北市板橋區大觀路一段30號,學校、大型集會場所,健康中心門口,NaN,NaN,NaN,NaN,NaN,NaN,NaN,NaN,NaN,NaN,NaN,NaN,NaN,NaN,939218591,25.0085816,121.4494217,板橋區
1415,新北市淡水區水碓市民活動中心,新北市淡水區中山北路一段158號,其他,1樓銀髮族俱樂部,NaN,NaN,480,1260,480,1260,480,1260,480,1260,480,1260,480,1020,02-2620-2235,25.1780828,121.4442216,淡水區
1416,新北市淡水區中興市民活動中心,新北市淡水區水源街一段29號,其他,市民活動中心1樓銀髮族俱樂部,NaN,NaN,480,1260,480,1260,480,1260,480,1260,480,1260,NaN,NaN,02-2809-6853,25.1723331,121.4431949,淡水區
1417,新北市淡水區民生市民活動中心,新北市淡水區民生路27號,其他,1樓入口處,NaN,NaN,480,1260,480,1260,480,1260,480,1260,480,1260,NaN,NaN,02-2626-9570,25.1380129,121.4612388,淡水區
1418,新北市淡水區竿蓁市民活動中心,新北市淡水區中正東路一段3巷6號,其他,竿蓁市民活動中心,NaN,NaN,480,1260,480,1260,480,1260,480,1260,480,1260,NaN,NaN,922182678,25.1649472,121.4511697,淡水區
1419,新北市淡水區淡海市民活動中心,新北市淡水區淡海路111號,其他,市民活動中心1樓銀髮族俱樂部,NaN,NaN,480,1260,480,1260,480,1260,480,1260,480,1260,480,1020,928725271,25.1824642,121.4217782,淡水區
1420,新興市民活動中心,新北市淡水區大義街18號,其他,活動中心5樓,0,0,480,1260,480,1260,480,1260,480,1260,480,1260,0,0,24921111#211,25.1785031,121.4428883,淡水區
1421,中規開發股份有限公司（野柳海洋世界）,新北市萬里區野柳里港東路167-3號,觀光旅遊地區,B1海底探索館-魚隻分布圖旁,540,1020,540,1020,540,1020,540,1020,540,1020,540,1020,540,1020,24921111#211,25.2052032,121.6912207,萬里區
1422,中規開發股份有限公司（野柳海洋世界）,新北市萬里區野柳里港東路167-3號,觀光旅遊地區,1樓大廳左側,540,1020,540,1020,540,1020,540,1020,540,1020,540,1020,540,1020,931060206,25.2052032,121.6912207,萬里區
1423,湯城園區2號大樓,新北市三重區重新路5段609巷2號8樓之2,其他,1樓大廳,NaN,NaN,NaN,NaN,NaN,NaN,NaN,NaN,NaN,NaN,NaN,NaN,NaN,NaN,222453163,25.0455622,121.4683266,三重區
1424,美德耐雙和醫院商場,新北市中和區中正路291號B1,大型購物場所,雙和醫院B1美食街(葡吉包子專櫃旁),0,0,0,0,0,0,0,0,0,0,0,0,0,0,989246622,24.9931046,121.4936518,中和區
1425,新北市政府環境保護局(民族大樓一樓大廳),新北市板橋區民族路57號,其他,本局大廳,540,1020,540,1020,540,1020,540,1020,540,1020,NaN,NaN,NaN,NaN,02-2257-6167分機1215,25.0094874,121.4647214,板橋區
1426,致理科技大學,新北市板橋區文化路一段313號,學校、大型集會場所,誠信館1樓,330,1320,330,1320,330,1320,330,1320,330,1320,330,1260,330,1260,927557860,25.0216141,121.4639242,板橋區
1427,新北市政府環境保護局石門區清潔隊,新北市石門區中山路66號,其他,石門區清潔隊調度室,480,1020,480,1020,480,1020,480,1020,480,1020,NaN,NaN,NaN,NaN,911550229,25.2912481,121.5677719,石門區
1428,新北市政府環境保護局五股區清潔隊,新北市五股區中興路2段83巷26之5號,其他,員工休息室左門,NaN,NaN,NaN,NaN,NaN,NaN,NaN,NaN,NaN,NaN,NaN,NaN,NaN,NaN,89667817*137,25.0754989,121.4593798,五股區
1429,新北市板橋區信義國民小學,新北市板橋區四川路二段 245 巷 60 號,學校、大型集會場所,行政大樓學務處外走廊,360,1320,360,1320,360,1320,360,1320,360,1320,420,900,420,900,911406621,24.9914842,121.4520602,板橋區
1430,新北市淡海國小,新北市淡水區新市二路二段81號,學校、大型集會場所,本校操場旁走廊,NaN,NaN,NaN,NaN,NaN,NaN,NaN,NaN,NaN,NaN,570,870,570,870,0228577326-555,25.1952287,121.4291947,淡水區
1431,新北市立新北高級中學,新北市三重區三信路1號,學校、大型集會場所,學務處前走廊,NaN,NaN,NaN,NaN,NaN,NaN,NaN,NaN,NaN,NaN,NaN,NaN,NaN,NaN,28091475*35,25.0877478,121.489273,三重區
1432,新北市淡水區竹圍國民小學,新北市淡水區中正東路二段145號,學校、大型集會場所,新北市淡水區竹圍國小,420,1050,420,1050,420,1050,420,1050,420,1050,480,960,480,960,02-26015310分機1329,25.1472378,121.4600797,淡水區
1433,醒吾學校財團法人醒吾科技大學,新北市林口區粉寮路一段101號,學校、大型集會場所,本校設計學院1樓大廳,0,1439,0,1439,0,1439,0,1439,0,1439,0,1439,0,1439,02-26015310分機1329,25.0832782,121.3955724,林口區
1434,醒吾學校財團法人醒吾科技大學,新北市林口區粉寮路一段101號,學校、大型集會場所,體育館左側門邊,510,1300,510,1300,510,1300,510,1300,510,1300,0,0,0,0,02-26015310分機1329,25.0832782,121.3955724,林口區
1435,醒吾學校財團法人醒吾科技大學,新北市林口區粉寮路一段101號,學校、大型集會場所,本校學生宿舍1樓大廳,0,1439,0,1439,0,1439,0,1439,0,1439,0,1439,0,1439,970118877,25.0832782,121.3955724,林口區
1436,金鶯花園社區,新北市鶯歌區尖山路266號,其他,社區大廳,0,1439,0,1439,0,1439,0,1439,0,1439,0,1439,0,1439,222701588,24.9457379,121.3416972,鶯歌區
1437,新北市政府警察局土城分局廣福派出所,新北市土城區學府路一段103號,公眾服務單位設施,新北市土城區學府路一段103號進入大門左側底邊角落,0,0,0,0,0,0,0,0,0,0,0,0,0,0,909333553,24.9877053,121.4560276,土城區
1438,弘聖車業,新北市三重區重陽路三段7-1號,其他,老闆辦公桌旁牆上,540,1260,540,1260,540,1260,540,1260,540,1260,540,1260,NaN,NaN,906681320,25.0664833,121.4891954,三重區
1439,新北市立五峰國民中學,新北市新店區中興路一段253號,學校、大型集會場所,新北市五峰國中,330,1110,330,1110,330,1110,330,1110,330,1110,360,1080,360,1110,02-85128366#7950,24.9667173,121.5440696,新店區
1440,宏匯廣場,新北市新莊區新北大道四段3號1樓,大型購物場所,宏匯廣場1樓服務台旁(新北大道側),660,1290,660,1290,660,1290,660,1290,660,1320,660,1320,660,1290,02-2257-6167分機1215,25.0596783,121.4495726,新莊區
1441,致理科技大學,新北市板橋區文化路一段313號,學校、大型集會場所,誠信館4樓,330,1320,330,1320,330,1320,330,1320,330,1320,330,1260,330,1260,920235693,25.0216141,121.4639242,板橋區
1442,泰山體育園區,新北市泰山區公園路54號,大型休閒場所,1樓大廳,420,1380,420,1380,420,1380,420,1380,420,1380,420,1380,420,1380,02-29097811#1263,25.0556911,121.4265935,泰山區
1443,黎明技術學院,新北市泰山區泰林路三段22號,學校、大型集會場所,健康中心.工廠及體育館,510,1330,510,1330,510,1330,510,1330,510,1330,510,1020,NaN,NaN,02-22765006 分機1008,25.0665264,121.4204357,泰山區
1444,新北市林口區公有零售市場,新北市林口區林口路15號,大型購物場所,中正路入口左側,NaN,NaN,NaN,NaN,NaN,NaN,NaN,NaN,NaN,NaN,NaN,NaN,NaN,NaN,02-22765006 分機1008,25.077844,121.3915137,林口區
1445,新北市林口區東勢公有零售市場,新北市林口區麗園一街35號,大型購物場所,入口大廳處,NaN,NaN,NaN,NaN,NaN,NaN,NaN,NaN,NaN,NaN,NaN,NaN,NaN,NaN,(02)29212145轉36,25.0686654,121.3774802,林口區
1446,新北市私立及人國民小學,新北市永和區文化路172號,學校、大型集會場所,紫光樓一樓健康中心,450,1050,450,1050,450,1050,450,1050,450,1050,450,1050,450,1050,02-29620462#215,25.0158384,121.5120861,永和區
1447,新莊體育園區 體育館 2樓東區,新北市新莊區中華路一段75號,大型休閒場所,新莊體育館-東區主入口 2 樓廣廊,360,1260,360,1260,360,1260,360,1260,360,1260,360,1260,360,1260,02-29620462#215,25.0400087,121.4496731,新莊區
1448,新莊體育園區 網球場,新北市新莊區中華路一段75號,大型休閒場所,新莊網球場-網球場入口處,360,1020,360,1320,360,1320,360,1320,360,1320,360,1320,360,1320,02-29620462#215,25.0400087,121.4496731,新莊區
1449,新莊體育園區 田徑場警衛室外,新北市新莊區中華路一段75號,大型休閒場所,新莊田徑場-警衛室外,0,1380,0,1380,0,1380,0,1380,0,1380,0,1380,0,1380,26006768#3010,25.0400087,121.4496731,新莊區
1450,新北市立新北特殊教育學校,新北市林口區文化北路一段425號,學校、大型集會場所,學生宿舍一樓,1020,1260,1020,1260,1020,1260,1020,1260,NaN,NaN,NaN,NaN,NaN,NaN,02-29882776-552,25.0778302,121.3651669,林口區
1451,中華郵政股份有限公司三重郵局,新北市三重區新北大道1段17號,其他,新北市三重區新北大道一段17號1樓 (後門警衛室內),480,1050,480,1050,480,1050,480,1050,480,1050,NaN,NaN,NaN,NaN,958232345,25.0614534,121.4867114,三重區
1452,板橋區清潔隊北區組,新北市板橋區民生路二段36號-1,其他,正門建物左側,NaN,NaN,NaN,NaN,NaN,NaN,NaN,NaN,NaN,NaN,NaN,NaN,NaN,NaN,958232345,25.0174249,121.4725506,板橋區
1453,板橋區清潔隊保養班,新北市板橋區溪城路90-2號(城林橋下),其他,辦公室對斜對面,NaN,NaN,NaN,NaN,NaN,NaN,NaN,NaN,NaN,NaN,NaN,NaN,NaN,NaN,958232345,24.9812514,121.427672,板橋區
1454,板橋區清潔隊巡查組,新北市板橋區民生路二段56號之5,其他,門口左側,NaN,NaN,NaN,NaN,NaN,NaN,NaN,NaN,NaN,NaN,NaN,NaN,NaN,NaN,958232345,25.0179331,121.4721892,板橋區
1455,板橋區清潔隊南區組,新北市板橋區華東街1-8號,其他,辦公室門口側,NaN,NaN,NaN,NaN,NaN,NaN,NaN,NaN,NaN,NaN,NaN,NaN,NaN,NaN,958232345,24.9943777,121.4485321,板橋區
1456,板橋區清潔隊廚餘三班,新北市板橋區華東街1-11號,其他,辦公室門側,NaN,NaN,NaN,NaN,NaN,NaN,NaN,NaN,NaN,NaN,NaN,NaN,NaN,NaN,912720714,24.9943316,121.4485747,板橋區
1457,新北市私立育才國民小學,新北市永和區新北市永和區福和路125巷20號,學校、大型集會場所,學務處前走廊,450,1080,450,1080,450,1080,450,1080,450,1080,NaN,NaN,NaN,NaN,02-29620462#215,25.0071184,121.5217564,永和區
1458,板橋體育館,新北市板橋區中正路8號,大型休閒場所,板橋體育館-後門入口,300,1320,300,1320,300,1320,300,1320,300,1320,300,1320,300,1320,26006768#3010,25.013213,121.4567738,板橋區
1459,新北市立新北特殊教育學校,新北市林口區文化北路一段425號,學校、大型集會場所,行政大樓1樓,480,1020,480,1020,480,1020,480,1020,480,1020,480,1020,480,1020,26731488#226,25.0778302,121.3651669,林口區
1460,新北市三峽區安溪國民小學,新北市三峽區中華路42號,學校、大型集會場所,1樓 播音室走廊牆壁上,480,960,480,960,480,960,480,960,480,960,NaN,NaN,NaN,NaN,962036706,24.9310338,121.3724513,三峽區
1461,振樺電子股份有限公司,新北市土城區大同街23號,其他,一樓大廳,510,1050,510,1050,510,1050,510,1050,510,1050,NaN,NaN,NaN,NaN,222142022,24.9596624,121.4163592,土城區
1462,新北市環境保護局三峽掩埋場,新北市三峽區中正路三段262號,其他,三峽掩埋場行政大樓,0,1439,0,1439,0,1439,0,1439,0,1439,0,1439,0,1439,02-29620462#215,24.8981171,121.3376371,三峽區
1463,新莊體育園區 體育館警衛室,新北市新莊區中華路一段75號,大型休閒場所,新莊體育園區-體育館警衛室,0,1380,0,1380,0,1380,0,1380,0,1380,0,1380,0,1380,02-29620462#215,25.0400087,121.4496731,新莊區
1464,板橋第二運動場 志工室前,新北市板橋區民權路117號,大型休閒場所,板橋第二運動場-志工室前,480,1320,480,1320,480,1320,480,1320,480,1320,480,1320,480,1320,02-29620462#215,25.0137914,121.4582189,板橋區
1465,樹林體育園區 省民公園(漆彈場警衛室口),新北市樹林區水源街81號,大型休閒場所,省民公園漆彈場警衛室前,0,1380,0,1380,0,1380,0,1380,0,1380,0,1320,0,1380,02-29620462#215,24.9809759,121.4258557,樹林區
1466,板橋第一運動場,新北市板橋區新北市板橋區漢生東路278號1樓,大型休閒場所,1 樓運動設施科辦公室前,300,1320,300,1320,300,1320,300,1320,300,1320,300,1320,300,1320,02-29620462#215,25.0103693,121.4690951,板橋區
1467,板橋第一運動場 辦公室6樓,新北市板橋區漢生東路278號,其他,新北市政府體育局6樓辦公室,510,1050,510,1050,510,1050,510,1050,510,1050,0,NaN,NaN,NaN,02-22466188分機12,25.0103693,121.4690951,板橋區
1468,財團法人陽光社會福利基金會附設陽光醫材中心,新北市中和區橋和路117號10樓,其他,大門後方,540,1020,540,1020,540,1020,540,1020,540,1020,NaN,NaN,NaN,NaN,24988131#16,25.0058788,121.4915177,中和區
1469,新北市萬里區大鵬國民小學,新北市萬里區大鵬里萬里加投14號,學校、大型集會場所,警衛室外側牆面上,480,1020,480,1020,480,1020,480,1020,480,1020,NaN,NaN,NaN,NaN,0222917191*911,25.214719,121.644585,萬里區
1470,新北市五股區五股國民小學,新北市五股區成泰路二段49號,學校、大型集會場所,教務處前,NaN,NaN,NaN,NaN,NaN,NaN,NaN,NaN,NaN,NaN,NaN,NaN,NaN,NaN,02-24911571*33,25.0831465,121.4372541,五股區
1471,新北市瑞芳區鼻頭國民小學,新北市瑞芳區鼻頭路99號,學校、大型集會場所,辦公室外牆,480,960,480,960,480,960,480,960,480,960,480,960,480,960,912276267,25.1215985,121.919541,瑞芳區
1472,新北市立欽賢國民中學-鼻頭校區,新北市瑞芳區南雅里南雅路87之1號,學校、大型集會場所,專科大樓1樓健康中心-行政辦公室後門牆壁,480,1020,480,1020,480,1020,480,1020,480,1020,480,720,NaN,NaN,912276267,25.1204532,121.8870344,瑞芳區
1473,新北市立欽賢國民中學-九份校區,新北市瑞芳區永慶里崙頂路3之1號,學校、大型集會場所,警衛室進門牆壁上,480,1020,480,1020,480,1020,480,1020,480,1020,NaN,NaN,NaN,NaN,29400170#606,25.1052651,121.8454083,瑞芳區
1474,新北市新店區新和國民小學,新北市新店區安和路3段100號,學校、大型集會場所,警衛室,480,1020,480,1020,480,1020,480,1020,480,1020,480,1020,NaN,NaN,920921812,24.9853049,121.5184888,新店區
1475,新北市立插角森林實驗小學,新北市三峽區插角里39號,學校、大型集會場所,電腦教室門口,480,960,480,960,480,960,480,960,480,960,NaN,NaN,NaN,NaN,02-29517664,24.867158,121.4056153,三峽區
1476,新北市立海山高級中學,新北市板橋區漢生東路215號,學校、大型集會場所,國中部一樓健康中心旁,480,1260,480,1260,480,1260,480,1260,480,1260,NaN,NaN,NaN,NaN,(02)22518007-239,25.0095208,121.4718833,板橋區
1477,新北市立江翠國民中學,新北市板橋區松江街63號,學校、大型集會場所,江翠國中,480,1020,480,1020,480,1020,480,1020,480,1020,480,1020,480,1020,22508250分機322,25.0289268,121.4683966,板橋區
1478,新北市立中山國民中學,新北市板橋區文化路一段188巷56號,學校、大型集會場所,親職中心外,490,1020,490,1020,490,1020,490,1020,490,1020,NaN,NaN,NaN,NaN,902202207,25.0185026,121.4676112,板橋區
1479,新北市泰山區泰山國民小學,新北市泰山區泰林路二段255號,學校、大型集會場所,新北市泰山區泰山國小,450,960,450,960,450,960,450,960,450,960,NaN,NaN,NaN,NaN,02-29931201#824,25.0613993,121.4315114,泰山區
1480,新北市新莊區新莊國民小學,新北市新莊區中正路86號,學校、大型集會場所,大門穿堂處,480,1020,480,1020,480,1020,480,1020,480,1020,NaN,NaN,NaN,NaN,939740449,25.0369988,121.455901,新莊區
1481,新北市立插角森林實驗小學金敏分校,新北市三峽區金敏路66號,學校、大型集會場所,一樓辦公室,480,960,480,960,480,960,480,960,480,960,NaN,NaN,NaN,NaN,28578087*309,24.8742815,121.3845593,三峽區
1482,新北市三重區五華國民小學,新北市三重區集賢路89號,學校、大型集會場所,本校集賢路大門警衛室內,450,1200,450,1200,450,1200,450,1200,450,1200,480,1140,480,1140,02-24960450,25.0874025,121.4923891,三重區
1483,新北市瑞芳區猴硐國民小學,新北市瑞芳區九芎橋路69-1號,學校、大型集會場所,警衛室內(一警內),480,960,480,960,480,960,480,960,480,960,NaN,NaN,NaN,NaN,26869727,25.0955297,121.8332766,瑞芳區
1484,新北市立溪崑國民中學,新北市板橋區大觀路三段50巷30號,學校、大型集會場所,健康中心,480,960,480,960,480,960,480,960,480,960,0,0,0,NaN,24981125#220,24.9961713,121.432248,板橋區
1485,新北市金山區金山國民小學,新北市金山區中山路234號,學校、大型集會場所,金山國小健康中心外面走廊,480,240,480,240,480,240,480,240,480,240,NaN,NaN,NaN,NaN,02-26216139#825,25.222905,121.636599,金山區
1486,新北市立忠山實驗小學,新北市淡水區行忠路899號,學校、大型集會場所,一樓三甲教室前的走廊中央,480,960,480,960,480,960,480,960,480,960,NaN,NaN,NaN,NaN,02-26362473#16,25.2004985,121.4803112,淡水區
1487,新北市三芝區橫山國民小學,新北市三芝區橫山里86號,學校、大型集會場所,警衛室旁,0,NaN,NaN,NaN,NaN,NaN,NaN,NaN,NaN,NaN,NaN,NaN,NaN,NaN,2620-3930-278,25.2588194,121.5300634,三芝區
1488,新北市立淡水高級商工職業學校,新北市淡水區商工路307號,學校、大型集會場所,圖書館健康中心外,480,1020,480,1020,480,1020,480,1020,480,1020,NaN,NaN,NaN,NaN,222033453,25.1867039,121.4558077,淡水區
1489,新北市新莊區四維市民活動中心,新北市新莊區四維路186巷2號,其他,1樓,NaN,NaN,NaN,NaN,NaN,NaN,NaN,NaN,NaN,NaN,NaN,NaN,NaN,NaN,928282629,25.0213843,121.4218213,新莊區
1490,新北市新莊區公所長青文康活動中心,新北市新莊區後港一路19號,其他,B1,NaN,NaN,NaN,NaN,NaN,NaN,NaN,NaN,NaN,NaN,NaN,NaN,NaN,NaN,229940609,25.0260716,121.4240119,新莊區
1491,新北市新莊區福壽市民活動中心,新北市新莊區昌明街1號,其他,1樓,NaN,NaN,NaN,NaN,NaN,NaN,NaN,NaN,NaN,NaN,NaN,NaN,NaN,NaN,229974293,25.0521379,121.4576677,新莊區
1492,新北市新莊區黃愚市民活動中心,新北市新莊區中信街74號,其他,大廳,NaN,NaN,NaN,NaN,NaN,NaN,NaN,NaN,NaN,NaN,NaN,NaN,NaN,NaN,229924125,25.0524571,121.448256,新莊區
1493,新北市新莊區新泰市民活動中心,新北市新莊區建中街116巷3弄2號,其他,1樓,NaN,NaN,NaN,NaN,NaN,NaN,NaN,NaN,NaN,NaN,NaN,NaN,NaN,NaN,958232345,25.0372573,121.445417,新莊區
1494,板橋區清潔隊資收組,新北市板橋區華東街1-10號,其他,板橋區清潔隊資收組,NaN,NaN,NaN,NaN,NaN,NaN,NaN,NaN,NaN,NaN,NaN,NaN,NaN,NaN,22933613分機911,24.9943317,121.4485748,板橋區
1495,新北市五股區成州國民小學,新北市五股區成泰路三段493號,學校、大型集會場所,人會室走廊,480,1080,480,1080,480,1080,480,1080,480,1080,NaN,NaN,NaN,NaN,(02)26723302#257,25.0997698,121.4506814,五股區
1496,新北市立明德高級中學,新北市三峽區中正路二段399號,學校、大型集會場所,擎藝樓健康中心門口,450,1020,450,1020,450,1020,450,1020,450,1020,NaN,NaN,NaN,NaN,971609109,24.9069127,121.3638903,三峽區
1497,新北市三峽區北大國民小學,新北市三峽區國光街100號,學校、大型集會場所,F棟一樓志工室外,480,990,480,990,480,990,480,990,480,990,NaN,NaN,NaN,NaN,22603451,24.9391403,121.3732181,三峽區
1498,新北市土城區安和國民小學,新北市土城區延和路23號,學校、大型集會場所,健康中心,480,960,480,960,480,960,480,960,480,960,NaN,NaN,NaN,NaN,26403909轉880,24.9892506,121.4647214,土城區
1499,新北市汐止區白雲國民小學,新北市汐止區民權街2段90號,學校、大型集會場所,新北市白雲國民小學警衛室,1050,1140,1050,1140,1050,1140,1050,1140,1050,1140,840,1140,840,1140,02-2985-3138分機1000,25.0473099,121.6183341,汐止區
1500,新北市三重區正義國民小學,新北市三重區信義西街31號,學校、大型集會場所,一樓川堂,420,1200,420,1200,420,1200,420,1200,420,1200,420,900,420,900,985496657,25.0651314,121.4961371,三重區
1501,新北市立坪林實驗國民中學,新北市坪林區國中路四號,學校、大型集會場所,健康中心,0,1439,0,1439,0,1439,0,1439,0,1439,0,1439,0,1439,26627448-26,24.9391739,121.7133216,坪林區
1502,新北市立深坑國中,新北市深坑區文化街41號,學校、大型集會場所,卓越樓1樓穿堂,NaN,NaN,NaN,NaN,NaN,NaN,NaN,NaN,NaN,NaN,NaN,NaN,NaN,NaN,22192619*825,25.0012371,121.6186667,深坑區
1503,新北市新店區大豐國民小學,新北市新店區民族路108號,學校、大型集會場所,大門口穿堂,0,1439,0,1439,0,1439,0,1439,0,1439,0,1439,0,1439,917530690,24.9786439,121.5380262,新店區
1504,新北市林口區麗園國民小學,新北市林口區忠孝路591號,學校、大型集會場所,大門穿堂,NaN,NaN,NaN,NaN,NaN,NaN,NaN,NaN,NaN,NaN,NaN,NaN,NaN,NaN,86263105*13,25.0689378,121.3759616,林口區
1505,新北市淡水區坪頂國民小學,新北市淡水區坪頂里坪頂路757號,學校、大型集會場所,東側門走廊,NaN,NaN,NaN,NaN,NaN,NaN,NaN,NaN,NaN,NaN,NaN,NaN,NaN,NaN,24982413-27,25.1578112,121.4833736,淡水區
1506,新北市金山區中角國民小學,新北市金山區海興路49號,學校、大型集會場所,警衛室,480,960,480,960,480,960,480,960,480,960,NaN,NaN,NaN,NaN,86305678#136,25.2401995,121.6314182,金山區
1507,新北市八里區大崁國民小學,新北市八里區忠八街2號,學校、大型集會場所,一樓中庭視聽中心外側,480,960,480,960,480,960,480,960,480,960,NaN,NaN,NaN,NaN,02-22876716-834,25.1603212,121.4194234,八里區
1508,新北市三重區永福國民小學,新北市三重區永福街66號,學校、大型集會場所,學校大門警衛室,330,1260,330,1260,330,1260,330,1260,330,1260,330,1260,990,1260,(02)2289-4675分機293,25.0768673,121.4800733,三重區
1509,新北市立三民高級中學,新北市蘆洲區三民路96號,學校、大型集會場所,警衛室旁,330,1320,330,1320,330,1320,330,1320,330,1320,330,1080,330,1080,29189300#628,25.0867898,121.4731435,蘆洲區
1510,新北市新店區北新國民小學,新北市新店區寶橋路8號,學校、大型集會場所,新北市新店區寶橋路8號,420,1320,420,1320,420,1320,420,1320,420,1320,420,1320,420,1320,29631350#311,24.9738981,121.5450031,新店區
1511,新北市立忠孝國民中學,新北市板橋區重慶路168號,學校、大型集會場所,新北市立忠孝國中,480,1020,480,1020,480,1020,480,1020,480,1020,NaN,NaN,NaN,NaN,922716139,25.0040418,121.4616794,板橋區
1512,新北市立鶯歌國民中學,新北市鶯歌區尖山埔路108號,學校、大型集會場所,警衛室,480,1020,480,1020,480,1020,480,1020,480,1020,NaN,NaN,NaN,NaN,921106177,24.9504335,121.3448253,鶯歌區
1513,新莊廣福宮,新北市新莊區新莊路150號,其他,左前門入口處,360,1260,360,1260,360,1260,360,1260,360,1260,360,1260,360,1260,02-26617200,25.035655,121.4553877,新莊區
1514,新北市烏來區衛生所,新北市烏來區忠治里新烏路5段109號,其他,1樓後棟哺乳室前方,480,1020,480,1020,480,1020,480,1020,480,1020,NaN,NaN,NaN,NaN,29923619,24.8719975,121.5479599,烏來區
1515,新北市天主教恆毅高級中學,新北市新莊區中正路108號,學校、大型集會場所,警衛室,450,990,450,990,450,990,450,990,450,990,NaN,NaN,NaN,NaN,29923619,25.0366721,121.4537337,新莊區
1516,新北市天主教恆毅高級中學,新北市新莊區中正路108號,學校、大型集會場所,游泳池,1020,1305,1020,1305,1020,1305,1020,1305,1020,1305,330,1305,330,1305,(02)2978-1433,25.0366721,121.4537337,新莊區
1517,天台戲院股份有限公司,新北市三重區重新路2段78號4樓,大型休閒場所,4樓售票處前方,600,1380,600,1380,600,1380,600,1380,600,1380,600,1380,600,1380,222855799,25.0617709,121.4974781,三重區
1518,成旅觀光股份有限公司蘆洲分公司,新北市蘆洲區中山一路8號6樓,旅宿場所,飯店大廳,NaN,NaN,NaN,NaN,NaN,NaN,NaN,NaN,NaN,NaN,NaN,NaN,NaN,NaN,24931111#110,25.0805082,121.480369,蘆洲區
1519,新北市雙溪區公所,新北市雙溪區東榮街25號,其他,新北市雙溪區公所,NaN,NaN,NaN,NaN,NaN,NaN,NaN,NaN,NaN,NaN,NaN,NaN,NaN,NaN,24972263-26,25.0337322,121.8657341,雙溪區
1520,新北市瑞芳區九份國民小學,新北市瑞芳區崙頂路145號,學校、大型集會場所,九份國小,480,960,480,960,480,960,480,960,480,960,NaN,NaN,NaN,NaN,02-24972145轉226,25.1070975,121.8432732,瑞芳區
1521,新北市立瑞芳國民中學,新北市瑞芳區三爪子坑路1號,學校、大型集會場所,健康中心,480,990,480,990,480,990,480,990,480,990,NaN,NaN,NaN,NaN,02-24972058*125,25.1078222,121.8165007,瑞芳區
1522,新北市瑞芳區瑞芳國民小學,新北市瑞芳區中山路2號,學校、大型集會場所,瑞芳國小警衛室內,480,1200,480,1200,480,1200,480,1200,480,1200,480,960,480,960,02-89264470#825,25.1078658,121.8045898,瑞芳區
1523,新北市永和區網溪國民小學,新北市永和區竹林路79號,學校、大型集會場所,健康中心,480,1080,480,1080,480,1080,1080,1080,480,1080,NaN,NaN,NaN,NaN,26477271-205   0928577647,25.013053,121.519441,永和區
1524,新北市汐止區汐止國民小學,新北市汐止區大同路二段313號,學校、大型集會場所,本校警衛室,480,990,480,990,480,990,480,990,480,990,480,990,480,990,24941083轉122,25.0672166,121.6545121,汐止區
1525,新北市立貢寮實驗國民中學,新北市貢寮區龍崗里嵩陽街42號,學校、大型集會場所,學務處門口前,NaN,NaN,NaN,NaN,NaN,NaN,NaN,NaN,NaN,NaN,NaN,NaN,NaN,NaN,02-24931005#70,25.0161572,121.9069617,貢寮區
1526,新北市雙溪區雙溪國民小學,新北市雙溪區共和里東榮街54號,學校、大型集會場所,新北市雙溪國小,480,960,480,960,480,960,480,960,480,960,NaN,NaN,NaN,NaN,02-26841160#308,25.0336103,121.8671127,雙溪區
1527,新北市立育林國民中學,新北市樹林區復興路395號(國中),學校、大型集會場所,圖書館大樓一樓,420,1080,420,1080,420,1080,420,1080,420,1080,480,960,480,960,24931671#19,24.9857421,121.4158408,樹林區
1528,新北市雙溪區上林國民小學,新北市雙溪區內平林60號,學校、大型集會場所,上林國小,NaN,NaN,NaN,NaN,NaN,NaN,NaN,NaN,NaN,NaN,NaN,NaN,NaN,NaN,24931624#16,25.0283679,121.8334403,雙溪區
1529,新北市雙溪區柑林國民小學,新北市雙溪區長源里柑腳3號,學校、大型集會場所,校史室,8,17,8,17,8,17,8,17,8,17,8,17,8,17,02-29282828*341,25.014873,121.804111,雙溪區
1530,新北市永和區公所,新北市永和區竹林路200號,其他,新北市永和區竹林路200號4樓,480,1050,480,1050,480,1050,480,1050,480,1050,NaN,NaN,NaN,NaN,86866589轉211,25.0092058,121.5203153,永和區
1531,新北市樹林區彭福國民小學,新北市樹林區忠孝街30號,學校、大型集會場所,仁愛樓一樓健康中心內,480,960,480,960,480,960,480,960,480,960,NaN,NaN,NaN,NaN,02-24931028,24.9815208,121.4239614,樹林區
1532,新北市立雙溪高級中學,新北市雙溪區梅竹蹊3號,學校、大型集會場所,學務處川堂,480,1020,480,1020,480,1020,480,1020,480,1020,NaN,NaN,NaN,NaN,02-24901432-226,25.036519,121.860924,雙溪區
1533,新北市貢寮區澳底國民小學,新北市貢寮區延平街10號,學校、大型集會場所,舊大樓健健康中心外面走廊,480,1200,480,1200,480,1200,480,1200,480,1200,480,1200,480,1200,933494494,25.0552561,121.9250216,貢寮區
1534,新北市瑞芳區吉慶國民小學,新北市瑞芳區大埔路95號,學校、大型集會場所,1樓的樓梯入口,480,960,480,960,480,960,480,960,480,960,NaN,NaN,NaN,NaN,86482052*24,25.0998354,121.7633642,瑞芳區
1535,新北市汐止區崇德國民小學,新北市汐止區茄苳路158號,學校、大型集會場所,崇德國小穿堂,420,1140,420,1140,420,1140,420,1140,420,1140,450,1080,450,1080,(02)2299-9909分機8430,25.0690573,121.6691257,汐止區
1536,台灣善美的生鮮處理中心五股PC廠,新北市五股區五工六路35號,其他,4F保健室外,480,1020,480,1020,480,1020,480,1020,480,1020,NaN,NaN,NaN,NaN,975806272,25.0642062,121.4475269,五股區
1537,宏道豐匯住宅新建工程,新北市泰山區新華一街1號斜對面，陽明營造工務所,其他,勞工休息區，男女廁所門口旁牆面,480,1050,480,1050,480,1050,480,1050,480,1050,480,1050,480,1050,26667317-19,25.1561653,121.4599553,泰山區
1538,新北市新店區龜山國民小學,新北市新店區新烏路三段99巷10號,學校、大型集會場所,AED放置校側門工作室前走廊,390,1050,390,1050,390,1050,390,1050,390,1050,480,960,480,960,935501227,24.9020814,121.5535913,新店區
1539,新北市立萬里國民中學,新北市萬里區新北市萬里區獅頭路24號,學校、大型集會場所,健康中心,480,960,480,960,480,960,480,960,480,960,NaN,NaN,NaN,NaN,929869629,25.1769287,121.6952745,萬里區
1540,新北市雙溪區牡丹國民小學,新北市雙溪區三貂里政光路3號,學校、大型集會場所,健康中心前,420,1020,420,1020,420,1020,420,1020,420,1020,420,1020,420,1020,02-22048741#223,25.0619317,121.8391808,雙溪區
1541,新北市立福營國民中學,新北市新莊區萬安里8鄰富國路105號,學校、大型集會場所,一樓川堂,360,1320,360,1320,360,1320,360,1320,360,1320,480,960,480,960,26812475#822或825,25.0260376,121.4231181,新莊區
1542,新北市樹林區武林國民小學,新北市樹林區保安街二段151號,學校、大型集會場所,武林國小千禧樓1樓,480,NaN,480,NaN,480,NaN,480,NaN,480,NaN,NaN,NaN,NaN,NaN,02-26720298#29,25.0016717,121.4154134,樹林區
1543,新北市三峽區五寮國民小學,新北市三峽區五寮里69號,學校、大型集會場所,五寮國小警衛室,NaN,NaN,NaN,NaN,NaN,NaN,NaN,NaN,NaN,NaN,NaN,NaN,NaN,NaN,02-2663-4173,24.8538905,121.3713164,三峽區
1544,高速公路局石碇服務區,新北市石碇區文山路一段6號,交通要衝,服務台旁,0,1439,0,1439,0,1439,0,1439,0,1439,0,1439,0,1439,926200287,25.008985,121.6454387,石碇區
1545,新北市三峽區民義國民小學,新北市三峽區白雞路40號,學校、大型集會場所,耕讀樓,480,1020,480,1020,480,1020,480,1020,480,1020,480,1020,480,1020,955707380,24.9120467,121.3755758,三峽區
1546,新北市林口區嘉寶國民小學,新北市林口區嘉寶里22號,學校、大型集會場所,嘉寶國小附設幼兒園外牆上,420,1140,420,1140,420,1140,420,1140,420,1140,480,1080,480,1080,29448021轉825,25.1082556,121.3398668,林口區
1547,新北市中和區景新國民小學,新北市中和區景新街467巷37號,學校、大型集會場所,健康中心門口,450,1070,450,1070,450,1070,450,1070,450,1070,NaN,NaN,NaN,NaN,29448021轉825,24.9895503,121.5157675,中和區
1548,新北市中和區景新國民小學,新北市中和區景新街467巷37號,學校、大型集會場所,警衛室,300,1260,300,1260,300,1260,300,1260,300,1260,300,1260,300,1260,02-26712392#35,24.9895503,121.5157675,中和區
1549,新北市三峽區介壽國民小學,新北市三峽區大同路1號,學校、大型集會場所,健康中心旁的川堂,480,960,480,960,480,960,480,960,480,960,NaN,NaN,NaN,NaN,22766326#223,24.9293763,121.3788716,三峽區
1550,新北市立新莊國民中學,新北市新莊區中正路211號,學校、大型集會場所,教務處外走廊,450,1280,450,1280,450,1280,450,1280,450,1280,480,1050,480,1050,28577792#729,25.0350605,121.451867,新莊區
1551,新北市三重區碧華國民小學,新北市三重區五華街160號,學校、大型集會場所,警衛室,360,1320,360,1320,360,1320,360,1320,360,1320,360,1320,360,1320,02-29908092#829,25.0844077,121.4906566,三重區
1552,新北市立中平國民中學,新北市新莊區中平路385號,學校、大型集會場所,中平國中中央穿堂,480,1020,480,1020,480,1020,480,1020,480,1020,NaN,NaN,NaN,NaN,22571830#673,25.0541032,121.442921,新莊區
1553,新北市板橋區新埔國民小學,新北市板橋區陽明街206號,學校、大型集會場所,新北市新埔國小警衛室,360,1320,360,1320,360,1320,360,1320,360,1320,480,960,480,960,26462116,25.0265768,121.4625791,板橋區
1554,新北市汐止區北港國民小學,新北市汐止區汐萬路2段279號,學校、大型集會場所,211藝文教室,480,960,480,960,480,960,480,900,480,960,480,960,480,960,02-22056777#30,25.0892842,121.645244,汐止區
1555,新北市新莊區民安國民小學,新北市新莊區民安路261號,學校、大型集會場所,忠孝樓一樓樓梯旁(近大門口),360,1260,360,1260,360,1260,360,1260,360,1260,360,1260,360,1260,2292-4152#120,25.022073,121.4275805,新莊區
1556,新北市五股區德音國民小學,新北市五股區明德路2號,學校、大型集會場所,大門穿堂右側,300,1260,300,1260,300,1260,300,1260,300,1260,300,1140,300,1140,222612483,25.0713841,121.4345326,五股區
1557,新北市立新北高級工業職業學校,新北市土城區學府路一段241號,學校、大型集會場所,健康中心走廊,480,1020,480,1020,480,1020,480,1020,480,1020,NaN,NaN,NaN,NaN,02-22234747-829,24.9826994,121.4501067,土城區
1558,新北市立積穗國民中學,新北市中和區民安街66號,學校、大型集會場所,明道大樓1樓川堂,420,1260,420,1260,420,1260,420,1260,420,1260,420,1260,420,1260,26381269#305,25.0003903,121.4797247,中和區
1559,新北市石門區乾華國民小學,新北市石門區茂林社區74號,學校、大型集會場所,本校1樓川堂,480,960,480,960,480,960,480,960,480,960,NaN,NaN,NaN,NaN,28012591*813,25.270202,121.592552,石門區
1560,新北市淡水區屯山國民小學,新北市淡水區淡金路5段111號,學校、大型集會場所,幼兒園走廊,420,1050,420,1050,420,1050,420,1050,420,1050,NaN,NaN,NaN,NaN,02-26381258#14,25.2372177,121.4561416,淡水區
1561,新北市立老梅實驗小學,新北市石門區老梅路10號,學校、大型集會場所,一心樓一樓打擊教室前,420,1140,420,1140,420,1140,420,1140,420,1140,480,960,NaN,NaN,26028555*350,25.2892331,121.5450862,石門區
1562,新北市立佳林國民中學,新北市林口區中山路268號,學校、大型集會場所,佳林國中校園,0,1260,0,0,0,0,0,0,0,0,NaN,NaN,NaN,NaN,26867705,25.0803973,121.3842176,林口區
1563,新北市板橋區溪洲國民小學,新北市板橋區金門街289號,學校、大型集會場所,校門內前庭處,360,1140,360,1140,360,1140,360,1140,360,1140,360,1080,360,1080,26812014#166  167,24.9873876,121.4309087,板橋區
1564,新北市樹林區樹林國民小學,新北市樹林區育英街176號,學校、大型集會場所,新北市樹林國小正門入口左手邊健康中心外面,NaN,NaN,NaN,NaN,NaN,NaN,NaN,NaN,NaN,NaN,NaN,NaN,NaN,NaN,22572275分機325,24.9897165,121.4181288,樹林區
1565,新北市立新埔國民中學,新北市板橋區新海路181號,學校、大型集會場所,新埔國中學務處,480,1020,480,1020,480,1020,480,1020,480,1020,NaN,NaN,NaN,NaN,22700177-119,25.024968,121.45883,板橋區
1566,新北市土城區土城國民小學,新北市土城區興城路17號,學校、大型集會場所,健康中心,480,960,480,960,480,960,480,960,480,960,NaN,NaN,NaN,NaN,02-29755352#125,24.9712795,121.4424151,土城區
1567,新北市三重區光興國民小學,新北市三重區正義南路62號,學校、大型集會場所,光興國小,480,960,480,960,480,960,480,960,480,960,NaN,NaN,NaN,NaN,02-22991001*305,25.059475,121.4993224,三重區
1568,新北市新莊區興化國民小學,新北市新莊區五工二路50巷2號,學校、大型集會場所,1樓北側走廊,480,960,480,960,480,960,480,960,480,960,NaN,NaN,NaN,NaN,29289493*228,25.0657298,121.4615572,新莊區
1569,新北市立福和國民中學,新北市永和區永利路71號,學校、大型集會場所,游泳池,480,1260,480,1260,480,1260,480,1260,480,1260,480,1260,480,1260,0289703225-119,25.0044586,121.5214776,永和區
1570,新北市立桃子腳國民中小學,新北市樹林區學勤路555號,學校、大型集會場所,輔導室內,480,1020,480,1020,480,1020,480,1020,480,1020,NaN,NaN,NaN,NaN,0289703225-119,24.9489786,121.3829584,樹林區
1571,新北市立桃子腳國民中小學,新北市樹林區學勤路555號,學校、大型集會場所,警衛室門口,330,1080,330,1080,330,1080,330,1080,330,1080,420,1080,420,1080,(02)86764945*14,24.9489786,121.3829584,樹林區
1572,新北市三峽區成福國民小學,新北市三峽區溪東路213號,學校、大型集會場所,警衛室走廊,480,960,480,960,480,960,480,960,480,960,NaN,NaN,NaN,NaN,(02)86764945*14,24.9332331,121.4055952,三峽區
1573,新北市三峽區成福國民小學,新北市三峽區溪東路213號,學校、大型集會場所,健康中心走廊,480,960,480,960,480,960,480,960,480,960,NaN,NaN,NaN,NaN,22962519轉138,24.9332331,121.4055952,三峽區
1574,新北市立泰山國民中學,新北市泰山區泰林路2段498號,學校、大型集會場所,中央穿堂,360,1260,360,1260,360,1260,360,1260,360,1260,420,1050,420,1050,26211347-17,25.0653937,121.4257969,泰山區
1575,新北市淡水區水源國民小學,新北市淡水區北新路2段15號,學校、大型集會場所,走道,480,960,480,960,480,960,480,900,480,1020,480,960,NaN,NaN,02-26656272,25.1859005,121.4761463,淡水區
1576,新北市坪林區衛生所,新北市坪林區坪林街104號,其他,衛生所1樓,480,1050,480,1050,480,1050,480,1050,480,1050,NaN,NaN,NaN,NaN,02-86741111-66251,24.9359218,121.7116516,坪林區
1577,國立臺北大學三峽校區,新北市三峽區大學路151號,學校、大型集會場所,正門,0,1439,0,1379,0,1439,0,1439,0,1439,0,1439,0,1439,02 2609-5829 #127,24.9422246,121.3694779,三峽區
1578,新北市立崇林國民中學,新北市林口區文化一路一段20號,學校、大型集會場所,本校健康中心外走廊,360,1260,360,1260,360,1260,360,1260,360,1260,420,1020,NaN,NaN,02-26068117,25.0676204,121.3702444,林口區
1579,財團法人新北市大樹社會福利基金會新北市林口仁愛公共托老中心,新北市林口區文化一路一段137號,其他,日照中心大廳男廁前的柱子,NaN,NaN,NaN,NaN,NaN,NaN,NaN,NaN,NaN,NaN,NaN,NaN,NaN,NaN,02-26667278#825,25.0720639,121.373773,林口區
1580,新北市新店區直潭國民小學,新北市新店區直潭路92號,學校、大型集會場所,穿堂左側牆面,480,1080,480,1080,480,1080,480,1080,480,1080,480,1080,480,1080,222173146,24.9377511,121.5308055,新店區
1581,新北市新店區青潭國民小學,新北市新店區北宜路2段80號,學校、大型集會場所,新北市新店區北宜路2段80號,480,960,480,960,480,960,480,960,480,960,NaN,NaN,NaN,NaN,22961168#208,24.9530736,121.5521753,新店區
1582,新北市立義學國民中學,新北市泰山區民生路33號,學校、大型集會場所,健康中心與學務處中間走廊,480,1020,480,1020,480,1020,480,1020,480,1020,NaN,NaN,NaN,NaN,926838881,25.0513715,121.4307901,泰山區
1583,新北市貢寮區和美國民小學,新北市貢寮區和美里龍洞街一之九號,學校、大型集會場所,警衛室,480,1020,480,1020,480,1020,480,1020,480,1020,480,1020,480,1020,921036507,25.1117053,121.9163485,貢寮區
1584,新北市立柑園國民中學,新北市樹林區柑園街二段125號,學校、大型集會場所,本校健康中心前走廊,NaN,NaN,NaN,NaN,NaN,NaN,NaN,NaN,NaN,NaN,NaN,NaN,NaN,NaN,86482502*113,24.9539473,121.3843583,樹林區
1585,新北市汐止區保長國民小學,新北市汐止區大同路三段553號,學校、大型集會場所,木棉樓一樓廣場,360,1080,360,1080,360,1080,360,1080,360,1080,480,1080,480,1080,02-2942-2349*823,25.0718244,121.6798174,汐止區
1586,新北市中和區興南國民小學,新北市中和區興南路一段135巷24號,學校、大型集會場所,警衛室,480,960,480,960,480,960,480,960,480,960,NaN,NaN,NaN,NaN,956263577,24.9868926,121.5094613,中和區
1587,新北市鶯歌區鳳鳴國民小學,新北市鶯歌區永和街120號,學校、大型集會場所,學校川堂,480,960,480,960,480,960,480,960,480,960,NaN,NaN,NaN,NaN,02-29043693#306,24.9688691,121.3363984,鶯歌區
1588,新北市新莊區國泰國民小學,新北市新莊區中正路386號,學校、大型集會場所,莊敬樓1樓,420,1080,420,1080,420,1080,420,1080,420,1080,480,960,480,960,29112005*210.320,25.0342271,121.4416885,新莊區
1589,新北市立五峰國民中學,新北市新店區中興路一段253號,學校、大型集會場所,1樓童軍團部前,330,1110,330,1110,330,1110,330,1110,330,1110,360,1080,360,1080,(02)26717851,24.9667173,121.5440696,新店區
1590,新北市立安溪國民中學,新北市三峽區大同路135號,學校、大型集會場所,健康中心門口,480,960,480,960,480,960,480,960,480,960,NaN,NaN,NaN,NaN,0229800495#306,24.9267331,121.3729912,三峽區
1591,新北市三重區修德國民小學,新北市三重區重陽路三段3號,學校、大型集會場所,警衛室,480,1020,480,1020,480,1020,480,1020,480,1020,NaN,NaN,NaN,NaN,02-82122000~2072,25.0658348,121.4897286,三重區
1592,景文科技大學,新北市新店區安忠路99號,學校、大型集會場所,宿舍管理中心,60,1439,60,1439,60,1439,60,1439,60,1439,60,1439,60,1439,8282-2956,24.9521782,121.5105933,新店區
1593,新北市蘆洲區仁愛國民小學,新北市蘆洲區民族路488號,學校、大型集會場所,大門口川堂左側,330,1140,330,1140,330,1140,330,1140,330,1140,390,480,390,480,02-26052779#16,25.0919442,121.4702555,蘆洲區
1594,新北市林口區瑞平國民小學,新北市林口區後坑路34-1號,學校、大型集會場所,一樓電梯旁,480,960,480,960,480,960,480,960,480,960,NaN,NaN,NaN,NaN,(02)26214390#110,25.0790108,121.3881378,林口區
1595,新北市淡水區育英國民小學,新北市淡水區埤島里14號,學校、大型集會場所,育英國小健康中心門口,540,900,540,900,540,900,540,900,540,900,NaN,NaN,NaN,NaN,26011010,25.1976241,121.4454297,淡水區
1596,新北市林口區林口國民小學,新北市林口區林口路76號,學校、大型集會場所,林口國小警衛室,360,1260,360,1260,360,1260,360,1260,360,1260,840,1080,840,1080,972243150,25.0801674,121.3907561,林口區
1597,新北市新莊區昌隆國民小學,新北市新莊區昌隆街63號,學校、大型集會場所,新莊區昌隆國小,960,1260,960,1260,960,1260,960,1260,960,1260,360,1080,360,1080,29222409,25.0514628,121.455661,新莊區
1598,新北市立圖書館永和分館,新北市永和區國光路2號,大型休閒場所,1樓櫃台左前方,510,1020,510,1260,510,1260,510,1260,510,1260,510,1260,510,1020,0983-280-805,25.0086812,121.5198731,永和區
1599,新北市立圖書館新莊西盛分館,新北市新莊區西盛街216號,大型休閒場所,新莊西盛分館一樓,510,1020,510,1260,510,1260,510,1260,510,1260,510,1260,510,1020,29183181#220,25.0172953,121.4278956,新莊區
1600,新北市立圖書館-新店分館,新北市新店區北新路三段105巷2號3樓,大型休閒場所,3樓行政辦公室門口,510,1020,510,1260,510,1260,510,1260,510,1260,510,1260,510,1020,222127938,24.9822576,121.5409664,新店區
1601,新北市立圖書館新店柴埕圖書閱覽室,新北市新店區安民街79號3樓,大型休閒場所,自修室門口,510,1020,510,1260,510,1260,510,1260,510,1260,510,1260,510,1020,(02)2904-1923,24.9675302,121.5165203,新店區
1602,新北市立圖書館泰山貴子分館,新北市泰山區工專路22號3樓,大型休閒場所,泰山貴子分館3樓,510,1020,510,1260,510,1260,510,1260,510,1260,510,1260,510,1020,02-2914-4584,25.0398783,121.4236608,泰山區
1603,新北市立圖書館新店仁愛圖書閱覽室,新北市新店區建國路58號2樓,大型休閒場所,新店仁愛圖書閱覽室(建國路58號2樓閱報區),510,1020,510,1260,510,1260,511,1260,510,1260,510,1260,510,1020,02-26091417#16,24.9752995,121.5406915,新店區
1604,新北市立圖書館林口分館,新北市林口區忠孝二路55號4-5樓,大型休閒場所,林口圖書館4樓,NaN,NaN,NaN,NaN,NaN,NaN,NaN,NaN,NaN,NaN,NaN,NaN,NaN,NaN,29912053,25.069685,121.3640893,林口區
1605,新北市立圖書館新莊中港分館,新北市新莊區中港路350號5樓,大型休閒場所,五樓服務櫃檯前區域,510,1020,510,1260,510,1260,510,1260,510,1260,510,1260,510,1020,(02)2253-4412 #17,25.0464177,121.451948,新莊區
1606,新北市立圖書館江子翠分館,新北市板橋區莊敬路62號,大型休閒場所,2樓入口右側,510,1020,510,1260,510,1260,510,1260,510,1260,510,1260,510,1020,956995954,25.0256921,121.4715387,板橋區
1607,新北市立圖書館新店三民分館,新北市新店區三民路20-2號2樓,大型休閒場所,新店三民圖書閱覽室,510,1020,510,1260,510,510,510,1260,510,1260,510,510,510,1020,935280176,24.9695107,121.537647,新店區
1608,新北市立圖書館板橋分館,新北市板橋區文化路23號,大型休閒場所,新北市立圖書館板橋分館一樓後方中間位置,510,1020,510,1260,510,1260,510,1260,510,1260,510,1260,510,1020,916647385,24.9799722,121.543397,板橋區
1609,新北市立圖書館永和民權分館,新北市永和區民權路60號7樓,大型休閒場所,新北市永和區民權路60號7樓,510,1020,510,1260,510,1260,510,1260,510,1260,510,1260,510,1020,22935827,24.9979887,121.5198009,永和區
1610,新北市立圖書館五股成功分館,新北市五股區西雲路165號五樓,大型休閒場所,五樓成功圖書館,510,1020,510,1260,510,1260,510,1260,510,1260,510,1260,510,1020,29270658,25.0947319,121.4465914,五股區
1611,新北市立圖書館永和保生分館,新北市永和區新生路218號5樓,大型休閒場所,新北市永和區新生路218號5樓訊檢索區旁,510,1020,510,1260,510,1260,510,1260,510,1260,510,1260,510,1020,229542455,25.0131006,121.5053216,永和區
1612,新北市立圖書館板橋忠孝分館,新北市板橋區國慶路149巷21弄16號3樓,大型休閒場所,板橋區國慶路149巷21弄16號3樓,480,1020,480,1260,480,1260,480,1260,480,1260,480,1260,480,1020,02-29091727#14,24.9974564,121.4599863,板橋區
1613,新北市立圖書館泰山分館,新北市泰山區全興路212號5樓,大型休閒場所,期刊櫃旁,510,1020,510,1260,510,1260,510,1260,510,1260,510,1260,510,1020,222521933,25.0563924,121.4334857,泰山區
1614,新北市立圖書館板橋四維分館,新北市板橋區陽明街168號,大型休閒場所,本館一樓大廳,510,1020,510,1260,510,1260,510,1260,510,1260,510,1260,510,1020,937987431,25.025085,121.463299,板橋區
1615,新北市立圖書館新莊福營分館,新北市新莊區四維路9號3-5樓,大型休閒場所,本館4樓借還書流通櫃檯,510,1020,510,1260,510,1260,510,1260,510,1260,510,1260,510,1020,0222128905#101,25.0243341,121.4237686,新莊區
1616,新北市青少年圖書館,新北市新店區安康路2段151號,大型休閒場所,新北市青少年圖書館1樓大廳,510,1020,510,1260,510,1260,510,1260,510,1260,510,1260,510,1020,930178143,24.9595308,121.5108808,新店區
1617,新北市立圖書館中和員山分館,新北市中和區民享街37號2樓,大型休閒場所,期刊區,510,1020,510,1260,510,1260,510,1260,510,1260,510,1260,510,1020,922074006,25.00354,121.4741511,中和區
1618,新北市立圖書館五股分館,新北市五股區工商路1號3-4樓,大型休閒場所,3樓圖書館,480,1020,480,1260,480,1260,480,1260,480,1260,480,1260,480,1020,29492767,25.0824588,121.4397964,五股區
1619,新北市立圖書館中和分館,新北市中和區南山路236號6、7樓,大型休閒場所,新北市立圖書館中和分館6樓,510,1020,510,1260,510,1260,510,1260,510,1260,510,1260,510,1020,952288577,24.9896174,121.5066106,中和區
1620,新北市立圖書館新莊聯合分館,新北市新莊區自由街1號3樓,大型休閒場所,新北市新莊區自由街1號3樓,510,1020,510,1260,510,1260,510,1260,510,1260,510,1260,510,1020,980158377,25.0479189,121.4560357,新莊區
1621,新北市立圖書館新莊裕民分館,新北市新莊區裕民街136號4樓,大型休閒場所,4樓大門入口處右側,510,1020,510,1260,510,1260,510,1260,510,1260,510,1260,510,1260,89654829,25.0218871,121.4176608,新莊區
1622,新北市立圖書館板橋國光圖書閱覽室,新北市板橋區中正路375巷48號3樓,大型休閒場所,3樓,510,1020,510,1260,510,1260,510,1260,510,1260,510,1260,510,1020,29574159,25.0202003,121.4535186,板橋區
1623,新北市板橋區後埔國民小學,新北市板橋區重慶路157號,學校、大型集會場所,健康中心,510,990,510,990,510,990,510,990,510,990,NaN,NaN,NaN,NaN,22453000-232,25.003519,121.4632932,板橋區
1624,新北市南山高級中學,新北市中和區廣福路41號,學校、大型集會場所,南工門學務處,480,1260,480,1260,480,1260,480,1260,480,1260,480,1080,480,1080,(02)8251-2052,25.0016727,121.5034654,中和區
1625,新北市溪南計程車服務中心,新北市板橋區萬板路466號之1,其他,大門口旁,480,1020,480,1020,480,1020,480,1020,480,1020,NaN,NaN,NaN,NaN,909333012,25.0257707,121.4797285,板橋區
1626,新北市立光復高級中學,新北市板橋區光環路一段7號,學校、大型集會場所,光復高中校門口警衛室內,480,1080,480,1080,480,1080,480,1080,480,1080,480,1020,480,1020,909333012,25.0166289,121.4821372,板橋區
1627,新北市立光復高級中學,新北市板橋區光環路一段7號,學校、大型集會場所,新北市立光復高級中學-化育樓一樓健康中心走廊,480,1020,480,1020,480,1020,480,1020,480,1020,480,1020,480,1020,935558206,25.0166289,121.4821372,板橋區
1628,新北市汐止區秀峰國民小學,新北市汐止區仁愛路90號,學校、大型集會場所,穿堂,420,1200,420,1200,420,1200,420,1200,420,1200,420,1200,420,1200,976203317,25.0625877,121.6621756,汐止區
1629,開山凌雲寺,新北市五股區凌雲路三段57號,其他,公廁旁,360,1080,360,1080,360,1080,360,1080,360,1080,360,1080,360,1080,980051938,25.1248486,121.4259532,五股區
1630,新北市樹林區三多國民小學,新北市樹林區三福街52號,學校、大型集會場所,忠孝樓一樓川堂,480,960,480,960,480,960,480,960,480,960,NaN,NaN,NaN,NaN,29035355-126,25.0163752,121.4057828,樹林區
1631,新北市新莊區丹鳳國民小學,新北市新莊區新北大道七段437號,學校、大型集會場所,警衛室,360,1310,360,1310,360,1310,360,1310,360,1310,360,1310,360,1310,2248-8616#214,25.0308131,121.4126664,新莊區
1632,新北市立漳和國民中學,新北市中和區廣福路39號,學校、大型集會場所,校門口警衛室,480,1020,480,1020,480,1020,480,1020,480,1020,NaN,NaN,NaN,NaN,2248-8616#214,25.0021774,121.5057743,中和區
1633,新北市立漳和國民中學,新北市中和區廣福路39號,學校、大型集會場所,健康中心,480,1020,480,1020,480,1020,480,1020,480,1020,NaN,NaN,NaN,NaN,02-22662568轉826,25.0021774,121.5057743,中和區
1634,新北市土城區樂利國民小學,新北市土城區裕生路65號,學校、大型集會場所,1樓警衛室,480,960,480,960,480,960,480,960,480,960,NaN,NaN,NaN,NaN,02-22769020,24.9855378,121.4475809,土城區
1635,新北市新莊區榮富國民小學,新北市新莊區中和街193號,學校、大型集會場所,游泳池門口,360,1140,360,1140,360,1140,360,1140,360,1140,NaN,NaN,NaN,NaN,02-22769020,25.0524622,121.4467321,新莊區
1636,新北市新莊區榮富國民小學,新北市新莊區中和街193號,學校、大型集會場所,一樓大門穿堂處,360,1140,360,1140,360,1140,360,1140,360,1140,NaN,NaN,NaN,NaN,961568313,25.0524622,121.4467321,新莊區
1637,新北市政府警察局刑事警察大隊,新北市中和區民安街176號,其他,6樓健身房外,NaN,NaN,NaN,NaN,NaN,NaN,NaN,NaN,NaN,NaN,NaN,NaN,NaN,NaN,961568313,25.0009156,121.4758936,中和區
1638,新北市政府警察局刑事警察大隊,新北市中和區民安街176號,其他,1樓大廳,NaN,NaN,NaN,NaN,NaN,NaN,NaN,NaN,NaN,NaN,NaN,NaN,NaN,NaN,86865486轉836,25.0009156,121.4758936,中和區
1639,新北市樹林區大同國民小學,新北市樹林區大同街43號,學校、大型集會場所,警衛室,6,21,6,21,6,21,6,21,6,21,6,18,6,18,02-29686834*829,24.9813365,121.4174515,樹林區
1640,新北市板橋區板橋國民小學,新北市板橋區文化路一段23號,學校、大型集會場所,健康中心前,480,960,480,960,480,960,480,960,480,960,NaN,NaN,NaN,NaN,(02)85215492-735,25.0111002,121.4580067,板橋區
1641,新北市新莊區昌平國民小學,新北市新莊區昌平街200號,學校、大型集會場所,健康廣場,480,960,480,960,480,960,480,960,480,960,NaN,NaN,NaN,NaN,29666498-642,25.0559582,121.4557455,新莊區
1642,新北市立板橋國民中學,新北市板橋區中正路437號,學校、大型集會場所,體育館,360,1320,360,1320,360,1320,360,1320,360,1320,360,1080,360,1080,26832112,25.0249806,121.4531168,板橋區
1643,新北市樹林區育林國民小學,新北市樹林區復興路395號 (國小),學校、大型集會場所,警衛室,480,960,480,960,480,960,480,960,480,960,480,960,NaN,NaN,29602500*341,24.9849749,121.4154443,樹林區
1644,新北市立板橋高級中學,新北市板橋區文化路一段25號,學校、大型集會場所,本校智樓川堂,480,1020,480,1020,480,1020,480,1020,480,1020,NaN,NaN,NaN,NaN,02-2663-1224#207,25.0122628,121.4586374,板橋區
1645,新北巿立石碇高級中學,新北市石碇區隆盛里八分寮45號,學校、大型集會場所,3號門警衛室內,360,1320,360,1320,360,1320,360,1320,360,1320,480,960,480,960,29722095#176,25.012518,121.642445,石碇區
1646,新北市三重區三重國民小學,新北市三重區三和路三段1號,學校、大型集會場所,三重國小穿堂,480,960,480,960,480,960,480,960,480,960,NaN,NaN,NaN,NaN,(02)2913-1700,25.0706809,121.4979218,三重區
1647,新北市立文山國民中學,新北市新店區文中路38號,學校、大型集會場所,文山國中警衛室,420,1020,420,1020,420,1020,420,1020,420,1020,NaN,NaN,NaN,NaN,02-22517272*119或140,24.956165,121.5393196,新店區
1648,新北市板橋區莒光國民小學,新北市板橋區莒光路163號,學校、大型集會場所,莒光國小學務處外廣播室門口,450,990,450,990,450,990,450,990,450,990,NaN,NaN,NaN,NaN,86715590轉806,25.026039,121.4735628,板橋區
1649,新北市三峽區中園國民小學,新北市三峽區弘園街22號,學校、大型集會場所,中園國小門廳內右側,8,18,8,18,8,18,8,18,8,18,10,18,10,18,02-2247-0101分機438,24.927829,121.367179,三峽區
1650,新北市中和地政事務所,新北市中和區復興路280號,其他,本所1F大廳,480,1050,480,1050,480,1050,480,1050,480,1050,NaN,NaN,NaN,NaN,22755313#232,24.9904682,121.5023364,中和區
1651,新北市板橋區中山國民小學,新北市板橋區大觀路二段59巷31號,學校、大型集會場所,警衛室後方左側柱子,420,1080,420,1080,420,1080,420,1080,420,1080,420,1080,420,1080,02-22963625#302,25.0014964,121.4485866,板橋區
1652,新北市立泰山高級中學,新北市泰山區辭修路7號,學校、大型集會場所,警衛室,360,1320,360,1320,360,1320,360,1320,360,1320,360,1080,360,1080,29537868*8111,25.0570489,121.4295471,泰山區
1653,新北市立圖書館總館,新北市板橋區貴興路139號1樓,大型休閒場所,1樓大廳,510,1020,510,1260,510,1260,510,1260,510,1260,510,1260,510,1020,(02)2953-7868#8112,25.0014396,121.4551245,板橋區
1654,新北市立圖書館總館,新北市板橋區貴興路139號1樓,大型休閒場所,5樓服務櫃台,510,1020,510,1260,510,1260,510,1260,510,1260,510,1260,510,1020,988188572,25.0014396,121.4551245,板橋區
1655,新北市立圖書館板橋浮洲圖書閱覽室,新北市板橋區大觀路2段163號2樓,大型休閒場所,板橋浮洲圖書閱覽室,510,1020,510,1260,510,1260,510,1260,510,1260,510,1260,510,1020,(02)29142371,25.0004535,121.4453161,板橋區
1656,新北市立圖書館新店碧潭圖書閱覽室,新北市新店區新店路207號四樓,大型休閒場所,兒童室,510,1020,510,1260,510,1260,510,1260,510,1260,510,1260,510,1020,02-29814887,24.956793,121.537049,新店區
1657,新北市立圖書館三重分館,新北市三重區自強路一段158號,大型休閒場所,一樓櫃台,510,1020,510,1260,510,1260,510,1260,510,1260,510,1260,510,1020,02-29814887,25.0660582,121.4960469,三重區
1658,新北市立圖書館三重分館,新北市三重區自強路一段158號,大型休閒場所,三樓自修室,510,1020,510,1260,510,1260,510,1260,510,1260,510,1260,510,1020,(02)2988-5482,25.0660582,121.4960469,三重區
1659,新北市立圖書館三重田中分館,新北市三重區忠孝路3段40巷51號2樓,大型休閒場所,新北市立圖書館三重田中分館,510,1020,510,1260,510,1260,510,1260,510,1260,510,1260,510,1020,229736987,25.065531,121.483024,三重區
1660,新北市立圖書館三重崇德分館,新北市三重區仁孝街62號2樓,大型休閒場所,2樓參考書區旁,510,1020,510,1260,510,1260,510,1260,509,1260,510,1260,510,1020,229768729,25.0746292,121.497257,三重區
1661,新北市立圖書館三重南區分館,新北市三重區重安街70號三樓,大型休閒場所,三重南區分館,NaN,NaN,NaN,NaN,NaN,NaN,NaN,NaN,NaN,NaN,NaN,NaN,NaN,NaN,229768729,25.0569573,121.4916519,三重區
1662,新北市立圖書館三重培德分館,新北市三重區新北市三重區忠孝路2段35號,大型休閒場所,新北市立圖書館三重培德分館,NaN,NaN,NaN,NaN,NaN,NaN,NaN,NaN,NaN,NaN,NaN,NaN,NaN,NaN,(02)28575270,25.0715396,121.4858938,三重區
1663,新北市立圖書館三重東區分館,新北市三重區溪尾街303號,大型休閒場所,1樓雜誌報紙閱覽區,510,1020,510,1260,510,1260,510,1260,510,1260,510,1260,510,1020,229890559,25.083629,121.487597,三重區
1664,新北市立圖書館三重五常分館,新北市三重區五華街7巷30號2樓,大型休閒場所,新北市三重區五華街7巷30號2樓,510,1020,510,1260,510,1260,510,1260,510,1260,510,1260,510,1020,970711058,25.080785,121.4962682,三重區
1665,新北市立圖書館蘆洲永安圖書閱覽室,新北市蘆洲區永安南路二段134號2樓,大型休閒場所,蘆洲永安圖書閱覽室,510,1020,510,1260,510,1260,510,1260,510,1260,510,1260,510,1020,905494272,25.0786736,121.4627046,蘆洲區
1666,新北市立圖書館蘆洲長安分館,新北市蘆洲區長安街96號3樓,大型休閒場所,新北市立圖書館蘆洲長安分館,NaN,NaN,NaN,NaN,NaN,NaN,NaN,NaN,NaN,NaN,NaN,NaN,NaN,NaN,975623757,25.0806335,121.4619483,蘆洲區
1667,新北市立圖書館蘆洲集賢分館,新北市蘆洲區集賢路245號4樓,大型休閒場所,服務櫃檯旁邊,NaN,NaN,NaN,NaN,NaN,NaN,NaN,NaN,NaN,NaN,NaN,NaN,NaN,NaN,222888294,25.0848027,121.4817925,蘆洲區
1668,新北市立圖書館蘆洲兒童親子分館,新北市蘆洲區集賢路221巷11號2樓,大型休閒場所,2樓櫃台旁,NaN,NaN,NaN,NaN,NaN,NaN,NaN,NaN,NaN,NaN,NaN,NaN,NaN,NaN,22678901#9,25.0857186,121.483695,蘆洲區
1669,新北市立圖書館土城親子分館,新北市土城區中州路28巷30號4樓,大型休閒場所,土城親子分館視聽資料區,510,1020,510,1200,510,1200,510,1200,510,1200,510,1200,510,1020,22602952,24.9580658,121.4147093,土城區
1670,新北市立圖書館土城分館,新北市土城區中正路18號7樓,大型休閒場所,本館7樓入口處,510,1020,510,1260,510,1260,510,1260,510,1260,510,1260,510,1020,(02) 2265-3293,24.974946,121.443014,土城區
1671,新北市立圖書館土城清水圖書閱覽室,新北市土城區清水路243號2樓,大型休閒場所,新北市立圖書館土城清水圖書閱覽室,510,1020,510,1260,510,1260,510,1260,510,1260,510,1260,510,1260,22637037*9,24.9833572,121.4615801,土城區
1672,新北市立圖書館土城柑林埤圖書閱覽室,新北市土城區學享街55號3、4樓,大型休閒場所,新北市土城區學享街55號3樓,510,1020,510,1080,510,1080,510,1080,510,1080,510,1080,510,1020,(02)2673-5234,24.9870367,121.4519813,土城區
1673,新北市立圖書館三峽分館,新北市三峽區永安街9巷5號2樓,大型休閒場所,三峽分館地方文獻專區,510,1020,510,1260,510,1260,510,1260,510,1260,510,1260,510,1020,02-86715735,24.9296477,121.3764705,三峽區
1674,新北市立圖書館 三峽北大分館,新北市三峽區學成路396號3樓,大型休閒場所,三峽北大分館影印區,510,1020,510,1260,510,1260,510,1260,510,1260,510,1260,510,1020,(02)2680-2354,24.9439916,121.3779561,三峽區
1675,新北市立圖書館樹林柑園圖書閱覽室,新北市樹林區佳園路三段128號2樓,大型休閒場所,閱報區,510,1020,510,1260,510,1260,510,1260,510,1260,510,1260,510,1020,(02)26757321,24.9508465,121.3861024,樹林區
1676,新北市立圖書館樹林東昇分館,新北市樹林區中山路二段80號三樓,大型休閒場所,三樓閱覽室,510,1020,510,1260,510,1260,510,1260,510,1260,510,1260,510,1020,953585480,24.9840297,121.4151194,樹林區
1677,新北市立圖書館八里分館,新北市八里區舊城里舊城路19號5、6樓,大型休閒場所,新北市八里區舊城路19號5樓,510,1020,510,1260,510,1260,510,1260,510,1260,510,1260,510,1020,02-26224664#251,25.1465585,121.3997135,八里區
1678,新北市立圖書館淡水分館,新北市淡水區文化路65號,大型休閒場所,新北市立圖書館淡水分館3樓梯廳,NaN,NaN,NaN,NaN,NaN,NaN,NaN,NaN,NaN,NaN,NaN,NaN,NaN,NaN,912343270,25.1727794,121.4379157,淡水區
1679,新北市立圖書館三芝分館,新北市三芝區民生街31號4樓,大型休閒場所,新北市立圖書館三芝分館4樓,510,1020,510,1140,510,1140,510,1140,510,1140,510,1140,510,1020,02-26381202#11,25.2563646,121.5036538,三芝區
1680,新北市立圖書館石門分館,新北市石門區尖鹿里中央路9-3號2樓,大型休閒場所,新北市立圖書館-石門分館2樓,510,1020,510,1020,510,1020,510,1020,510,1020,510,1020,510,1020,(02)24984714,25.2921482,121.5672777,石門區
1681,新北市立圖書館金山分館,新北市金山區龜子山路8號,大型休閒場所,金山區五湖村龜子山8號,510,1020,510,1140,510,1140,510,1140,510,1140,510,1140,510,510,(02)24924490,25.2189292,121.639009,金山區
1682,新北市立圖書館萬里分館,新北市萬里區瑪鋉路221號4樓,大型休閒場所,辦公室門口,510,1020,510,1020,510,1020,510,1020,510,1020,510,1020,510,1020,932023917,25.1798139,121.6897431,萬里區
1683,新北市立圖書館貢寮分館,新北市貢寮區仁愛路79號3樓,大型休閒場所,新北市立圖書館貢寮分館,510,1020,510,1020,510,1020,510,1020,510,1020,510,1020,510,1020,24972980,25.0546659,121.9268279,貢寮區
1684,新北市立圖書館瑞芳分館,新北市瑞芳區民權街17號2樓,大型休閒場所,新北市瑞芳區民權街17號2樓,510,1020,510,1260,510,1260,510,1260,510,1260,510,1260,510,1020,02-24933768,25.1072412,121.8081812,瑞芳區
1685,新北市立圖書館雙溪分館,新北市雙溪區太平路50號3F,大型休閒場所,櫃台正前方,510,1020,510,1140,510,1140,510,1140,510,1140,510,1140,510,1020,912562352,25.035316,121.8646158,雙溪區
1686,新北市立圖書館平溪分館,新北市平溪區公園街17號3樓,大型休閒場所,本館一般閱讀區,510,1020,510,1020,510,1020,510,1020,510,1020,510,1020,510,1020,02-26657499,25.0248195,121.7372435,平溪區
1687,新北市立圖書館坪林分館,新北市坪林區國中路3號,大型休閒場所,圖書館一樓,510,1020,510,1020,510,1020,510,1020,510,1020,510,1020,510,1020,922665980,24.9370692,121.7127216,坪林區
1688,新北市立圖書館石碇分館,新北市石碇區潭邊里碇坪路一段65號,大型休閒場所,石碇分館,510,1020,510,1020,510,1020,510,1020,510,1020,510,1020,510,1020,933866118,24.9915776,121.6601545,石碇區
1689,新北市立圖書館深坑分館,新北市深坑區深坑街10號1樓,大型休閒場所,櫃台正前方,510,1020,510,1260,510,1260,510,1260,510,1260,510,1260,510,1260,(02)26415308,25.0025707,121.6159314,深坑區
1690,新北市立圖書館汐止分館,新北市汐止區新台五路一段268號5樓,大型休閒場所,新北市立圖書館汐止分館,510,1020,510,1260,510,1260,510,1260,510,1260,510,1260,510,1020,226427323,25.0641143,121.6585986,汐止區
1691,新北市立圖書館汐止大同分館,新北市汐止區大同路2段451號1樓,大型休閒場所,1樓櫃台前,510,1020,510,1260,510,1260,510,1260,510,1260,510,1260,510,1020,922422685,25.0677763,121.6591327,汐止區
1692,新北市立圖書館汐止江北分館,新北市汐止區汐萬路一段81號2樓,大型休閒場所,新北市立圖書館汐止江北分館,510,1020,510,1260,510,1260,510,1260,510,1260,510,1260,510,1020,(02)2678-0219#31,25.0700758,121.6545406,汐止區
1693,新北市立圖書館鶯歌分館,新北市鶯歌區中山路150號,大型休閒場所,裝置1樓櫃檯前方靠牆,480,1020,480,1260,480,1260,480,1260,480,1260,480,1260,480,1020,02-22070222,24.9574289,121.349591,鶯歌區
1694,新莊鴻金寶麻吉影城,新北市新莊區民安路188巷5號4樓,大型休閒場所,販賣部右前方,540,120,540,120,540,120,540,120,540,120,540,120,540,120,0229680612轉600,25.0230568,121.4247951,新莊區
1695,新北市板橋區國光國民小學,新北市板橋區中正路325巷30號,學校、大型集會場所,川堂,420,1080,420,1080,420,1080,420,1080,420,1080,NaN,NaN,NaN,NaN,0229680612轉600,25.0194107,121.4530821,板橋區
1696,新北市板橋區國光國民小學,新北市板橋區中正路325巷30號,學校、大型集會場所,健康中心,480,960,480,960,480,960,480,960,480,960,NaN,NaN,NaN,NaN,26812625,25.0194107,121.4530821,板橋區
1697,新北市樹林區文林國民小學,新北市樹林區千歲街59號,學校、大型集會場所,警衛室,480,1260,480,1260,480,1260,480,1260,480,1260,480,1140,480,1140,(02)7749-3117,24.9976792,121.4243462,樹林區
1698,國立臺灣師範大學林口校區,新北市林口區仁愛路1段2號,學校、大型集會場所,游泳池管理室旁,NaN,NaN,360,600,360,600,360,600,NaN,NaN,360,600,NaN,NaN,23815226#3891,25.0790108,121.3881378,林口區
1699,國營臺灣鐵路股份有限公司北區營運處臺北運務段板橋站,新北市板橋區縣民大道2段7號1樓,交通要衝,B1臺鐵東剪票口,300,1435,300,1435,300,1435,300,1435,300,1435,300,1435,300,1435,23815226#3891,25.01466,121.4636106,板橋區
1700,國營臺灣鐵路股份有限公司北區營運處臺北運務段板橋站,新北市板橋區縣民大道2段7號1樓,交通要衝,B2第2月台5車位置,300,1435,300,1435,300,1435,300,1435,300,1435,300,1435,300,1435,988346044,25.01466,121.4636106,板橋區
1701,白金花園酒店,新北市新店區安興路77號,旅宿場所,飯店一樓大廳,0,1439,0,1439,0,1439,0,1439,0,1439,0,1439,0,1439,956078524,24.9748452,121.515366,新店區
1702,捷運環狀線Y21施工站,新北市蘆洲區集賢路與信義街口,交通要衝,捷運環狀線Y21施工站,NaN,NaN,NaN,NaN,NaN,NaN,NaN,NaN,NaN,NaN,NaN,NaN,NaN,NaN,956078524,25.0873179,121.4835,蘆洲區
1703,捷運環狀線Y22施工站,新北市三重區集賢路,交通要衝,捷運環狀線Y22施工站,NaN,NaN,NaN,NaN,NaN,NaN,NaN,NaN,NaN,NaN,NaN,NaN,NaN,NaN,956078524,25.0879043,121.4931961,三重區
1704,捷運環狀線Y23施工站,新北市三重區集賢路,交通要衝,捷運環狀線Y23施工站,NaN,NaN,NaN,NaN,NaN,NaN,NaN,NaN,NaN,NaN,NaN,NaN,NaN,NaN,226705308,25.0879043,121.4931961,三重區
1705,國立臺灣工藝研究發展中心鶯歌多媒材研發分館,新北市鶯歌區鳳鳴路160號,其他,1樓穿堂,540,1050,540,1050,540,1050,540,1050,540,1050,NaN,NaN,NaN,NaN,222686800,24.9672381,121.3353104,鶯歌區
1706,新北市土城區頂埔國民小學,新北市土城區中央路四段205號,學校、大型集會場所,麗日樓1樓健康中心走廊,420,1320,420,1320,420,1320,420,1320,420,1320,NaN,NaN,NaN,NaN,222686800,24.9554044,121.4150815,土城區
1707,新北市土城區頂埔國民小學,新北市土城區中央路四段205號,學校、大型集會場所,學校大門-警衛室門口,420,1320,420,1320,420,1320,420,1320,420,1320,NaN,NaN,NaN,NaN,938521350,24.9554044,121.4150815,土城區
1708,新光人壽保險股份有限公司,新北市板橋區中山路一段141號,其他,新板金融大樓8樓,540,1020,540,1020,540,1020,540,1020,540,1020,NaN,NaN,NaN,NaN,938521350,25.0113195,121.463678,板橋區
1709,新光人壽保險股份有限公司,新北市板橋區中山路一段141號,其他,新板金融大樓9樓健康中心,540,1020,540,1020,540,1020,540,1020,540,1020,NaN,NaN,NaN,NaN,02-22171221#223,25.0113195,121.463678,板橋區
1710,中央印製廠青潭廠區,新北市新店區北宜路二段200號,其他,204廠房中庭,480,1010,480,1010,480,1010,480,1010,480,1010,NaN,NaN,NaN,NaN,226382745,24.9533259,121.5594377,新店區
1711,阿里磅生態休閒農場,新北市石門區阿里磅82-1號,觀光旅遊地區,辦公室,540,1080,540,1080,540,1080,540,1080,540,1080,540,1080,540,1080,22453000-232,25.25236,121.590091,石門區
1712,新北市南山高級中學,新北市中和區廣福路41號,學校、大型集會場所,健康中心門口,480,1260,480,1260,480,1260,480,1260,480,1260,480,1020,480,1020,22816202#110,25.0016727,121.5034654,中和區
1713,新北市蘆洲區蘆洲國民小學,新北市蘆洲區中正路100號,學校、大型集會場所,警衛室,NaN,NaN,NaN,NaN,NaN,NaN,NaN,NaN,NaN,NaN,NaN,NaN,NaN,NaN,936831059,25.0844063,121.4698633,蘆洲區
1714,華新麗華股份有限公司新莊廠,新北市新莊區新樹路256號,其他,新莊二廠警衛室,465,1005,465,1005,465,1005,465,1005,465,1005,NaN,NaN,NaN,NaN,02-26667490#18,25.0160519,121.4326141,新莊區
1715,新北市新店區屈尺國民小學,新北市新店區屈尺路55號,學校、大型集會場所,活動中心門口,420,1020,420,1020,420,1020,420,1020,420,1020,420,960,420,960,987141252,24.9224912,121.5462236,新店區
1716,交通部觀光署東北角及宜蘭海岸國家風景區管理處福隆遊客中心,新北市貢寮區福隆里興隆街38號,觀光旅遊地區,福隆遊客中心大廳櫃台前,540,1020,540,1020,540,1020,540,1020,540,1020,540,1020,540,1020,910737681,25.0171682,121.9424376,貢寮區
1717,113年新北市轄內橋梁耐震補強暨維修改善工程－浮洲橋,新北市板橋區機車專用道23號旁,大型休閒場所,警衛亭,480,1050,480,1050,480,1050,480,1050,480,1050,480,1020,480,1020,02-2499-2381#7376,24.994997,121.4415392,板橋區
1718,福容大飯店 福隆,新北市貢寮區福隆里福隆街41號,旅宿場所,露天泳池入口,0,1439,0,1439,0,1439,0,1439,0,1439,0,1439,0,1439,02-2499-2381#7376,25.0184044,121.9439413,貢寮區
1719,福容大飯店 福隆,新北市貢寮區福隆里福隆街41號,旅宿場所,大廳櫃檯,0,1439,0,1439,0,1439,0,1439,0,1439,0,1439,0,1439,02-2499-2381#7376,25.0184044,121.9439413,貢寮區
1720,福容大飯店 福隆,新北市貢寮區福隆里福隆街41號,旅宿場所,三溫暖,0,1439,0,1439,0,1439,0,1439,0,1439,0,1439,0,1439,28052695分機825,25.0184044,121.9439413,貢寮區
1721,新北市淡水區天生國民小學,新北市淡水區淡海路72巷26號,學校、大型集會場所,行政大樓一樓穿堂,450,1080,450,1080,450,1080,450,1080,450,1080,450,1080,450,1080,02-26362005轉119,25.1814742,121.4243299,淡水區
1722,新北市三芝區三芝國民小學,新北市三芝區育英街22號,學校、大型集會場所,養品樓一樓廚房前走廊,420,900,420,900,420,900,420,900,420,900,480,720,480,720,02-26362005轉119,25.2577275,121.5028496,三芝區
1723,新北市三芝區三芝國民小學,新北市三芝區育英街22號,學校、大型集會場所,輔導室走廊前,420,1080,420,1080,420,1080,420,1080,420,1080,480,720,480,720,26805557#119,25.2577275,121.5028496,三芝區
1724,新北市樹林區育德國民小學,新北市樹林區佳園路一段34號,學校、大型集會場所,育德國小警衛室內,480,960,480,960,480,960,480,960,480,960,NaN,NaN,NaN,NaN,02-22811484,24.9708726,121.3925044,樹林區
1725,新北市蘆洲區民生市民活動中心,新北市蘆洲區民生街129巷14號,其他,活動中心場館內,0,0,480,1020,480,1020,480,1020,480,1020,480,1020,0,0,02-22811484,25.0784534,121.4728474,蘆洲區
1726,新北市蘆洲區正義市民活動中心,新北市蘆洲區光明路88巷5號,其他,場館內,0,0,480,1020,480,1020,480,1020,480,1020,480,1020,0,0,02-22811484,25.0876139,121.4630746,蘆洲區
1727,新北市蘆洲區得仁市民活動中心,新北市蘆洲區中山一路415號6樓,其他,場館內部,0,0,480,1020,480,1020,480,1020,480,1020,480,1020,0,0,02-22811484,25.0766798,121.4691529,蘆洲區
1728,新北市蘆洲區集賢市民活動中心,新北市蘆洲區集賢路245號7樓之1,其他,活動中心大禮堂內,0,0,480,1020,480,1020,480,1020,480,1020,480,1020,0,0,02-85128228,25.0848027,121.4817925,蘆洲區
1729,新北市康橋國際學校林口校區,新北市林口區興林路55號,學校、大型集會場所,中學樓五樓,480,1020,480,1020,480,1020,480,1020,480,1020,NaN,NaN,NaN,NaN,958534844,25.0740524,121.3899708,林口區
1730,宏匯廣場,新北市新莊區新北大道四段3號1樓,大型購物場所,宏匯廣場B2,660,1290,660,1290,660,1290,660,1290,660,1320,660,1320,660,1290,29730392-210,25.0596783,121.4495726,新莊區
1731,新北市三重區光榮國民小學,新北市三重區介壽路32號,學校、大型集會場所,健康中心門口,510,960,510,960,510,960,510,960,510,960,NaN,NaN,NaN,NaN,0931-228556,25.072308,121.500557,三重區
1732,全國電子股份有限公司（總公司）,新北市五股區五工六路55號,其他,本公司大廳,540,1080,540,1080,540,1080,540,1080,540,1080,NaN,NaN,NaN,NaN,02-29851121*270.271,25.0685965,121.4461253,五股區
1733,新北市立碧華國民中學,新北市三重區三信路166號,學校、大型集會場所,新北市立碧華國中校門口警衛室,480,1200,480,1200,480,1200,480,1200,480,1200,480,1020,480,1020,22858998*836,25.087378,121.4889516,三重區
1734,新北市蘆洲區成功國民小學,新北市蘆洲區長安街311號,學校、大型集會場所,成功國小警衛室,450,1050,450,1050,450,1050,450,1050,450,1050,NaN,NaN,NaN,NaN,22058866＃883,25.0859832,121.457424,蘆洲區
1735,新北市新莊區光華國民小學,新北市新莊區龍安路452號,學校、大型集會場所,健康中心旁,360,1320,360,1320,360,1320,360,1320,360,1320,360,1320,360,1320,02-29686834*829,25.0181531,121.4246515,新莊區
1736,新北市板橋區板橋國民小學,新北市板橋區文化路一段23號,學校、大型集會場所,活動中心一樓,480,1080,480,1080,480,1080,480,1080,480,1080,NaN,NaN,NaN,NaN,,25.0111002,121.4580067,板橋區
